MPQPath,Sources
Character\Naga_\FacialLowerHair00_00.blp,ruRU/locale-ruRU.mpq:DBFilesClient\CharSections.dbc | ruRU/patch-ruRU-4.mpq:DBFilesClient\CharSections.dbc
Character\Naga_\FacialUpperHair00_00.blp,ruRU/locale-ruRU.mpq:DBFilesClient\CharSections.dbc | ruRU/patch-ruRU-4.mpq:DBFilesClient\CharSections.dbc
CHARACTER\Naga_\Female\Naga_Female.m2,ruRU/locale-ruRU.mpq:DBFilesClient\CreatureModelData.dbc [mdx->m2] | ruRU/patch-ruRU-4.mpq:DBFilesClient\CreatureModelData.dbc [mdx->m2]
CHARACTER\Naga_\Female\Naga_Female.mdx,ruRU/locale-ruRU.mpq:DBFilesClient\CreatureModelData.dbc | ruRU/patch-ruRU-4.mpq:DBFilesClient\CreatureModelData.dbc
Character\Naga_\Female\Naga_FemaleFaceLower00_00.blp,ruRU/locale-ruRU.mpq:DBFilesClient\CharSections.dbc | ruRU/patch-ruRU-4.mpq:DBFilesClient\CharSections.dbc
Character\Naga_\Female\Naga_FemaleFaceLower00_01.blp,ruRU/locale-ruRU.mpq:DBFilesClient\CharSections.dbc | ruRU/patch-ruRU-4.mpq:DBFilesClient\CharSections.dbc
Character\Naga_\Female\Naga_FemaleFaceLower00_02.blp,ruRU/locale-ruRU.mpq:DBFilesClient\CharSections.dbc | ruRU/patch-ruRU-4.mpq:DBFilesClient\CharSections.dbc
Character\Naga_\Female\Naga_FemaleFaceLower00_03.blp,ruRU/locale-ruRU.mpq:DBFilesClient\CharSections.dbc | ruRU/patch-ruRU-4.mpq:DBFilesClient\CharSections.dbc
Character\Naga_\Female\Naga_FemaleFaceLower00_04.blp,ruRU/locale-ruRU.mpq:DBFilesClient\CharSections.dbc | ruRU/patch-ruRU-4.mpq:DBFilesClient\CharSections.dbc
Character\Naga_\Female\Naga_FemaleFaceUpper00_00.blp,ruRU/locale-ruRU.mpq:DBFilesClient\CharSections.dbc | ruRU/patch-ruRU-4.mpq:DBFilesClient\CharSections.dbc
Character\Naga_\Female\Naga_FemaleFaceUpper00_01.blp,ruRU/locale-ruRU.mpq:DBFilesClient\CharSections.dbc | ruRU/patch-ruRU-4.mpq:DBFilesClient\CharSections.dbc
Character\Naga_\Female\Naga_FemaleFaceUpper00_02.blp,ruRU/locale-ruRU.mpq:DBFilesClient\CharSections.dbc | ruRU/patch-ruRU-4.mpq:DBFilesClient\CharSections.dbc
Character\Naga_\Female\Naga_FemaleFaceUpper00_03.blp,ruRU/locale-ruRU.mpq:DBFilesClient\CharSections.dbc | ruRU/patch-ruRU-4.mpq:DBFilesClient\CharSections.dbc
Character\Naga_\Female\Naga_FemaleFaceUpper00_04.blp,ruRU/locale-ruRU.mpq:DBFilesClient\CharSections.dbc | ruRU/patch-ruRU-4.mpq:DBFilesClient\CharSections.dbc
Character\Naga_\Female\Naga_FemaleNakedPelvisSkin00_00.blp,ruRU/locale-ruRU.mpq:DBFilesClient\CharSections.dbc | ruRU/patch-ruRU-4.mpq:DBFilesClient\CharSections.dbc
Character\Naga_\Female\Naga_FemaleNakedPelvisSkin00_01.blp,ruRU/locale-ruRU.mpq:DBFilesClient\CharSections.dbc | ruRU/patch-ruRU-4.mpq:DBFilesClient\CharSections.dbc
Character\Naga_\Female\Naga_FemaleNakedPelvisSkin00_02.blp,ruRU/locale-ruRU.mpq:DBFilesClient\CharSections.dbc | ruRU/patch-ruRU-4.mpq:DBFilesClient\CharSections.dbc
Character\Naga_\Female\Naga_FemaleNakedPelvisSkin00_03.blp,ruRU/locale-ruRU.mpq:DBFilesClient\CharSections.dbc | ruRU/patch-ruRU-4.mpq:DBFilesClient\CharSections.dbc
Character\Naga_\Female\Naga_FemaleNakedPelvisSkin00_04.blp,ruRU/locale-ruRU.mpq:DBFilesClient\CharSections.dbc | ruRU/patch-ruRU-4.mpq:DBFilesClient\CharSections.dbc
Character\Naga_\Female\Naga_FemaleNakedTorsoSkin00_00.blp,ruRU/locale-ruRU.mpq:DBFilesClient\CharSections.dbc | ruRU/patch-ruRU-4.mpq:DBFilesClient\CharSections.dbc
Character\Naga_\Female\Naga_FemaleNakedTorsoSkin00_01.blp,ruRU/locale-ruRU.mpq:DBFilesClient\CharSections.dbc | ruRU/patch-ruRU-4.mpq:DBFilesClient\CharSections.dbc
Character\Naga_\Female\Naga_FemaleNakedTorsoSkin00_02.blp,ruRU/locale-ruRU.mpq:DBFilesClient\CharSections.dbc | ruRU/patch-ruRU-4.mpq:DBFilesClient\CharSections.dbc
Character\Naga_\Female\Naga_FemaleNakedTorsoSkin00_03.blp,ruRU/locale-ruRU.mpq:DBFilesClient\CharSections.dbc | ruRU/patch-ruRU-4.mpq:DBFilesClient\CharSections.dbc
Character\Naga_\Female\Naga_FemaleNakedTorsoSkin00_04.blp,ruRU/locale-ruRU.mpq:DBFilesClient\CharSections.dbc | ruRU/patch-ruRU-4.mpq:DBFilesClient\CharSections.dbc
Character\Naga_\Female\Naga_FemaleSkin00_00_Extra.blp,ruRU/locale-ruRU.mpq:DBFilesClient\CharSections.dbc | ruRU/patch-ruRU-4.mpq:DBFilesClient\CharSections.dbc
Character\Naga_\Female\Naga_FemaleSkin00_00.blp,ruRU/locale-ruRU.mpq:DBFilesClient\CharSections.dbc | ruRU/patch-ruRU-4.mpq:DBFilesClient\CharSections.dbc
Character\Naga_\Female\Naga_FemaleSkin00_01_Extra.blp,ruRU/locale-ruRU.mpq:DBFilesClient\CharSections.dbc | ruRU/patch-ruRU-4.mpq:DBFilesClient\CharSections.dbc
Character\Naga_\Female\Naga_FemaleSkin00_01.blp,ruRU/locale-ruRU.mpq:DBFilesClient\CharSections.dbc | ruRU/patch-ruRU-4.mpq:DBFilesClient\CharSections.dbc
Character\Naga_\Female\Naga_FemaleSkin00_02_Extra.blp,ruRU/locale-ruRU.mpq:DBFilesClient\CharSections.dbc | ruRU/patch-ruRU-4.mpq:DBFilesClient\CharSections.dbc
Character\Naga_\Female\Naga_FemaleSkin00_02.blp,ruRU/locale-ruRU.mpq:DBFilesClient\CharSections.dbc | ruRU/patch-ruRU-4.mpq:DBFilesClient\CharSections.dbc
Character\Naga_\Female\Naga_FemaleSkin00_03_Extra.blp,ruRU/locale-ruRU.mpq:DBFilesClient\CharSections.dbc | ruRU/patch-ruRU-4.mpq:DBFilesClient\CharSections.dbc
Character\Naga_\Female\Naga_FemaleSkin00_03.blp,ruRU/locale-ruRU.mpq:DBFilesClient\CharSections.dbc | ruRU/patch-ruRU-4.mpq:DBFilesClient\CharSections.dbc
Character\Naga_\Female\Naga_FemaleSkin00_04_Extra.blp,ruRU/locale-ruRU.mpq:DBFilesClient\CharSections.dbc | ruRU/patch-ruRU-4.mpq:DBFilesClient\CharSections.dbc
Character\Naga_\Female\Naga_FemaleSkin00_04.blp,ruRU/locale-ruRU.mpq:DBFilesClient\CharSections.dbc | ruRU/patch-ruRU-4.mpq:DBFilesClient\CharSections.dbc
Character\Naga_\Hair00_00.blp,ruRU/locale-ruRU.mpq:DBFilesClient\CharSections.dbc | ruRU/patch-ruRU-4.mpq:DBFilesClient\CharSections.dbc
character\naga_\male\armorreflect4.blp,patch-5.MPQ:creature\Nagamale_HD\naga_male.m2 | patch-5.MPQ:Creature\Nagas\NagaHeavyMelee\NagaHeavyMelee.m2 | patch-5.MPQ:Creature\Nagas\NagaLightMelee\NagaLightMelee.m2
CHARACTER\Naga_\Male\Naga_Male.m2,ruRU/locale-ruRU.mpq:DBFilesClient\CreatureModelData.dbc [mdx->m2] | ruRU/patch-ruRU-4.mpq:DBFilesClient\CreatureModelData.dbc [mdx->m2]
CHARACTER\Naga_\Male\Naga_Male.mdx,ruRU/locale-ruRU.mpq:DBFilesClient\CreatureModelData.dbc | ruRU/patch-ruRU-4.mpq:DBFilesClient\CreatureModelData.dbc
Character\Naga_\Male\Naga_MaleFaceLower00_00.blp,ruRU/locale-ruRU.mpq:DBFilesClient\CharSections.dbc | ruRU/patch-ruRU-4.mpq:DBFilesClient\CharSections.dbc
Character\Naga_\Male\Naga_MaleFaceLower00_01.blp,ruRU/locale-ruRU.mpq:DBFilesClient\CharSections.dbc | ruRU/patch-ruRU-4.mpq:DBFilesClient\CharSections.dbc
Character\Naga_\Male\Naga_MaleFaceLower00_02.blp,ruRU/locale-ruRU.mpq:DBFilesClient\CharSections.dbc | ruRU/patch-ruRU-4.mpq:DBFilesClient\CharSections.dbc
Character\Naga_\Male\Naga_MaleFaceLower00_03.blp,ruRU/locale-ruRU.mpq:DBFilesClient\CharSections.dbc | ruRU/patch-ruRU-4.mpq:DBFilesClient\CharSections.dbc
Character\Naga_\Male\Naga_MaleFaceLower00_04.blp,ruRU/locale-ruRU.mpq:DBFilesClient\CharSections.dbc | ruRU/patch-ruRU-4.mpq:DBFilesClient\CharSections.dbc
Character\Naga_\Male\Naga_MaleFaceUpper00_00.blp,ruRU/locale-ruRU.mpq:DBFilesClient\CharSections.dbc | ruRU/patch-ruRU-4.mpq:DBFilesClient\CharSections.dbc
Character\Naga_\Male\Naga_MaleFaceUpper00_01.blp,ruRU/locale-ruRU.mpq:DBFilesClient\CharSections.dbc | ruRU/patch-ruRU-4.mpq:DBFilesClient\CharSections.dbc
Character\Naga_\Male\Naga_MaleFaceUpper00_02.blp,ruRU/locale-ruRU.mpq:DBFilesClient\CharSections.dbc | ruRU/patch-ruRU-4.mpq:DBFilesClient\CharSections.dbc
Character\Naga_\Male\Naga_MaleFaceUpper00_03.blp,ruRU/locale-ruRU.mpq:DBFilesClient\CharSections.dbc | ruRU/patch-ruRU-4.mpq:DBFilesClient\CharSections.dbc
Character\Naga_\Male\Naga_MaleFaceUpper00_04.blp,ruRU/locale-ruRU.mpq:DBFilesClient\CharSections.dbc | ruRU/patch-ruRU-4.mpq:DBFilesClient\CharSections.dbc
Character\Naga_\Male\Naga_MaleNakedPelvisSkin00_00.blp,ruRU/locale-ruRU.mpq:DBFilesClient\CharSections.dbc | ruRU/patch-ruRU-4.mpq:DBFilesClient\CharSections.dbc
Character\Naga_\Male\Naga_MaleNakedPelvisSkin00_01.blp,ruRU/locale-ruRU.mpq:DBFilesClient\CharSections.dbc | ruRU/patch-ruRU-4.mpq:DBFilesClient\CharSections.dbc
Character\Naga_\Male\Naga_MaleNakedPelvisSkin00_02.blp,ruRU/locale-ruRU.mpq:DBFilesClient\CharSections.dbc | ruRU/patch-ruRU-4.mpq:DBFilesClient\CharSections.dbc
Character\Naga_\Male\Naga_MaleNakedPelvisSkin00_03.blp,ruRU/locale-ruRU.mpq:DBFilesClient\CharSections.dbc | ruRU/patch-ruRU-4.mpq:DBFilesClient\CharSections.dbc
Character\Naga_\Male\Naga_MaleNakedPelvisSkin00_04.blp,ruRU/locale-ruRU.mpq:DBFilesClient\CharSections.dbc | ruRU/patch-ruRU-4.mpq:DBFilesClient\CharSections.dbc
Character\Naga_\Male\Naga_MaleNakedTorsoSkin00_00.blp,ruRU/locale-ruRU.mpq:DBFilesClient\CharSections.dbc | ruRU/patch-ruRU-4.mpq:DBFilesClient\CharSections.dbc
Character\Naga_\Male\Naga_MaleNakedTorsoSkin00_01.blp,ruRU/locale-ruRU.mpq:DBFilesClient\CharSections.dbc | ruRU/patch-ruRU-4.mpq:DBFilesClient\CharSections.dbc
Character\Naga_\Male\Naga_MaleNakedTorsoSkin00_02.blp,ruRU/locale-ruRU.mpq:DBFilesClient\CharSections.dbc | ruRU/patch-ruRU-4.mpq:DBFilesClient\CharSections.dbc
Character\Naga_\Male\Naga_MaleNakedTorsoSkin00_03.blp,ruRU/locale-ruRU.mpq:DBFilesClient\CharSections.dbc | ruRU/patch-ruRU-4.mpq:DBFilesClient\CharSections.dbc
Character\Naga_\Male\Naga_MaleNakedTorsoSkin00_04.blp,ruRU/locale-ruRU.mpq:DBFilesClient\CharSections.dbc | ruRU/patch-ruRU-4.mpq:DBFilesClient\CharSections.dbc
Character\Naga_\Male\Naga_MaleSkin00_00_Extra.blp,ruRU/locale-ruRU.mpq:DBFilesClient\CharSections.dbc | ruRU/patch-ruRU-4.mpq:DBFilesClient\CharSections.dbc
Character\Naga_\Male\Naga_MaleSkin00_00.blp,ruRU/locale-ruRU.mpq:DBFilesClient\CharSections.dbc | ruRU/patch-ruRU-4.mpq:DBFilesClient\CharSections.dbc
Character\Naga_\Male\Naga_MaleSkin00_01_Extra.blp,ruRU/locale-ruRU.mpq:DBFilesClient\CharSections.dbc | ruRU/patch-ruRU-4.mpq:DBFilesClient\CharSections.dbc
Character\Naga_\Male\Naga_MaleSkin00_01.blp,ruRU/locale-ruRU.mpq:DBFilesClient\CharSections.dbc | ruRU/patch-ruRU-4.mpq:DBFilesClient\CharSections.dbc | patch-p.mpq:character\NagaSirusHD\male\Snaga_male.m2 | patch-q.mpq:character\NagaSirusHD\male\Snaga_male.m2
Character\Naga_\Male\Naga_MaleSkin00_02_Extra.blp,ruRU/locale-ruRU.mpq:DBFilesClient\CharSections.dbc | ruRU/patch-ruRU-4.mpq:DBFilesClient\CharSections.dbc
Character\Naga_\Male\Naga_MaleSkin00_02.blp,ruRU/locale-ruRU.mpq:DBFilesClient\CharSections.dbc | ruRU/patch-ruRU-4.mpq:DBFilesClient\CharSections.dbc
Character\Naga_\Male\Naga_MaleSkin00_03_Extra.blp,ruRU/locale-ruRU.mpq:DBFilesClient\CharSections.dbc | ruRU/patch-ruRU-4.mpq:DBFilesClient\CharSections.dbc
Character\Naga_\Male\Naga_MaleSkin00_03.blp,ruRU/locale-ruRU.mpq:DBFilesClient\CharSections.dbc | ruRU/patch-ruRU-4.mpq:DBFilesClient\CharSections.dbc
Character\Naga_\Male\Naga_MaleSkin00_04_Extra.blp,ruRU/locale-ruRU.mpq:DBFilesClient\CharSections.dbc | ruRU/patch-ruRU-4.mpq:DBFilesClient\CharSections.dbc
Character\Naga_\Male\Naga_MaleSkin00_04.blp,ruRU/locale-ruRU.mpq:DBFilesClient\CharSections.dbc | ruRU/patch-ruRU-4.mpq:DBFilesClient\CharSections.dbc
Character\Naga_\ScalpLowerHair00_00.blp,ruRU/locale-ruRU.mpq:DBFilesClient\CharSections.dbc | ruRU/patch-ruRU-4.mpq:DBFilesClient\CharSections.dbc
Character\Naga_\ScalpUpperHair00_00.blp,ruRU/locale-ruRU.mpq:DBFilesClient\CharSections.dbc | ruRU/patch-ruRU-4.mpq:DBFilesClient\CharSections.dbc
Character\Naga_old\Female\Naga_Female.m2,ruRU/patch-ruRU-4.mpq:DBFilesClient\CreatureModelData.dbc [mdx->m2]
Character\Naga_old\Female\Naga_Female.mdx,ruRU/patch-ruRU-4.mpq:DBFilesClient\CreatureModelData.dbc
Character\Naga_old\Male\Naga_Male.m2,ruRU/patch-ruRU-4.mpq:DBFilesClient\CreatureModelData.dbc [mdx->m2]
Character\Naga_old\Male\Naga_Male.mdx,ruRU/patch-ruRU-4.mpq:DBFilesClient\CreatureModelData.dbc
Character\Naga\Female\Naga_HD_Female.m2,ruRU/patch-ruRU-4.mpq:DBFilesClient\CreatureModelData.dbc [mdx->m2]
Character\Naga\Female\Naga_HD_Female.mdx,ruRU/patch-ruRU-4.mpq:DBFilesClient\CreatureModelData.dbc
Character\Naga\Male\Naga_HD_Male.m2,ruRU/patch-ruRU-4.mpq:DBFilesClient\CreatureModelData.dbc [mdx->m2]
Character\Naga\Male\Naga_HD_Male.mdx,ruRU/patch-ruRU-4.mpq:DBFilesClient\CreatureModelData.dbc
character\NagaSirusHD\female\naga_femaleLowerFace00_00.blp,ruRU/patch-ruRU-4.mpq:DBFilesClient\CharSections.dbc
character\NagaSirusHD\female\naga_femaleLowerFace00_01.blp,ruRU/patch-ruRU-4.mpq:DBFilesClient\CharSections.dbc
character\NagaSirusHD\female\naga_femaleLowerFace00_02.blp,ruRU/patch-ruRU-4.mpq:DBFilesClient\CharSections.dbc
character\NagaSirusHD\female\naga_femaleLowerFace00_03.blp,ruRU/patch-ruRU-4.mpq:DBFilesClient\CharSections.dbc
character\NagaSirusHD\female\naga_femaleLowerFace00_04.blp,ruRU/patch-ruRU-4.mpq:DBFilesClient\CharSections.dbc
character\NagaSirusHD\female\naga_femaleLowerFace00_05.blp,ruRU/patch-ruRU-4.mpq:DBFilesClient\CharSections.dbc
character\NagaSirusHD\female\naga_femaleLowerFace00_06.blp,ruRU/patch-ruRU-4.mpq:DBFilesClient\CharSections.dbc
character\NagaSirusHD\female\naga_femaleLowerFace00_07.blp,ruRU/patch-ruRU-4.mpq:DBFilesClient\CharSections.dbc
character\NagaSirusHD\female\naga_femaleLowerFace00_08.blp,ruRU/patch-ruRU-4.mpq:DBFilesClient\CharSections.dbc
character\NagaSirusHD\female\naga_femaleLowerFace00_09.blp,ruRU/patch-ruRU-4.mpq:DBFilesClient\CharSections.dbc
character\NagaSirusHD\female\naga_femaleLowerFace00_10.blp,ruRU/patch-ruRU-4.mpq:DBFilesClient\CharSections.dbc
character\NagaSirusHD\female\naga_femaleLowerFace00_11.blp,ruRU/patch-ruRU-4.mpq:DBFilesClient\CharSections.dbc
character\NagaSirusHD\female\naga_femaleLowerFaceDK00_00.blp,ruRU/patch-ruRU-4.mpq:DBFilesClient\CharSections.dbc
character\NagaSirusHD\female\naga_femaleLowerFaceDK00_01.blp,ruRU/patch-ruRU-4.mpq:DBFilesClient\CharSections.dbc
character\NagaSirusHD\female\naga_femaleLowerFaceDK00_02.blp,ruRU/patch-ruRU-4.mpq:DBFilesClient\CharSections.dbc
character\NagaSirusHD\female\naga_femaleLowerFaceDK00_03.blp,ruRU/patch-ruRU-4.mpq:DBFilesClient\CharSections.dbc
character\NagaSirusHD\female\naga_femaleLowerFaceDK00_04.blp,ruRU/patch-ruRU-4.mpq:DBFilesClient\CharSections.dbc
character\NagaSirusHD\female\naga_femaleskin00_00.blp,ruRU/patch-ruRU-4.mpq:DBFilesClient\CharSections.dbc | patch-p.mpq:character\NagaSirusHD\female\Snaga_Female.m2 | patch-q.mpq:character\NagaSirusHD\female\Snaga_Female.m2
character\NagaSirusHD\female\naga_femaleskin00_01.blp,ruRU/patch-ruRU-4.mpq:DBFilesClient\CharSections.dbc
character\NagaSirusHD\female\naga_femaleskin00_02.blp,ruRU/patch-ruRU-4.mpq:DBFilesClient\CharSections.dbc
character\NagaSirusHD\female\naga_femaleskin00_03.blp,ruRU/patch-ruRU-4.mpq:DBFilesClient\CharSections.dbc
character\NagaSirusHD\female\naga_femaleskin00_04.blp,ruRU/patch-ruRU-4.mpq:DBFilesClient\CharSections.dbc
character\NagaSirusHD\female\naga_femaleskin00_05.blp,ruRU/patch-ruRU-4.mpq:DBFilesClient\CharSections.dbc
character\NagaSirusHD\female\naga_femaleskin00_06.blp,ruRU/patch-ruRU-4.mpq:DBFilesClient\CharSections.dbc
character\NagaSirusHD\female\naga_femaleskin00_07.blp,ruRU/patch-ruRU-4.mpq:DBFilesClient\CharSections.dbc
character\NagaSirusHD\female\naga_femaleskin00_08.blp,ruRU/patch-ruRU-4.mpq:DBFilesClient\CharSections.dbc
character\NagaSirusHD\female\naga_femaleskin00_09.blp,ruRU/patch-ruRU-4.mpq:DBFilesClient\CharSections.dbc
character\NagaSirusHD\female\naga_femaleskin00_10.blp,ruRU/patch-ruRU-4.mpq:DBFilesClient\CharSections.dbc
character\NagaSirusHD\female\naga_femaleskin00_11.blp,ruRU/patch-ruRU-4.mpq:DBFilesClient\CharSections.dbc
character\NagaSirusHD\female\naga_femaleskinDK00_00.blp,ruRU/patch-ruRU-4.mpq:DBFilesClient\CharSections.dbc
character\NagaSirusHD\female\naga_femaleskinDK00_01.blp,ruRU/patch-ruRU-4.mpq:DBFilesClient\CharSections.dbc
character\NagaSirusHD\female\naga_femaleskinDK00_02.blp,ruRU/patch-ruRU-4.mpq:DBFilesClient\CharSections.dbc
character\NagaSirusHD\female\naga_femaleskinDK00_03.blp,ruRU/patch-ruRU-4.mpq:DBFilesClient\CharSections.dbc
character\NagaSirusHD\female\naga_femaleskinDK00_04.blp,ruRU/patch-ruRU-4.mpq:DBFilesClient\CharSections.dbc
character\NagaSirusHD\female\naga_femaleSkinExtra_00_00.blp,ruRU/patch-ruRU-4.mpq:DBFilesClient\CharSections.dbc
character\NagaSirusHD\female\naga_femaleSkinExtra_00_01.blp,ruRU/patch-ruRU-4.mpq:DBFilesClient\CharSections.dbc
character\NagaSirusHD\female\naga_femaleSkinExtra_00_02.blp,ruRU/patch-ruRU-4.mpq:DBFilesClient\CharSections.dbc
character\NagaSirusHD\female\naga_femaleSkinExtra_00_03.blp,ruRU/patch-ruRU-4.mpq:DBFilesClient\CharSections.dbc
character\NagaSirusHD\female\naga_femaleSkinExtra_00_04.blp,ruRU/patch-ruRU-4.mpq:DBFilesClient\CharSections.dbc
character\NagaSirusHD\female\naga_femaleSkinExtra_00_05.blp,ruRU/patch-ruRU-4.mpq:DBFilesClient\CharSections.dbc
character\NagaSirusHD\female\naga_femaleSkinExtra_00_06.blp,ruRU/patch-ruRU-4.mpq:DBFilesClient\CharSections.dbc
character\NagaSirusHD\female\naga_femaleSkinExtra_00_07.blp,ruRU/patch-ruRU-4.mpq:DBFilesClient\CharSections.dbc
character\NagaSirusHD\female\naga_femaleSkinExtra_00_08.blp,ruRU/patch-ruRU-4.mpq:DBFilesClient\CharSections.dbc
character\NagaSirusHD\female\naga_femaleSkinExtra_00_09.blp,ruRU/patch-ruRU-4.mpq:DBFilesClient\CharSections.dbc
character\NagaSirusHD\female\naga_femaleSkinExtra_00_10.blp,ruRU/patch-ruRU-4.mpq:DBFilesClient\CharSections.dbc
character\NagaSirusHD\female\naga_femaleSkinExtra_00_11.blp,ruRU/patch-ruRU-4.mpq:DBFilesClient\CharSections.dbc
character\NagaSirusHD\female\naga_femaleSkinExtra_01_00.blp,ruRU/patch-ruRU-4.mpq:DBFilesClient\CharSections.dbc
character\NagaSirusHD\female\naga_femaleSkinExtra_01_01.blp,ruRU/patch-ruRU-4.mpq:DBFilesClient\CharSections.dbc
character\NagaSirusHD\female\naga_femaleSkinExtra_01_02.blp,ruRU/patch-ruRU-4.mpq:DBFilesClient\CharSections.dbc
character\NagaSirusHD\female\naga_femaleSkinExtra_01_03.blp,ruRU/patch-ruRU-4.mpq:DBFilesClient\CharSections.dbc
character\NagaSirusHD\female\naga_femaleSkinExtra_01_04.blp,ruRU/patch-ruRU-4.mpq:DBFilesClient\CharSections.dbc
character\NagaSirusHD\female\naga_femaleSkinExtra_01_05.blp,ruRU/patch-ruRU-4.mpq:DBFilesClient\CharSections.dbc
character\NagaSirusHD\female\naga_femaleSkinExtra_01_06.blp,ruRU/patch-ruRU-4.mpq:DBFilesClient\CharSections.dbc
character\NagaSirusHD\female\naga_femaleSkinExtra_01_07.blp,ruRU/patch-ruRU-4.mpq:DBFilesClient\CharSections.dbc
character\NagaSirusHD\female\naga_femaleSkinExtra_01_08.blp,ruRU/patch-ruRU-4.mpq:DBFilesClient\CharSections.dbc
character\NagaSirusHD\female\naga_femaleSkinExtra_01_09.blp,ruRU/patch-ruRU-4.mpq:DBFilesClient\CharSections.dbc
character\NagaSirusHD\female\naga_femaleSkinExtra_01_10.blp,ruRU/patch-ruRU-4.mpq:DBFilesClient\CharSections.dbc
character\NagaSirusHD\female\naga_femaleSkinExtra_01_11.blp,ruRU/patch-ruRU-4.mpq:DBFilesClient\CharSections.dbc
character\NagaSirusHD\female\naga_femaleSkinExtra_02_00.blp,ruRU/patch-ruRU-4.mpq:DBFilesClient\CharSections.dbc
character\NagaSirusHD\female\naga_femaleSkinExtra_02_01.blp,ruRU/patch-ruRU-4.mpq:DBFilesClient\CharSections.dbc
character\NagaSirusHD\female\naga_femaleSkinExtra_02_02.blp,ruRU/patch-ruRU-4.mpq:DBFilesClient\CharSections.dbc
character\NagaSirusHD\female\naga_femaleSkinExtra_02_03.blp,ruRU/patch-ruRU-4.mpq:DBFilesClient\CharSections.dbc
character\NagaSirusHD\female\naga_femaleSkinExtra_02_04.blp,ruRU/patch-ruRU-4.mpq:DBFilesClient\CharSections.dbc
character\NagaSirusHD\female\naga_femaleSkinExtra_02_05.blp,ruRU/patch-ruRU-4.mpq:DBFilesClient\CharSections.dbc
character\NagaSirusHD\female\naga_femaleSkinExtra_02_06.blp,ruRU/patch-ruRU-4.mpq:DBFilesClient\CharSections.dbc
character\NagaSirusHD\female\naga_femaleSkinExtra_02_07.blp,ruRU/patch-ruRU-4.mpq:DBFilesClient\CharSections.dbc
character\NagaSirusHD\female\naga_femaleSkinExtra_02_08.blp,ruRU/patch-ruRU-4.mpq:DBFilesClient\CharSections.dbc
character\NagaSirusHD\female\naga_femaleSkinExtra_02_09.blp,ruRU/patch-ruRU-4.mpq:DBFilesClient\CharSections.dbc
character\NagaSirusHD\female\naga_femaleSkinExtra_02_10.blp,ruRU/patch-ruRU-4.mpq:DBFilesClient\CharSections.dbc
character\NagaSirusHD\female\naga_femaleSkinExtra_02_11.blp,ruRU/patch-ruRU-4.mpq:DBFilesClient\CharSections.dbc
character\NagaSirusHD\female\naga_femaleSkinExtra_03_00.blp,ruRU/patch-ruRU-4.mpq:DBFilesClient\CharSections.dbc
character\NagaSirusHD\female\naga_femaleSkinExtra_03_01.blp,ruRU/patch-ruRU-4.mpq:DBFilesClient\CharSections.dbc
character\NagaSirusHD\female\naga_femaleSkinExtra_03_02.blp,ruRU/patch-ruRU-4.mpq:DBFilesClient\CharSections.dbc
character\NagaSirusHD\female\naga_femaleSkinExtra_03_03.blp,ruRU/patch-ruRU-4.mpq:DBFilesClient\CharSections.dbc
character\NagaSirusHD\female\naga_femaleSkinExtra_03_04.blp,ruRU/patch-ruRU-4.mpq:DBFilesClient\CharSections.dbc
character\NagaSirusHD\female\naga_femaleSkinExtra_03_05.blp,ruRU/patch-ruRU-4.mpq:DBFilesClient\CharSections.dbc
character\NagaSirusHD\female\naga_femaleSkinExtra_03_06.blp,ruRU/patch-ruRU-4.mpq:DBFilesClient\CharSections.dbc
character\NagaSirusHD\female\naga_femaleSkinExtra_03_07.blp,ruRU/patch-ruRU-4.mpq:DBFilesClient\CharSections.dbc
character\NagaSirusHD\female\naga_femaleSkinExtra_03_08.blp,ruRU/patch-ruRU-4.mpq:DBFilesClient\CharSections.dbc
character\NagaSirusHD\female\naga_femaleSkinExtra_03_09.blp,ruRU/patch-ruRU-4.mpq:DBFilesClient\CharSections.dbc
character\NagaSirusHD\female\naga_femaleSkinExtra_03_10.blp,ruRU/patch-ruRU-4.mpq:DBFilesClient\CharSections.dbc
character\NagaSirusHD\female\naga_femaleSkinExtra_03_11.blp,ruRU/patch-ruRU-4.mpq:DBFilesClient\CharSections.dbc
character\NagaSirusHD\female\naga_femaleSkinExtra_04_00.blp,ruRU/patch-ruRU-4.mpq:DBFilesClient\CharSections.dbc
character\NagaSirusHD\female\naga_femaleSkinExtra_04_01.blp,ruRU/patch-ruRU-4.mpq:DBFilesClient\CharSections.dbc
character\NagaSirusHD\female\naga_femaleSkinExtra_04_02.blp,ruRU/patch-ruRU-4.mpq:DBFilesClient\CharSections.dbc
character\NagaSirusHD\female\naga_femaleSkinExtra_04_03.blp,ruRU/patch-ruRU-4.mpq:DBFilesClient\CharSections.dbc
character\NagaSirusHD\female\naga_femaleSkinExtra_04_04.blp,ruRU/patch-ruRU-4.mpq:DBFilesClient\CharSections.dbc
character\NagaSirusHD\female\naga_femaleSkinExtra_04_05.blp,ruRU/patch-ruRU-4.mpq:DBFilesClient\CharSections.dbc
character\NagaSirusHD\female\naga_femaleSkinExtra_04_06.blp,ruRU/patch-ruRU-4.mpq:DBFilesClient\CharSections.dbc
character\NagaSirusHD\female\naga_femaleSkinExtra_04_07.blp,ruRU/patch-ruRU-4.mpq:DBFilesClient\CharSections.dbc
character\NagaSirusHD\female\naga_femaleSkinExtra_04_08.blp,ruRU/patch-ruRU-4.mpq:DBFilesClient\CharSections.dbc
character\NagaSirusHD\female\naga_femaleSkinExtra_04_09.blp,ruRU/patch-ruRU-4.mpq:DBFilesClient\CharSections.dbc
character\NagaSirusHD\female\naga_femaleSkinExtra_04_10.blp,ruRU/patch-ruRU-4.mpq:DBFilesClient\CharSections.dbc
character\NagaSirusHD\female\naga_femaleSkinExtra_04_11.blp,ruRU/patch-ruRU-4.mpq:DBFilesClient\CharSections.dbc
character\NagaSirusHD\female\naga_femaleSkinExtra_05_00.blp,ruRU/patch-ruRU-4.mpq:DBFilesClient\CharSections.dbc
character\NagaSirusHD\female\naga_femaleSkinExtra_05_01.blp,ruRU/patch-ruRU-4.mpq:DBFilesClient\CharSections.dbc
character\NagaSirusHD\female\naga_femaleSkinExtra_05_02.blp,ruRU/patch-ruRU-4.mpq:DBFilesClient\CharSections.dbc
character\NagaSirusHD\female\naga_femaleSkinExtra_05_03.blp,ruRU/patch-ruRU-4.mpq:DBFilesClient\CharSections.dbc
character\NagaSirusHD\female\naga_femaleSkinExtra_05_04.blp,ruRU/patch-ruRU-4.mpq:DBFilesClient\CharSections.dbc
character\NagaSirusHD\female\naga_femaleSkinExtra_05_05.blp,ruRU/patch-ruRU-4.mpq:DBFilesClient\CharSections.dbc
character\NagaSirusHD\female\naga_femaleSkinExtra_05_06.blp,ruRU/patch-ruRU-4.mpq:DBFilesClient\CharSections.dbc
character\NagaSirusHD\female\naga_femaleSkinExtra_05_07.blp,ruRU/patch-ruRU-4.mpq:DBFilesClient\CharSections.dbc
character\NagaSirusHD\female\naga_femaleSkinExtra_05_08.blp,ruRU/patch-ruRU-4.mpq:DBFilesClient\CharSections.dbc
character\NagaSirusHD\female\naga_femaleSkinExtra_05_09.blp,ruRU/patch-ruRU-4.mpq:DBFilesClient\CharSections.dbc
character\NagaSirusHD\female\naga_femaleSkinExtra_05_10.blp,ruRU/patch-ruRU-4.mpq:DBFilesClient\CharSections.dbc
character\NagaSirusHD\female\naga_femaleSkinExtra_05_11.blp,ruRU/patch-ruRU-4.mpq:DBFilesClient\CharSections.dbc
character\NagaSirusHD\female\naga_femaleSkinExtra_06_00.blp,ruRU/patch-ruRU-4.mpq:DBFilesClient\CharSections.dbc
character\NagaSirusHD\female\naga_femaleSkinExtra_06_01.blp,ruRU/patch-ruRU-4.mpq:DBFilesClient\CharSections.dbc
character\NagaSirusHD\female\naga_femaleSkinExtra_06_02.blp,ruRU/patch-ruRU-4.mpq:DBFilesClient\CharSections.dbc
character\NagaSirusHD\female\naga_femaleSkinExtra_06_03.blp,ruRU/patch-ruRU-4.mpq:DBFilesClient\CharSections.dbc
character\NagaSirusHD\female\naga_femaleSkinExtra_06_04.blp,ruRU/patch-ruRU-4.mpq:DBFilesClient\CharSections.dbc
character\NagaSirusHD\female\naga_femaleSkinExtra_06_05.blp,ruRU/patch-ruRU-4.mpq:DBFilesClient\CharSections.dbc
character\NagaSirusHD\female\naga_femaleSkinExtra_06_06.blp,ruRU/patch-ruRU-4.mpq:DBFilesClient\CharSections.dbc
character\NagaSirusHD\female\naga_femaleSkinExtra_06_07.blp,ruRU/patch-ruRU-4.mpq:DBFilesClient\CharSections.dbc
character\NagaSirusHD\female\naga_femaleSkinExtra_06_08.blp,ruRU/patch-ruRU-4.mpq:DBFilesClient\CharSections.dbc
character\NagaSirusHD\female\naga_femaleSkinExtra_06_09.blp,ruRU/patch-ruRU-4.mpq:DBFilesClient\CharSections.dbc
character\NagaSirusHD\female\naga_femaleSkinExtra_06_10.blp,ruRU/patch-ruRU-4.mpq:DBFilesClient\CharSections.dbc
character\NagaSirusHD\female\naga_femaleSkinExtra_06_11.blp,ruRU/patch-ruRU-4.mpq:DBFilesClient\CharSections.dbc
character\NagaSirusHD\female\naga_femaleSkinExtra_07_00.blp,ruRU/patch-ruRU-4.mpq:DBFilesClient\CharSections.dbc
character\NagaSirusHD\female\naga_femaleSkinExtra_07_01.blp,ruRU/patch-ruRU-4.mpq:DBFilesClient\CharSections.dbc
character\NagaSirusHD\female\naga_femaleSkinExtra_07_02.blp,ruRU/patch-ruRU-4.mpq:DBFilesClient\CharSections.dbc
character\NagaSirusHD\female\naga_femaleSkinExtra_07_03.blp,ruRU/patch-ruRU-4.mpq:DBFilesClient\CharSections.dbc
character\NagaSirusHD\female\naga_femaleSkinExtra_07_04.blp,ruRU/patch-ruRU-4.mpq:DBFilesClient\CharSections.dbc
character\NagaSirusHD\female\naga_femaleSkinExtra_07_05.blp,ruRU/patch-ruRU-4.mpq:DBFilesClient\CharSections.dbc
character\NagaSirusHD\female\naga_femaleSkinExtra_07_06.blp,ruRU/patch-ruRU-4.mpq:DBFilesClient\CharSections.dbc
character\NagaSirusHD\female\naga_femaleSkinExtra_07_07.blp,ruRU/patch-ruRU-4.mpq:DBFilesClient\CharSections.dbc
character\NagaSirusHD\female\naga_femaleSkinExtra_07_08.blp,ruRU/patch-ruRU-4.mpq:DBFilesClient\CharSections.dbc
character\NagaSirusHD\female\naga_femaleSkinExtra_07_09.blp,ruRU/patch-ruRU-4.mpq:DBFilesClient\CharSections.dbc
character\NagaSirusHD\female\naga_femaleSkinExtra_07_10.blp,ruRU/patch-ruRU-4.mpq:DBFilesClient\CharSections.dbc
character\NagaSirusHD\female\naga_femaleSkinExtra_07_11.blp,ruRU/patch-ruRU-4.mpq:DBFilesClient\CharSections.dbc
character\NagaSirusHD\female\naga_femaleSkinExtra_08_00.blp,ruRU/patch-ruRU-4.mpq:DBFilesClient\CharSections.dbc
character\NagaSirusHD\female\naga_femaleSkinExtra_08_01.blp,ruRU/patch-ruRU-4.mpq:DBFilesClient\CharSections.dbc
character\NagaSirusHD\female\naga_femaleSkinExtra_08_02.blp,ruRU/patch-ruRU-4.mpq:DBFilesClient\CharSections.dbc
character\NagaSirusHD\female\naga_femaleSkinExtra_08_03.blp,ruRU/patch-ruRU-4.mpq:DBFilesClient\CharSections.dbc
character\NagaSirusHD\female\naga_femaleSkinExtra_08_04.blp,ruRU/patch-ruRU-4.mpq:DBFilesClient\CharSections.dbc
character\NagaSirusHD\female\naga_femaleSkinExtra_08_05.blp,ruRU/patch-ruRU-4.mpq:DBFilesClient\CharSections.dbc
character\NagaSirusHD\female\naga_femaleSkinExtra_08_06.blp,ruRU/patch-ruRU-4.mpq:DBFilesClient\CharSections.dbc
character\NagaSirusHD\female\naga_femaleSkinExtra_08_07.blp,ruRU/patch-ruRU-4.mpq:DBFilesClient\CharSections.dbc
character\NagaSirusHD\female\naga_femaleSkinExtra_08_08.blp,ruRU/patch-ruRU-4.mpq:DBFilesClient\CharSections.dbc
character\NagaSirusHD\female\naga_femaleSkinExtra_08_09.blp,ruRU/patch-ruRU-4.mpq:DBFilesClient\CharSections.dbc
character\NagaSirusHD\female\naga_femaleSkinExtra_08_10.blp,ruRU/patch-ruRU-4.mpq:DBFilesClient\CharSections.dbc
character\NagaSirusHD\female\naga_femaleSkinExtra_08_11.blp,ruRU/patch-ruRU-4.mpq:DBFilesClient\CharSections.dbc
character\NagaSirusHD\female\naga_femaleSkinExtra_09_00.blp,ruRU/patch-ruRU-4.mpq:DBFilesClient\CharSections.dbc
character\NagaSirusHD\female\naga_femaleSkinExtra_09_01.blp,ruRU/patch-ruRU-4.mpq:DBFilesClient\CharSections.dbc
character\NagaSirusHD\female\naga_femaleSkinExtra_09_02.blp,ruRU/patch-ruRU-4.mpq:DBFilesClient\CharSections.dbc
character\NagaSirusHD\female\naga_femaleSkinExtra_09_03.blp,ruRU/patch-ruRU-4.mpq:DBFilesClient\CharSections.dbc
character\NagaSirusHD\female\naga_femaleSkinExtra_09_04.blp,ruRU/patch-ruRU-4.mpq:DBFilesClient\CharSections.dbc
character\NagaSirusHD\female\naga_femaleSkinExtra_09_05.blp,ruRU/patch-ruRU-4.mpq:DBFilesClient\CharSections.dbc
character\NagaSirusHD\female\naga_femaleSkinExtra_09_06.blp,ruRU/patch-ruRU-4.mpq:DBFilesClient\CharSections.dbc
character\NagaSirusHD\female\naga_femaleSkinExtra_09_07.blp,ruRU/patch-ruRU-4.mpq:DBFilesClient\CharSections.dbc
character\NagaSirusHD\female\naga_femaleSkinExtra_09_08.blp,ruRU/patch-ruRU-4.mpq:DBFilesClient\CharSections.dbc
character\NagaSirusHD\female\naga_femaleSkinExtra_09_09.blp,ruRU/patch-ruRU-4.mpq:DBFilesClient\CharSections.dbc
character\NagaSirusHD\female\naga_femaleSkinExtra_09_10.blp,ruRU/patch-ruRU-4.mpq:DBFilesClient\CharSections.dbc
character\NagaSirusHD\female\naga_femaleSkinExtra_09_11.blp,ruRU/patch-ruRU-4.mpq:DBFilesClient\CharSections.dbc
character\NagaSirusHD\female\naga_femaleSkinExtra_10_00.blp,ruRU/patch-ruRU-4.mpq:DBFilesClient\CharSections.dbc
character\NagaSirusHD\female\naga_femaleSkinExtra_10_01.blp,ruRU/patch-ruRU-4.mpq:DBFilesClient\CharSections.dbc
character\NagaSirusHD\female\naga_femaleSkinExtra_10_02.blp,ruRU/patch-ruRU-4.mpq:DBFilesClient\CharSections.dbc
character\NagaSirusHD\female\naga_femaleSkinExtra_10_03.blp,ruRU/patch-ruRU-4.mpq:DBFilesClient\CharSections.dbc
character\NagaSirusHD\female\naga_femaleSkinExtra_10_04.blp,ruRU/patch-ruRU-4.mpq:DBFilesClient\CharSections.dbc
character\NagaSirusHD\female\naga_femaleSkinExtra_10_05.blp,ruRU/patch-ruRU-4.mpq:DBFilesClient\CharSections.dbc
character\NagaSirusHD\female\naga_femaleSkinExtra_10_06.blp,ruRU/patch-ruRU-4.mpq:DBFilesClient\CharSections.dbc
character\NagaSirusHD\female\naga_femaleSkinExtra_10_07.blp,ruRU/patch-ruRU-4.mpq:DBFilesClient\CharSections.dbc
character\NagaSirusHD\female\naga_femaleSkinExtra_10_08.blp,ruRU/patch-ruRU-4.mpq:DBFilesClient\CharSections.dbc
character\NagaSirusHD\female\naga_femaleSkinExtra_10_09.blp,ruRU/patch-ruRU-4.mpq:DBFilesClient\CharSections.dbc
character\NagaSirusHD\female\naga_femaleSkinExtra_10_10.blp,ruRU/patch-ruRU-4.mpq:DBFilesClient\CharSections.dbc
character\NagaSirusHD\female\naga_femaleSkinExtra_10_11.blp,ruRU/patch-ruRU-4.mpq:DBFilesClient\CharSections.dbc
character\NagaSirusHD\female\naga_femaleSkinExtra_11_00.blp,ruRU/patch-ruRU-4.mpq:DBFilesClient\CharSections.dbc
character\NagaSirusHD\female\naga_femaleSkinExtra_11_01.blp,ruRU/patch-ruRU-4.mpq:DBFilesClient\CharSections.dbc
character\NagaSirusHD\female\naga_femaleSkinExtra_11_02.blp,ruRU/patch-ruRU-4.mpq:DBFilesClient\CharSections.dbc
character\NagaSirusHD\female\naga_femaleSkinExtra_11_03.blp,ruRU/patch-ruRU-4.mpq:DBFilesClient\CharSections.dbc
character\NagaSirusHD\female\naga_femaleSkinExtra_11_04.blp,ruRU/patch-ruRU-4.mpq:DBFilesClient\CharSections.dbc
character\NagaSirusHD\female\naga_femaleSkinExtra_11_05.blp,ruRU/patch-ruRU-4.mpq:DBFilesClient\CharSections.dbc
character\NagaSirusHD\female\naga_femaleSkinExtra_11_06.blp,ruRU/patch-ruRU-4.mpq:DBFilesClient\CharSections.dbc
character\NagaSirusHD\female\naga_femaleSkinExtra_11_07.blp,ruRU/patch-ruRU-4.mpq:DBFilesClient\CharSections.dbc
character\NagaSirusHD\female\naga_femaleSkinExtra_11_08.blp,ruRU/patch-ruRU-4.mpq:DBFilesClient\CharSections.dbc
character\NagaSirusHD\female\naga_femaleSkinExtra_11_09.blp,ruRU/patch-ruRU-4.mpq:DBFilesClient\CharSections.dbc
character\NagaSirusHD\female\naga_femaleSkinExtra_11_10.blp,ruRU/patch-ruRU-4.mpq:DBFilesClient\CharSections.dbc
character\NagaSirusHD\female\naga_femaleSkinExtra_11_11.blp,ruRU/patch-ruRU-4.mpq:DBFilesClient\CharSections.dbc
character\NagaSirusHD\female\naga_femaleSkinExtra_12_00.blp,ruRU/patch-ruRU-4.mpq:DBFilesClient\CharSections.dbc
character\NagaSirusHD\female\naga_femaleSkinExtra_12_01.blp,ruRU/patch-ruRU-4.mpq:DBFilesClient\CharSections.dbc
character\NagaSirusHD\female\naga_femaleSkinExtra_12_02.blp,ruRU/patch-ruRU-4.mpq:DBFilesClient\CharSections.dbc
character\NagaSirusHD\female\naga_femaleSkinExtra_12_03.blp,ruRU/patch-ruRU-4.mpq:DBFilesClient\CharSections.dbc
character\NagaSirusHD\female\naga_femaleSkinExtra_12_04.blp,ruRU/patch-ruRU-4.mpq:DBFilesClient\CharSections.dbc
character\NagaSirusHD\female\naga_femaleSkinExtra_12_05.blp,ruRU/patch-ruRU-4.mpq:DBFilesClient\CharSections.dbc
character\NagaSirusHD\female\naga_femaleSkinExtra_12_06.blp,ruRU/patch-ruRU-4.mpq:DBFilesClient\CharSections.dbc
character\NagaSirusHD\female\naga_femaleSkinExtra_12_07.blp,ruRU/patch-ruRU-4.mpq:DBFilesClient\CharSections.dbc
character\NagaSirusHD\female\naga_femaleSkinExtra_12_08.blp,ruRU/patch-ruRU-4.mpq:DBFilesClient\CharSections.dbc
character\NagaSirusHD\female\naga_femaleSkinExtra_12_09.blp,ruRU/patch-ruRU-4.mpq:DBFilesClient\CharSections.dbc
character\NagaSirusHD\female\naga_femaleSkinExtra_12_10.blp,ruRU/patch-ruRU-4.mpq:DBFilesClient\CharSections.dbc
character\NagaSirusHD\female\naga_femaleSkinExtra_12_11.blp,ruRU/patch-ruRU-4.mpq:DBFilesClient\CharSections.dbc
character\NagaSirusHD\female\naga_femaleSkinExtra_13_00.blp,ruRU/patch-ruRU-4.mpq:DBFilesClient\CharSections.dbc
character\NagaSirusHD\female\naga_femaleSkinExtra_13_01.blp,ruRU/patch-ruRU-4.mpq:DBFilesClient\CharSections.dbc
character\NagaSirusHD\female\naga_femaleSkinExtra_13_02.blp,ruRU/patch-ruRU-4.mpq:DBFilesClient\CharSections.dbc
character\NagaSirusHD\female\naga_femaleSkinExtra_13_03.blp,ruRU/patch-ruRU-4.mpq:DBFilesClient\CharSections.dbc
character\NagaSirusHD\female\naga_femaleSkinExtra_13_04.blp,ruRU/patch-ruRU-4.mpq:DBFilesClient\CharSections.dbc
character\NagaSirusHD\female\naga_femaleSkinExtra_13_05.blp,ruRU/patch-ruRU-4.mpq:DBFilesClient\CharSections.dbc
character\NagaSirusHD\female\naga_femaleSkinExtra_13_06.blp,ruRU/patch-ruRU-4.mpq:DBFilesClient\CharSections.dbc
character\NagaSirusHD\female\naga_femaleSkinExtra_13_07.blp,ruRU/patch-ruRU-4.mpq:DBFilesClient\CharSections.dbc
character\NagaSirusHD\female\naga_femaleSkinExtra_13_08.blp,ruRU/patch-ruRU-4.mpq:DBFilesClient\CharSections.dbc
character\NagaSirusHD\female\naga_femaleSkinExtra_13_09.blp,ruRU/patch-ruRU-4.mpq:DBFilesClient\CharSections.dbc
character\NagaSirusHD\female\naga_femaleSkinExtra_13_10.blp,ruRU/patch-ruRU-4.mpq:DBFilesClient\CharSections.dbc
character\NagaSirusHD\female\naga_femaleSkinExtra_13_11.blp,ruRU/patch-ruRU-4.mpq:DBFilesClient\CharSections.dbc
character\NagaSirusHD\female\naga_femaleSkinExtra_14_00.blp,ruRU/patch-ruRU-4.mpq:DBFilesClient\CharSections.dbc
character\NagaSirusHD\female\naga_femaleSkinExtra_14_01.blp,ruRU/patch-ruRU-4.mpq:DBFilesClient\CharSections.dbc
character\NagaSirusHD\female\naga_femaleSkinExtra_14_02.blp,ruRU/patch-ruRU-4.mpq:DBFilesClient\CharSections.dbc
character\NagaSirusHD\female\naga_femaleSkinExtra_14_03.blp,ruRU/patch-ruRU-4.mpq:DBFilesClient\CharSections.dbc
character\NagaSirusHD\female\naga_femaleSkinExtra_14_04.blp,ruRU/patch-ruRU-4.mpq:DBFilesClient\CharSections.dbc
character\NagaSirusHD\female\naga_femaleSkinExtra_14_05.blp,ruRU/patch-ruRU-4.mpq:DBFilesClient\CharSections.dbc
character\NagaSirusHD\female\naga_femaleSkinExtra_14_06.blp,ruRU/patch-ruRU-4.mpq:DBFilesClient\CharSections.dbc
character\NagaSirusHD\female\naga_femaleSkinExtra_14_07.blp,ruRU/patch-ruRU-4.mpq:DBFilesClient\CharSections.dbc
character\NagaSirusHD\female\naga_femaleSkinExtra_14_08.blp,ruRU/patch-ruRU-4.mpq:DBFilesClient\CharSections.dbc
character\NagaSirusHD\female\naga_femaleSkinExtra_14_09.blp,ruRU/patch-ruRU-4.mpq:DBFilesClient\CharSections.dbc
character\NagaSirusHD\female\naga_femaleSkinExtra_14_10.blp,ruRU/patch-ruRU-4.mpq:DBFilesClient\CharSections.dbc
character\NagaSirusHD\female\naga_femaleSkinExtra_14_11.blp,ruRU/patch-ruRU-4.mpq:DBFilesClient\CharSections.dbc
character\NagaSirusHD\female\naga_femaleSkinExtraDK_00_00.blp,ruRU/patch-ruRU-4.mpq:DBFilesClient\CharSections.dbc
character\NagaSirusHD\female\naga_femaleSkinExtraDK_00_01.blp,ruRU/patch-ruRU-4.mpq:DBFilesClient\CharSections.dbc
character\NagaSirusHD\female\naga_femaleSkinExtraDK_00_02.blp,ruRU/patch-ruRU-4.mpq:DBFilesClient\CharSections.dbc
character\NagaSirusHD\female\naga_femaleSkinExtraDK_00_03.blp,ruRU/patch-ruRU-4.mpq:DBFilesClient\CharSections.dbc
character\NagaSirusHD\female\naga_femaleSkinExtraDK_00_04.blp,ruRU/patch-ruRU-4.mpq:DBFilesClient\CharSections.dbc
character\NagaSirusHD\female\naga_femaleSkinExtraDK_01_00.blp,ruRU/patch-ruRU-4.mpq:DBFilesClient\CharSections.dbc
character\NagaSirusHD\female\naga_femaleSkinExtraDK_01_01.blp,ruRU/patch-ruRU-4.mpq:DBFilesClient\CharSections.dbc
character\NagaSirusHD\female\naga_femaleSkinExtraDK_01_02.blp,ruRU/patch-ruRU-4.mpq:DBFilesClient\CharSections.dbc
character\NagaSirusHD\female\naga_femaleSkinExtraDK_01_03.blp,ruRU/patch-ruRU-4.mpq:DBFilesClient\CharSections.dbc
character\NagaSirusHD\female\naga_femaleSkinExtraDK_01_04.blp,ruRU/patch-ruRU-4.mpq:DBFilesClient\CharSections.dbc
character\NagaSirusHD\female\naga_femaleSkinExtraDK_02_00.blp,ruRU/patch-ruRU-4.mpq:DBFilesClient\CharSections.dbc
character\NagaSirusHD\female\naga_femaleSkinExtraDK_02_01.blp,ruRU/patch-ruRU-4.mpq:DBFilesClient\CharSections.dbc
character\NagaSirusHD\female\naga_femaleSkinExtraDK_02_02.blp,ruRU/patch-ruRU-4.mpq:DBFilesClient\CharSections.dbc
character\NagaSirusHD\female\naga_femaleSkinExtraDK_02_03.blp,ruRU/patch-ruRU-4.mpq:DBFilesClient\CharSections.dbc
character\NagaSirusHD\female\naga_femaleSkinExtraDK_02_04.blp,ruRU/patch-ruRU-4.mpq:DBFilesClient\CharSections.dbc
character\NagaSirusHD\female\naga_femaleSkinExtraDK_03_00.blp,ruRU/patch-ruRU-4.mpq:DBFilesClient\CharSections.dbc
character\NagaSirusHD\female\naga_femaleSkinExtraDK_03_01.blp,ruRU/patch-ruRU-4.mpq:DBFilesClient\CharSections.dbc
character\NagaSirusHD\female\naga_femaleSkinExtraDK_03_02.blp,ruRU/patch-ruRU-4.mpq:DBFilesClient\CharSections.dbc
character\NagaSirusHD\female\naga_femaleSkinExtraDK_03_03.blp,ruRU/patch-ruRU-4.mpq:DBFilesClient\CharSections.dbc
character\NagaSirusHD\female\naga_femaleSkinExtraDK_03_04.blp,ruRU/patch-ruRU-4.mpq:DBFilesClient\CharSections.dbc
character\NagaSirusHD\female\naga_femaleSkinExtraDK_04_00.blp,ruRU/patch-ruRU-4.mpq:DBFilesClient\CharSections.dbc
character\NagaSirusHD\female\naga_femaleSkinExtraDK_04_01.blp,ruRU/patch-ruRU-4.mpq:DBFilesClient\CharSections.dbc
character\NagaSirusHD\female\naga_femaleSkinExtraDK_04_02.blp,ruRU/patch-ruRU-4.mpq:DBFilesClient\CharSections.dbc
character\NagaSirusHD\female\naga_femaleSkinExtraDK_04_03.blp,ruRU/patch-ruRU-4.mpq:DBFilesClient\CharSections.dbc
character\NagaSirusHD\female\naga_femaleSkinExtraDK_04_04.blp,ruRU/patch-ruRU-4.mpq:DBFilesClient\CharSections.dbc
character\NagaSirusHD\female\naga_femaleSkinExtraDK_05_00.blp,ruRU/patch-ruRU-4.mpq:DBFilesClient\CharSections.dbc
character\NagaSirusHD\female\naga_femaleSkinExtraDK_05_01.blp,ruRU/patch-ruRU-4.mpq:DBFilesClient\CharSections.dbc
character\NagaSirusHD\female\naga_femaleSkinExtraDK_05_02.blp,ruRU/patch-ruRU-4.mpq:DBFilesClient\CharSections.dbc
character\NagaSirusHD\female\naga_femaleSkinExtraDK_05_03.blp,ruRU/patch-ruRU-4.mpq:DBFilesClient\CharSections.dbc
character\NagaSirusHD\female\naga_femaleSkinExtraDK_05_04.blp,ruRU/patch-ruRU-4.mpq:DBFilesClient\CharSections.dbc
character\NagaSirusHD\female\naga_femaleSkinExtraDK_06_00.blp,ruRU/patch-ruRU-4.mpq:DBFilesClient\CharSections.dbc
character\NagaSirusHD\female\naga_femaleSkinExtraDK_06_01.blp,ruRU/patch-ruRU-4.mpq:DBFilesClient\CharSections.dbc
character\NagaSirusHD\female\naga_femaleSkinExtraDK_06_02.blp,ruRU/patch-ruRU-4.mpq:DBFilesClient\CharSections.dbc
character\NagaSirusHD\female\naga_femaleSkinExtraDK_06_03.blp,ruRU/patch-ruRU-4.mpq:DBFilesClient\CharSections.dbc
character\NagaSirusHD\female\naga_femaleSkinExtraDK_06_04.blp,ruRU/patch-ruRU-4.mpq:DBFilesClient\CharSections.dbc
character\NagaSirusHD\female\naga_femaleSkinExtraDK_07_00.blp,ruRU/patch-ruRU-4.mpq:DBFilesClient\CharSections.dbc
character\NagaSirusHD\female\naga_femaleSkinExtraDK_07_01.blp,ruRU/patch-ruRU-4.mpq:DBFilesClient\CharSections.dbc
character\NagaSirusHD\female\naga_femaleSkinExtraDK_07_02.blp,ruRU/patch-ruRU-4.mpq:DBFilesClient\CharSections.dbc
character\NagaSirusHD\female\naga_femaleSkinExtraDK_07_03.blp,ruRU/patch-ruRU-4.mpq:DBFilesClient\CharSections.dbc
character\NagaSirusHD\female\naga_femaleSkinExtraDK_07_04.blp,ruRU/patch-ruRU-4.mpq:DBFilesClient\CharSections.dbc
character\NagaSirusHD\female\naga_femaleSkinExtraDK_08_00.blp,ruRU/patch-ruRU-4.mpq:DBFilesClient\CharSections.dbc
character\NagaSirusHD\female\naga_femaleSkinExtraDK_08_01.blp,ruRU/patch-ruRU-4.mpq:DBFilesClient\CharSections.dbc
character\NagaSirusHD\female\naga_femaleSkinExtraDK_08_02.blp,ruRU/patch-ruRU-4.mpq:DBFilesClient\CharSections.dbc
character\NagaSirusHD\female\naga_femaleSkinExtraDK_08_03.blp,ruRU/patch-ruRU-4.mpq:DBFilesClient\CharSections.dbc
character\NagaSirusHD\female\naga_femaleSkinExtraDK_08_04.blp,ruRU/patch-ruRU-4.mpq:DBFilesClient\CharSections.dbc
character\NagaSirusHD\female\naga_femaleSkinExtraDK_09_00.blp,ruRU/patch-ruRU-4.mpq:DBFilesClient\CharSections.dbc
character\NagaSirusHD\female\naga_femaleSkinExtraDK_09_01.blp,ruRU/patch-ruRU-4.mpq:DBFilesClient\CharSections.dbc
character\NagaSirusHD\female\naga_femaleSkinExtraDK_09_02.blp,ruRU/patch-ruRU-4.mpq:DBFilesClient\CharSections.dbc
character\NagaSirusHD\female\naga_femaleSkinExtraDK_09_03.blp,ruRU/patch-ruRU-4.mpq:DBFilesClient\CharSections.dbc
character\NagaSirusHD\female\naga_femaleSkinExtraDK_09_04.blp,ruRU/patch-ruRU-4.mpq:DBFilesClient\CharSections.dbc
character\NagaSirusHD\female\naga_femaleSkinExtraDK_10_00.blp,ruRU/patch-ruRU-4.mpq:DBFilesClient\CharSections.dbc
character\NagaSirusHD\female\naga_femaleSkinExtraDK_10_01.blp,ruRU/patch-ruRU-4.mpq:DBFilesClient\CharSections.dbc
character\NagaSirusHD\female\naga_femaleSkinExtraDK_10_02.blp,ruRU/patch-ruRU-4.mpq:DBFilesClient\CharSections.dbc
character\NagaSirusHD\female\naga_femaleSkinExtraDK_10_03.blp,ruRU/patch-ruRU-4.mpq:DBFilesClient\CharSections.dbc
character\NagaSirusHD\female\naga_femaleSkinExtraDK_10_04.blp,ruRU/patch-ruRU-4.mpq:DBFilesClient\CharSections.dbc
character\NagaSirusHD\female\naga_femaleSkinExtraDK_11_00.blp,ruRU/patch-ruRU-4.mpq:DBFilesClient\CharSections.dbc
character\NagaSirusHD\female\naga_femaleSkinExtraDK_11_01.blp,ruRU/patch-ruRU-4.mpq:DBFilesClient\CharSections.dbc
character\NagaSirusHD\female\naga_femaleSkinExtraDK_11_02.blp,ruRU/patch-ruRU-4.mpq:DBFilesClient\CharSections.dbc
character\NagaSirusHD\female\naga_femaleSkinExtraDK_11_03.blp,ruRU/patch-ruRU-4.mpq:DBFilesClient\CharSections.dbc
character\NagaSirusHD\female\naga_femaleSkinExtraDK_11_04.blp,ruRU/patch-ruRU-4.mpq:DBFilesClient\CharSections.dbc
character\NagaSirusHD\female\naga_femaleSkinExtraDK_12_00.blp,ruRU/patch-ruRU-4.mpq:DBFilesClient\CharSections.dbc
character\NagaSirusHD\female\naga_femaleSkinExtraDK_12_01.blp,ruRU/patch-ruRU-4.mpq:DBFilesClient\CharSections.dbc
character\NagaSirusHD\female\naga_femaleSkinExtraDK_12_02.blp,ruRU/patch-ruRU-4.mpq:DBFilesClient\CharSections.dbc
character\NagaSirusHD\female\naga_femaleSkinExtraDK_12_03.blp,ruRU/patch-ruRU-4.mpq:DBFilesClient\CharSections.dbc
character\NagaSirusHD\female\naga_femaleSkinExtraDK_12_04.blp,ruRU/patch-ruRU-4.mpq:DBFilesClient\CharSections.dbc
character\NagaSirusHD\female\naga_femaleSkinExtraDK_13_00.blp,ruRU/patch-ruRU-4.mpq:DBFilesClient\CharSections.dbc
character\NagaSirusHD\female\naga_femaleSkinExtraDK_13_01.blp,ruRU/patch-ruRU-4.mpq:DBFilesClient\CharSections.dbc
character\NagaSirusHD\female\naga_femaleSkinExtraDK_13_02.blp,ruRU/patch-ruRU-4.mpq:DBFilesClient\CharSections.dbc
character\NagaSirusHD\female\naga_femaleSkinExtraDK_13_03.blp,ruRU/patch-ruRU-4.mpq:DBFilesClient\CharSections.dbc
character\NagaSirusHD\female\naga_femaleSkinExtraDK_13_04.blp,ruRU/patch-ruRU-4.mpq:DBFilesClient\CharSections.dbc
character\NagaSirusHD\female\naga_femaleSkinExtraDK_14_00.blp,ruRU/patch-ruRU-4.mpq:DBFilesClient\CharSections.dbc
character\NagaSirusHD\female\naga_femaleSkinExtraDK_14_01.blp,ruRU/patch-ruRU-4.mpq:DBFilesClient\CharSections.dbc
character\NagaSirusHD\female\naga_femaleSkinExtraDK_14_02.blp,ruRU/patch-ruRU-4.mpq:DBFilesClient\CharSections.dbc
character\NagaSirusHD\female\naga_femaleSkinExtraDK_14_03.blp,ruRU/patch-ruRU-4.mpq:DBFilesClient\CharSections.dbc
character\NagaSirusHD\female\naga_femaleSkinExtraDK_14_04.blp,ruRU/patch-ruRU-4.mpq:DBFilesClient\CharSections.dbc
character\NagaSirusHD\female\naga_femaleUpperFace00_00.blp,ruRU/patch-ruRU-4.mpq:DBFilesClient\CharSections.dbc
character\NagaSirusHD\female\naga_femaleUpperFace00_01.blp,ruRU/patch-ruRU-4.mpq:DBFilesClient\CharSections.dbc
character\NagaSirusHD\female\naga_femaleUpperFace00_02.blp,ruRU/patch-ruRU-4.mpq:DBFilesClient\CharSections.dbc
character\NagaSirusHD\female\naga_femaleUpperFace00_03.blp,ruRU/patch-ruRU-4.mpq:DBFilesClient\CharSections.dbc
character\NagaSirusHD\female\naga_femaleUpperFace00_04.blp,ruRU/patch-ruRU-4.mpq:DBFilesClient\CharSections.dbc
character\NagaSirusHD\female\naga_femaleUpperFace00_05.blp,ruRU/patch-ruRU-4.mpq:DBFilesClient\CharSections.dbc
character\NagaSirusHD\female\naga_femaleUpperFace00_06.blp,ruRU/patch-ruRU-4.mpq:DBFilesClient\CharSections.dbc
character\NagaSirusHD\female\naga_femaleUpperFace00_07.blp,ruRU/patch-ruRU-4.mpq:DBFilesClient\CharSections.dbc
character\NagaSirusHD\female\naga_femaleUpperFace00_08.blp,ruRU/patch-ruRU-4.mpq:DBFilesClient\CharSections.dbc
character\NagaSirusHD\female\naga_femaleUpperFace00_09.blp,ruRU/patch-ruRU-4.mpq:DBFilesClient\CharSections.dbc
character\NagaSirusHD\female\naga_femaleUpperFace00_10.blp,ruRU/patch-ruRU-4.mpq:DBFilesClient\CharSections.dbc
character\NagaSirusHD\female\naga_femaleUpperFace00_11.blp,ruRU/patch-ruRU-4.mpq:DBFilesClient\CharSections.dbc
character\NagaSirusHD\female\naga_femaleUpperFaceDK00_00.blp,ruRU/patch-ruRU-4.mpq:DBFilesClient\CharSections.dbc
character\NagaSirusHD\female\naga_femaleUpperFaceDK00_01.blp,ruRU/patch-ruRU-4.mpq:DBFilesClient\CharSections.dbc
character\NagaSirusHD\female\naga_femaleUpperFaceDK00_02.blp,ruRU/patch-ruRU-4.mpq:DBFilesClient\CharSections.dbc
character\NagaSirusHD\female\naga_femaleUpperFaceDK00_03.blp,ruRU/patch-ruRU-4.mpq:DBFilesClient\CharSections.dbc
character\NagaSirusHD\female\naga_femaleUpperFaceDK00_04.blp,ruRU/patch-ruRU-4.mpq:DBFilesClient\CharSections.dbc
character\NagaSirusHD\female\Nagafemalenakedtorsoskin00_00_hd.blp,ruRU/patch-ruRU-4.mpq:DBFilesClient\CharSections.dbc
character\NagaSirusHD\female\NagaHair00_00.blp,ruRU/patch-ruRU-4.mpq:DBFilesClient\CharSections.dbc
character\NagaSirusHD\female\NagaHair00_01.blp,ruRU/patch-ruRU-4.mpq:DBFilesClient\CharSections.dbc
character\NagaSirusHD\female\NagaHair00_02.blp,ruRU/patch-ruRU-4.mpq:DBFilesClient\CharSections.dbc
character\NagaSirusHD\female\NagaHair00_03.blp,ruRU/patch-ruRU-4.mpq:DBFilesClient\CharSections.dbc
character\NagaSirusHD\female\NagaHair00_04.blp,ruRU/patch-ruRU-4.mpq:DBFilesClient\CharSections.dbc
character\NagaSirusHD\female\NagaHair00_05.blp,ruRU/patch-ruRU-4.mpq:DBFilesClient\CharSections.dbc
character\NagaSirusHD\female\NagaHair00_06.blp,ruRU/patch-ruRU-4.mpq:DBFilesClient\CharSections.dbc
character\NagaSirusHD\female\NagaHair00_07.blp,ruRU/patch-ruRU-4.mpq:DBFilesClient\CharSections.dbc
character\NagaSirusHD\female\NagaHair00_08.blp,ruRU/patch-ruRU-4.mpq:DBFilesClient\CharSections.dbc
character\NagaSirusHD\female\NagaHair00_09.blp,ruRU/patch-ruRU-4.mpq:DBFilesClient\CharSections.dbc
character\NagaSirusHD\female\NagaHair00_10.blp,ruRU/patch-ruRU-4.mpq:DBFilesClient\CharSections.dbc
character\NagaSirusHD\female\NagaHair00_11.blp,ruRU/patch-ruRU-4.mpq:DBFilesClient\CharSections.dbc
character\NagaSirusHD\female\NagaHair00_12.blp,ruRU/patch-ruRU-4.mpq:DBFilesClient\CharSections.dbc
character\NagaSirusHD\female\NagaHair00_13.blp,ruRU/patch-ruRU-4.mpq:DBFilesClient\CharSections.dbc
character\NagaSirusHD\female\NagaHair00_14.blp,ruRU/patch-ruRU-4.mpq:DBFilesClient\CharSections.dbc
character\NagaSirusHD\female\NagaHair00_15.blp,ruRU/patch-ruRU-4.mpq:DBFilesClient\CharSections.dbc
character\NagaSirusHD\female\NagaHair01_00.blp,ruRU/patch-ruRU-4.mpq:DBFilesClient\CharSections.dbc
character\NagaSirusHD\female\NagaHair01_01.blp,ruRU/patch-ruRU-4.mpq:DBFilesClient\CharSections.dbc
character\NagaSirusHD\female\NagaHair01_02.blp,ruRU/patch-ruRU-4.mpq:DBFilesClient\CharSections.dbc
character\NagaSirusHD\female\NagaHair01_03.blp,ruRU/patch-ruRU-4.mpq:DBFilesClient\CharSections.dbc
character\NagaSirusHD\female\NagaHair01_04.blp,ruRU/patch-ruRU-4.mpq:DBFilesClient\CharSections.dbc
character\NagaSirusHD\female\NagaHair01_05.blp,ruRU/patch-ruRU-4.mpq:DBFilesClient\CharSections.dbc
character\NagaSirusHD\female\NagaHair01_06.blp,ruRU/patch-ruRU-4.mpq:DBFilesClient\CharSections.dbc
character\NagaSirusHD\female\NagaHair01_07.blp,ruRU/patch-ruRU-4.mpq:DBFilesClient\CharSections.dbc
character\NagaSirusHD\female\NagaHair01_08.blp,ruRU/patch-ruRU-4.mpq:DBFilesClient\CharSections.dbc
character\NagaSirusHD\female\NagaHair01_09.blp,ruRU/patch-ruRU-4.mpq:DBFilesClient\CharSections.dbc
character\NagaSirusHD\female\NagaHair01_10.blp,ruRU/patch-ruRU-4.mpq:DBFilesClient\CharSections.dbc
character\NagaSirusHD\female\NagaHair01_11.blp,ruRU/patch-ruRU-4.mpq:DBFilesClient\CharSections.dbc
character\NagaSirusHD\female\NagaHair01_12.blp,ruRU/patch-ruRU-4.mpq:DBFilesClient\CharSections.dbc
character\NagaSirusHD\female\NagaHair01_13.blp,ruRU/patch-ruRU-4.mpq:DBFilesClient\CharSections.dbc
character\NagaSirusHD\female\NagaHair01_14.blp,ruRU/patch-ruRU-4.mpq:DBFilesClient\CharSections.dbc
character\NagaSirusHD\female\NagaHair01_15.blp,ruRU/patch-ruRU-4.mpq:DBFilesClient\CharSections.dbc
character\NagaSirusHD\female\NagaHair02_00.blp,ruRU/patch-ruRU-4.mpq:DBFilesClient\CharSections.dbc
character\NagaSirusHD\female\NagaHair02_01.blp,ruRU/patch-ruRU-4.mpq:DBFilesClient\CharSections.dbc
character\NagaSirusHD\female\NagaHair02_02.blp,ruRU/patch-ruRU-4.mpq:DBFilesClient\CharSections.dbc
character\NagaSirusHD\female\NagaHair02_03.blp,ruRU/patch-ruRU-4.mpq:DBFilesClient\CharSections.dbc
character\NagaSirusHD\female\NagaHair02_04.blp,ruRU/patch-ruRU-4.mpq:DBFilesClient\CharSections.dbc
character\NagaSirusHD\female\NagaHair02_05.blp,ruRU/patch-ruRU-4.mpq:DBFilesClient\CharSections.dbc
character\NagaSirusHD\female\NagaHair02_06.blp,ruRU/patch-ruRU-4.mpq:DBFilesClient\CharSections.dbc
character\NagaSirusHD\female\NagaHair02_07.blp,ruRU/patch-ruRU-4.mpq:DBFilesClient\CharSections.dbc
character\NagaSirusHD\female\NagaHair02_08.blp,ruRU/patch-ruRU-4.mpq:DBFilesClient\CharSections.dbc
character\NagaSirusHD\female\NagaHair02_09.blp,ruRU/patch-ruRU-4.mpq:DBFilesClient\CharSections.dbc
character\NagaSirusHD\female\NagaHair02_10.blp,ruRU/patch-ruRU-4.mpq:DBFilesClient\CharSections.dbc
character\NagaSirusHD\female\NagaHair02_11.blp,ruRU/patch-ruRU-4.mpq:DBFilesClient\CharSections.dbc
character\NagaSirusHD\female\NagaHair02_12.blp,ruRU/patch-ruRU-4.mpq:DBFilesClient\CharSections.dbc
character\NagaSirusHD\female\NagaHair02_13.blp,ruRU/patch-ruRU-4.mpq:DBFilesClient\CharSections.dbc
character\NagaSirusHD\female\NagaHair02_14.blp,ruRU/patch-ruRU-4.mpq:DBFilesClient\CharSections.dbc
character\NagaSirusHD\female\NagaHair02_15.blp,ruRU/patch-ruRU-4.mpq:DBFilesClient\CharSections.dbc
character\NagaSirusHD\female\NagaHair03_00.blp,ruRU/patch-ruRU-4.mpq:DBFilesClient\CharSections.dbc
character\NagaSirusHD\female\NagaHair03_01.blp,ruRU/patch-ruRU-4.mpq:DBFilesClient\CharSections.dbc
character\NagaSirusHD\female\NagaHair03_02.blp,ruRU/patch-ruRU-4.mpq:DBFilesClient\CharSections.dbc
character\NagaSirusHD\female\NagaHair03_03.blp,ruRU/patch-ruRU-4.mpq:DBFilesClient\CharSections.dbc
character\NagaSirusHD\female\NagaHair03_04.blp,ruRU/patch-ruRU-4.mpq:DBFilesClient\CharSections.dbc
character\NagaSirusHD\female\NagaHair03_05.blp,ruRU/patch-ruRU-4.mpq:DBFilesClient\CharSections.dbc
character\NagaSirusHD\female\NagaHair03_06.blp,ruRU/patch-ruRU-4.mpq:DBFilesClient\CharSections.dbc
character\NagaSirusHD\female\NagaHair03_07.blp,ruRU/patch-ruRU-4.mpq:DBFilesClient\CharSections.dbc
character\NagaSirusHD\female\NagaHair03_08.blp,ruRU/patch-ruRU-4.mpq:DBFilesClient\CharSections.dbc
character\NagaSirusHD\female\NagaHair03_09.blp,ruRU/patch-ruRU-4.mpq:DBFilesClient\CharSections.dbc
character\NagaSirusHD\female\NagaHair03_10.blp,ruRU/patch-ruRU-4.mpq:DBFilesClient\CharSections.dbc
character\NagaSirusHD\female\NagaHair03_11.blp,ruRU/patch-ruRU-4.mpq:DBFilesClient\CharSections.dbc
character\NagaSirusHD\female\NagaHair03_12.blp,ruRU/patch-ruRU-4.mpq:DBFilesClient\CharSections.dbc
character\NagaSirusHD\female\NagaHair03_13.blp,ruRU/patch-ruRU-4.mpq:DBFilesClient\CharSections.dbc
character\NagaSirusHD\female\NagaHair03_14.blp,ruRU/patch-ruRU-4.mpq:DBFilesClient\CharSections.dbc
character\NagaSirusHD\female\NagaHair03_15.blp,ruRU/patch-ruRU-4.mpq:DBFilesClient\CharSections.dbc
character\NagaSirusHD\female\NagaHair04_00.blp,ruRU/patch-ruRU-4.mpq:DBFilesClient\CharSections.dbc
character\NagaSirusHD\female\NagaHair04_01.blp,ruRU/patch-ruRU-4.mpq:DBFilesClient\CharSections.dbc
character\NagaSirusHD\female\NagaHair04_02.blp,ruRU/patch-ruRU-4.mpq:DBFilesClient\CharSections.dbc
character\NagaSirusHD\female\NagaHair04_03.blp,ruRU/patch-ruRU-4.mpq:DBFilesClient\CharSections.dbc
character\NagaSirusHD\female\NagaHair04_04.blp,ruRU/patch-ruRU-4.mpq:DBFilesClient\CharSections.dbc
character\NagaSirusHD\female\NagaHair04_05.blp,ruRU/patch-ruRU-4.mpq:DBFilesClient\CharSections.dbc
character\NagaSirusHD\female\NagaHair04_06.blp,ruRU/patch-ruRU-4.mpq:DBFilesClient\CharSections.dbc
character\NagaSirusHD\female\NagaHair04_07.blp,ruRU/patch-ruRU-4.mpq:DBFilesClient\CharSections.dbc
character\NagaSirusHD\female\NagaHair04_08.blp,ruRU/patch-ruRU-4.mpq:DBFilesClient\CharSections.dbc
character\NagaSirusHD\female\NagaHair04_09.blp,ruRU/patch-ruRU-4.mpq:DBFilesClient\CharSections.dbc
character\NagaSirusHD\female\NagaHair04_10.blp,ruRU/patch-ruRU-4.mpq:DBFilesClient\CharSections.dbc
character\NagaSirusHD\female\NagaHair04_11.blp,ruRU/patch-ruRU-4.mpq:DBFilesClient\CharSections.dbc
character\NagaSirusHD\female\NagaHair04_12.blp,ruRU/patch-ruRU-4.mpq:DBFilesClient\CharSections.dbc
character\NagaSirusHD\female\NagaHair04_13.blp,ruRU/patch-ruRU-4.mpq:DBFilesClient\CharSections.dbc
character\NagaSirusHD\female\NagaHair04_14.blp,ruRU/patch-ruRU-4.mpq:DBFilesClient\CharSections.dbc
character\NagaSirusHD\female\NagaHair04_15.blp,ruRU/patch-ruRU-4.mpq:DBFilesClient\CharSections.dbc
character\NagaSirusHD\female\Snaga_Female.m2,ruRU/patch-ruRU-4.mpq:DBFilesClient\CreatureModelData.dbc [mdx->m2]
character\NagaSirusHD\female\Snaga_Female.mdx,ruRU/patch-ruRU-4.mpq:DBFilesClient\CreatureModelData.dbc
character\NagaSirusHD\male\armorreflect4.blp,patch-p.mpq:character\NagaSirusHD\male\Snaga_male.m2 | patch-q.mpq:character\NagaSirusHD\male\Snaga_male.m2 | patch-t.mpq:character\NagaSirusHD\male\Snaga_male.m2 | patch-u.mpq:character\NagaSirusHD\male\Snaga_male.m2
Character\NagaSirusHD\Male\NAGA_MALEFaceLower00_00.blp,ruRU/patch-ruRU-4.mpq:DBFilesClient\CharSections.dbc
Character\NagaSirusHD\Male\NAGA_MALEFaceLower00_01.blp,ruRU/patch-ruRU-4.mpq:DBFilesClient\CharSections.dbc
Character\NagaSirusHD\Male\NAGA_MALEFaceLower00_02.blp,ruRU/patch-ruRU-4.mpq:DBFilesClient\CharSections.dbc
Character\NagaSirusHD\Male\NAGA_MALEFaceLower00_03.blp,ruRU/patch-ruRU-4.mpq:DBFilesClient\CharSections.dbc
Character\NagaSirusHD\Male\NAGA_MALEFaceLower00_04.blp,ruRU/patch-ruRU-4.mpq:DBFilesClient\CharSections.dbc
Character\NagaSirusHD\Male\NAGA_MALEFaceLower00_05.blp,ruRU/patch-ruRU-4.mpq:DBFilesClient\CharSections.dbc
Character\NagaSirusHD\Male\NAGA_MALEFaceLower00_06.blp,ruRU/patch-ruRU-4.mpq:DBFilesClient\CharSections.dbc
Character\NagaSirusHD\Male\NAGA_MALEFaceLower00_07.blp,ruRU/patch-ruRU-4.mpq:DBFilesClient\CharSections.dbc
Character\NagaSirusHD\Male\NAGA_MALEFaceLower00_08.blp,ruRU/patch-ruRU-4.mpq:DBFilesClient\CharSections.dbc
Character\NagaSirusHD\Male\NAGA_MALEFaceLower00_09.blp,ruRU/patch-ruRU-4.mpq:DBFilesClient\CharSections.dbc
Character\NagaSirusHD\Male\NAGA_MALEFaceLower00_10.blp,ruRU/patch-ruRU-4.mpq:DBFilesClient\CharSections.dbc
Character\NagaSirusHD\Male\NAGA_MALEFaceLower00_11.blp,ruRU/patch-ruRU-4.mpq:DBFilesClient\CharSections.dbc
Character\NagaSirusHD\Male\NAGA_MALEFaceLower00_12.blp,ruRU/patch-ruRU-4.mpq:DBFilesClient\CharSections.dbc
Character\NagaSirusHD\Male\NAGA_MALEFaceLower00_13.blp,ruRU/patch-ruRU-4.mpq:DBFilesClient\CharSections.dbc
Character\NagaSirusHD\Male\NAGA_MALEFaceLower00_14.blp,ruRU/patch-ruRU-4.mpq:DBFilesClient\CharSections.dbc
Character\NagaSirusHD\Male\NAGA_MALEFaceLower00_15.blp,ruRU/patch-ruRU-4.mpq:DBFilesClient\CharSections.dbc
Character\NagaSirusHD\Male\NAGA_MALEFaceLower00_16.blp,ruRU/patch-ruRU-4.mpq:DBFilesClient\CharSections.dbc
Character\NagaSirusHD\Male\NAGA_MALEFaceLower00_17.blp,ruRU/patch-ruRU-4.mpq:DBFilesClient\CharSections.dbc
Character\NagaSirusHD\Male\NAGA_MALEFaceLower00_18.blp,ruRU/patch-ruRU-4.mpq:DBFilesClient\CharSections.dbc
Character\NagaSirusHD\Male\NAGA_MALEFaceLower00_19.blp,ruRU/patch-ruRU-4.mpq:DBFilesClient\CharSections.dbc
Character\NagaSirusHD\Male\NAGA_MALEFaceLowerDK00_20.blp,ruRU/patch-ruRU-4.mpq:DBFilesClient\CharSections.dbc
Character\NagaSirusHD\Male\NAGA_MALEFaceLowerDK00_21.blp,ruRU/patch-ruRU-4.mpq:DBFilesClient\CharSections.dbc
Character\NagaSirusHD\Male\NAGA_MALEFaceLowerDK00_22.blp,ruRU/patch-ruRU-4.mpq:DBFilesClient\CharSections.dbc
Character\NagaSirusHD\Male\NAGA_MALEFaceLowerDK00_23.blp,ruRU/patch-ruRU-4.mpq:DBFilesClient\CharSections.dbc
Character\NagaSirusHD\Male\NAGA_MALEFaceLowerDK00_24.blp,ruRU/patch-ruRU-4.mpq:DBFilesClient\CharSections.dbc
Character\NagaSirusHD\Male\NAGA_MALEFaceUpper00_00.blp,ruRU/patch-ruRU-4.mpq:DBFilesClient\CharSections.dbc
Character\NagaSirusHD\Male\NAGA_MALEFaceUpper00_01.blp,ruRU/patch-ruRU-4.mpq:DBFilesClient\CharSections.dbc
Character\NagaSirusHD\Male\NAGA_MALEFaceUpper00_02.blp,ruRU/patch-ruRU-4.mpq:DBFilesClient\CharSections.dbc
Character\NagaSirusHD\Male\NAGA_MALEFaceUpper00_03.blp,ruRU/patch-ruRU-4.mpq:DBFilesClient\CharSections.dbc
Character\NagaSirusHD\Male\NAGA_MALEFaceUpper00_04.blp,ruRU/patch-ruRU-4.mpq:DBFilesClient\CharSections.dbc
Character\NagaSirusHD\Male\NAGA_MALEFaceUpper00_05.blp,ruRU/patch-ruRU-4.mpq:DBFilesClient\CharSections.dbc
Character\NagaSirusHD\Male\NAGA_MALEFaceUpper00_06.blp,ruRU/patch-ruRU-4.mpq:DBFilesClient\CharSections.dbc
Character\NagaSirusHD\Male\NAGA_MALEFaceUpper00_07.blp,ruRU/patch-ruRU-4.mpq:DBFilesClient\CharSections.dbc
Character\NagaSirusHD\Male\NAGA_MALEFaceUpper00_08.blp,ruRU/patch-ruRU-4.mpq:DBFilesClient\CharSections.dbc
Character\NagaSirusHD\Male\NAGA_MALEFaceUpper00_09.blp,ruRU/patch-ruRU-4.mpq:DBFilesClient\CharSections.dbc
Character\NagaSirusHD\Male\NAGA_MALEFaceUpper00_10.blp,ruRU/patch-ruRU-4.mpq:DBFilesClient\CharSections.dbc
Character\NagaSirusHD\Male\NAGA_MALEFaceUpper00_11.blp,ruRU/patch-ruRU-4.mpq:DBFilesClient\CharSections.dbc
Character\NagaSirusHD\Male\NAGA_MALEFaceUpper00_12.blp,ruRU/patch-ruRU-4.mpq:DBFilesClient\CharSections.dbc
Character\NagaSirusHD\Male\NAGA_MALEFaceUpper00_13.blp,ruRU/patch-ruRU-4.mpq:DBFilesClient\CharSections.dbc
Character\NagaSirusHD\Male\NAGA_MALEFaceUpper00_14.blp,ruRU/patch-ruRU-4.mpq:DBFilesClient\CharSections.dbc
Character\NagaSirusHD\Male\NAGA_MALEFaceUpper00_15.blp,ruRU/patch-ruRU-4.mpq:DBFilesClient\CharSections.dbc
Character\NagaSirusHD\Male\NAGA_MALEFaceUpper00_16.blp,ruRU/patch-ruRU-4.mpq:DBFilesClient\CharSections.dbc
Character\NagaSirusHD\Male\NAGA_MALEFaceUpper00_17.blp,ruRU/patch-ruRU-4.mpq:DBFilesClient\CharSections.dbc
Character\NagaSirusHD\Male\NAGA_MALEFaceUpper00_18.blp,ruRU/patch-ruRU-4.mpq:DBFilesClient\CharSections.dbc
Character\NagaSirusHD\Male\NAGA_MALEFaceUpper00_19.blp,ruRU/patch-ruRU-4.mpq:DBFilesClient\CharSections.dbc
Character\NagaSirusHD\Male\NAGA_MALEFaceUpperDK00_20.blp,ruRU/patch-ruRU-4.mpq:DBFilesClient\CharSections.dbc
Character\NagaSirusHD\Male\NAGA_MALEFaceUpperDK00_21.blp,ruRU/patch-ruRU-4.mpq:DBFilesClient\CharSections.dbc
Character\NagaSirusHD\Male\NAGA_MALEFaceUpperDK00_22.blp,ruRU/patch-ruRU-4.mpq:DBFilesClient\CharSections.dbc
Character\NagaSirusHD\Male\NAGA_MALEFaceUpperDK00_23.blp,ruRU/patch-ruRU-4.mpq:DBFilesClient\CharSections.dbc
Character\NagaSirusHD\Male\NAGA_MALEFaceUpperDK00_24.blp,ruRU/patch-ruRU-4.mpq:DBFilesClient\CharSections.dbc
Character\NagaSirusHD\Male\NAGA_MALESKIN00_00.blp,ruRU/patch-ruRU-4.mpq:DBFilesClient\CharSections.dbc
Character\NagaSirusHD\Male\NAGA_MALESKIN00_01.blp,ruRU/patch-ruRU-4.mpq:DBFilesClient\CharSections.dbc
Character\NagaSirusHD\Male\NAGA_MALESKIN00_02.blp,ruRU/patch-ruRU-4.mpq:DBFilesClient\CharSections.dbc
Character\NagaSirusHD\Male\NAGA_MALESKIN00_03.blp,ruRU/patch-ruRU-4.mpq:DBFilesClient\CharSections.dbc
Character\NagaSirusHD\Male\NAGA_MALESKIN00_04.blp,ruRU/patch-ruRU-4.mpq:DBFilesClient\CharSections.dbc
Character\NagaSirusHD\Male\NAGA_MALESKIN00_05.blp,ruRU/patch-ruRU-4.mpq:DBFilesClient\CharSections.dbc
Character\NagaSirusHD\Male\NAGA_MALESKIN00_06.blp,ruRU/patch-ruRU-4.mpq:DBFilesClient\CharSections.dbc
Character\NagaSirusHD\Male\NAGA_MALESKIN00_07.blp,ruRU/patch-ruRU-4.mpq:DBFilesClient\CharSections.dbc
Character\NagaSirusHD\Male\NAGA_MALESKIN00_08.blp,ruRU/patch-ruRU-4.mpq:DBFilesClient\CharSections.dbc
Character\NagaSirusHD\Male\NAGA_MALESKIN00_09.blp,ruRU/patch-ruRU-4.mpq:DBFilesClient\CharSections.dbc
Character\NagaSirusHD\Male\NAGA_MALESKIN00_10.blp,ruRU/patch-ruRU-4.mpq:DBFilesClient\CharSections.dbc
Character\NagaSirusHD\Male\NAGA_MALESKIN00_11.blp,ruRU/patch-ruRU-4.mpq:DBFilesClient\CharSections.dbc
Character\NagaSirusHD\Male\NAGA_MALESKIN00_12.blp,ruRU/patch-ruRU-4.mpq:DBFilesClient\CharSections.dbc
Character\NagaSirusHD\Male\NAGA_MALESKIN00_13.blp,ruRU/patch-ruRU-4.mpq:DBFilesClient\CharSections.dbc
Character\NagaSirusHD\Male\NAGA_MALESKIN00_14.blp,ruRU/patch-ruRU-4.mpq:DBFilesClient\CharSections.dbc
Character\NagaSirusHD\Male\NAGA_MALESKIN00_15.blp,ruRU/patch-ruRU-4.mpq:DBFilesClient\CharSections.dbc
Character\NagaSirusHD\Male\NAGA_MALESKIN00_16.blp,ruRU/patch-ruRU-4.mpq:DBFilesClient\CharSections.dbc
Character\NagaSirusHD\Male\NAGA_MALESKIN00_17.blp,ruRU/patch-ruRU-4.mpq:DBFilesClient\CharSections.dbc
Character\NagaSirusHD\Male\NAGA_MALESKIN00_18.blp,ruRU/patch-ruRU-4.mpq:DBFilesClient\CharSections.dbc
Character\NagaSirusHD\Male\NAGA_MALESKIN00_19.blp,ruRU/patch-ruRU-4.mpq:DBFilesClient\CharSections.dbc
Character\NagaSirusHD\Male\NAGA_MALESKINDK00_20.blp,ruRU/patch-ruRU-4.mpq:DBFilesClient\CharSections.dbc
Character\NagaSirusHD\Male\NAGA_MALESKINDK00_21.blp,ruRU/patch-ruRU-4.mpq:DBFilesClient\CharSections.dbc
Character\NagaSirusHD\Male\NAGA_MALESKINDK00_22.blp,ruRU/patch-ruRU-4.mpq:DBFilesClient\CharSections.dbc
Character\NagaSirusHD\Male\NAGA_MALESKINDK00_23.blp,ruRU/patch-ruRU-4.mpq:DBFilesClient\CharSections.dbc
Character\NagaSirusHD\Male\NAGA_MALESKINDK00_24.blp,ruRU/patch-ruRU-4.mpq:DBFilesClient\CharSections.dbc
Character\NagaSirusHD\Male\NAGA_MALEskinExtra00_00.blp,ruRU/patch-ruRU-4.mpq:DBFilesClient\CharSections.dbc
Character\NagaSirusHD\Male\NAGA_MALEskinExtra00_01.blp,ruRU/patch-ruRU-4.mpq:DBFilesClient\CharSections.dbc
Character\NagaSirusHD\Male\NAGA_MALEskinExtra00_02.blp,ruRU/patch-ruRU-4.mpq:DBFilesClient\CharSections.dbc
Character\NagaSirusHD\Male\NAGA_MALEskinExtra00_03.blp,ruRU/patch-ruRU-4.mpq:DBFilesClient\CharSections.dbc
Character\NagaSirusHD\Male\NAGA_MALEskinExtra00_04.blp,ruRU/patch-ruRU-4.mpq:DBFilesClient\CharSections.dbc
Character\NagaSirusHD\Male\NAGA_MALEskinExtra00_05.blp,ruRU/patch-ruRU-4.mpq:DBFilesClient\CharSections.dbc
Character\NagaSirusHD\Male\NAGA_MALEskinExtra00_06.blp,ruRU/patch-ruRU-4.mpq:DBFilesClient\CharSections.dbc
Character\NagaSirusHD\Male\NAGA_MALEskinExtra00_07.blp,ruRU/patch-ruRU-4.mpq:DBFilesClient\CharSections.dbc
Character\NagaSirusHD\Male\NAGA_MALEskinExtra00_08.blp,ruRU/patch-ruRU-4.mpq:DBFilesClient\CharSections.dbc
Character\NagaSirusHD\Male\NAGA_MALEskinExtra00_09.blp,ruRU/patch-ruRU-4.mpq:DBFilesClient\CharSections.dbc
Character\NagaSirusHD\Male\NAGA_MALEskinExtra00_10.blp,ruRU/patch-ruRU-4.mpq:DBFilesClient\CharSections.dbc
Character\NagaSirusHD\Male\NAGA_MALEskinExtra00_11.blp,ruRU/patch-ruRU-4.mpq:DBFilesClient\CharSections.dbc
Character\NagaSirusHD\Male\NAGA_MALEskinExtra00_12.blp,ruRU/patch-ruRU-4.mpq:DBFilesClient\CharSections.dbc
Character\NagaSirusHD\Male\NAGA_MALEskinExtra00_13.blp,ruRU/patch-ruRU-4.mpq:DBFilesClient\CharSections.dbc
Character\NagaSirusHD\Male\NAGA_MALEskinExtra00_14.blp,ruRU/patch-ruRU-4.mpq:DBFilesClient\CharSections.dbc
Character\NagaSirusHD\Male\NAGA_MALEskinExtra00_15.blp,ruRU/patch-ruRU-4.mpq:DBFilesClient\CharSections.dbc
Character\NagaSirusHD\Male\NAGA_MALEskinExtra00_16.blp,ruRU/patch-ruRU-4.mpq:DBFilesClient\CharSections.dbc
Character\NagaSirusHD\Male\NAGA_MALEskinExtra00_17.blp,ruRU/patch-ruRU-4.mpq:DBFilesClient\CharSections.dbc
Character\NagaSirusHD\Male\NAGA_MALEskinExtra00_18.blp,ruRU/patch-ruRU-4.mpq:DBFilesClient\CharSections.dbc
Character\NagaSirusHD\Male\NAGA_MALEskinExtra00_19.blp,ruRU/patch-ruRU-4.mpq:DBFilesClient\CharSections.dbc
Character\NagaSirusHD\Male\NAGA_MALEskinExtraDK00_20.blp,ruRU/patch-ruRU-4.mpq:DBFilesClient\CharSections.dbc
Character\NagaSirusHD\Male\NAGA_MALEskinExtraDK00_21.blp,ruRU/patch-ruRU-4.mpq:DBFilesClient\CharSections.dbc
Character\NagaSirusHD\Male\NAGA_MALEskinExtraDK00_22.blp,ruRU/patch-ruRU-4.mpq:DBFilesClient\CharSections.dbc
Character\NagaSirusHD\Male\NAGA_MALEskinExtraDK00_23.blp,ruRU/patch-ruRU-4.mpq:DBFilesClient\CharSections.dbc
Character\NagaSirusHD\Male\NAGA_MALEskinExtraDK00_24.blp,ruRU/patch-ruRU-4.mpq:DBFilesClient\CharSections.dbc
character\NagaSirusHD\male\Snaga_male.m2,ruRU/patch-ruRU-4.mpq:DBFilesClient\CreatureModelData.dbc [mdx->m2]
character\NagaSirusHD\male\Snaga_male.mdx,ruRU/patch-ruRU-4.mpq:DBFilesClient\CreatureModelData.dbc
Character\NagaSirusHD\NagaEye_00_00.blp,ruRU/patch-ruRU-4.mpq:DBFilesClient\CharSections.dbc
Character\NagaSirusHD\NagaEye_00_01.blp,ruRU/patch-ruRU-4.mpq:DBFilesClient\CharSections.dbc
Character\NagaSirusHD\NagaEye_00_02.blp,ruRU/patch-ruRU-4.mpq:DBFilesClient\CharSections.dbc
Character\NagaSirusHD\NagaEye_00_03.blp,ruRU/patch-ruRU-4.mpq:DBFilesClient\CharSections.dbc
Character\NagaSirusHD\NagaEye_00_04.blp,ruRU/patch-ruRU-4.mpq:DBFilesClient\CharSections.dbc
Character\NagaSirusHD\NagaEye_00_05.blp,ruRU/patch-ruRU-4.mpq:DBFilesClient\CharSections.dbc
Character\NagaSirusHD\NagaEye_00_06.blp,ruRU/patch-ruRU-4.mpq:DBFilesClient\CharSections.dbc
Character\NagaSirusHD\NagaEye_00_07.blp,ruRU/patch-ruRU-4.mpq:DBFilesClient\CharSections.dbc
Character\NagaSirusHD\NagaEye_00_08.blp,ruRU/patch-ruRU-4.mpq:DBFilesClient\CharSections.dbc
Character\NagaSirusHD\NagaEye_00_09.blp,ruRU/patch-ruRU-4.mpq:DBFilesClient\CharSections.dbc
Character\NagaSirusHD\NagaEye_00_10.blp,ruRU/patch-ruRU-4.mpq:DBFilesClient\CharSections.dbc
Character\NagaSirusHD\NagaEye_00_11.blp,ruRU/patch-ruRU-4.mpq:DBFilesClient\CharSections.dbc
Character\NagaSirusHD\NagaEye_00_12.blp,ruRU/patch-ruRU-4.mpq:DBFilesClient\CharSections.dbc
Character\NagaSirusHD\NagaEye_00_13.blp,ruRU/patch-ruRU-4.mpq:DBFilesClient\CharSections.dbc
Character\NagaSirusHD\NagaEye_00_14.blp,ruRU/patch-ruRU-4.mpq:DBFilesClient\CharSections.dbc
creature\azsharanaga\azsharanaga_01_head_glow.blp,patch-5.MPQ:Creature\CustomCharacters\Alaeth\AlaethNaga.m2
creature\azsharanaga\azsharanaga_01_head.blp,patch-5.MPQ:Creature\CustomCharacters\Alaeth\AlaethNaga.m2
creature\azsharanaga\azsharanaga_02_body_spec.blp,patch-5.MPQ:Creature\CustomCharacters\Alaeth\AlaethNaga.m2
creature\azsharanaga\azsharanaga_02_body.blp,patch-5.MPQ:Creature\CustomCharacters\Alaeth\AlaethNaga.m2
creature\azsharanaga\azsharanaga_03_tent_glow.blp,patch-5.MPQ:Creature\CustomCharacters\Alaeth\AlaethNaga.m2
creature\azsharanaga\azsharanaga_03_tent.blp,patch-5.MPQ:Creature\CustomCharacters\Alaeth\AlaethNaga.m2
creature\babynaga\armorreflect_rainbow_2264904.blp,patch-5.MPQ:creature\babynaga\babynaga.m2
creature\babynaga\babynaga.m2,ruRU/patch-ruRU-4.mpq:DBFilesClient\CreatureModelData.dbc [mdx->m2]
creature\babynaga\babynaga.mdx,ruRU/patch-ruRU-4.mpq:DBFilesClient\CreatureModelData.dbc
Creature\CustomCharacters\Alaeth\AlaethNaga_Armor.blp,patch-5.MPQ:Creature\CustomCharacters\Alaeth\AlaethNaga.m2 | patch-u.mpq:Creature\CustomCharacters\Alaeth\AlaethNaga.m2
Creature\CustomCharacters\Alaeth\AlaethNaga_Body.blp,patch-5.MPQ:Creature\CustomCharacters\Alaeth\AlaethNaga.m2 | patch-u.mpq:Creature\CustomCharacters\Alaeth\AlaethNaga.m2
Creature\CustomCharacters\Alaeth\AlaethNaga_Effect.blp,patch-5.MPQ:Creature\CustomCharacters\Alaeth\AlaethNaga.m2 | patch-u.mpq:Creature\CustomCharacters\Alaeth\AlaethNaga.m2
Creature\CustomCharacters\Alaeth\AlaethNaga_Face.blp,patch-5.MPQ:Creature\CustomCharacters\Alaeth\AlaethNaga.m2 | patch-u.mpq:Creature\CustomCharacters\Alaeth\AlaethNaga.m2
Creature\CustomCharacters\Alaeth\AlaethNaga_Fins.blp,patch-5.MPQ:Creature\CustomCharacters\Alaeth\AlaethNaga.m2 | patch-u.mpq:Creature\CustomCharacters\Alaeth\AlaethNaga.m2
Creature\CustomCharacters\Alaeth\AlaethNaga_Hair.blp,patch-5.MPQ:Creature\CustomCharacters\Alaeth\AlaethNaga.m2 | patch-u.mpq:Creature\CustomCharacters\Alaeth\AlaethNaga.m2
Creature\CustomCharacters\Alaeth\AlaethNaga_Tent.blp,patch-5.MPQ:Creature\CustomCharacters\Alaeth\AlaethNaga.m2 | patch-u.mpq:Creature\CustomCharacters\Alaeth\AlaethNaga.m2
Creature\CustomCharacters\Alaeth\AlaethNaga_TentacleHair.blp,patch-5.MPQ:Creature\CustomCharacters\Alaeth\AlaethNaga.m2 | patch-u.mpq:Creature\CustomCharacters\Alaeth\AlaethNaga.m2
Creature\CustomCharacters\Alaeth\AlaethNaga.m2,ruRU/patch-ruRU-4.mpq:DBFilesClient\CreatureModelData.dbc [mdx->m2]
Creature\CustomCharacters\Alaeth\AlaethNaga.mdx,ruRU/patch-ruRU-4.mpq:DBFilesClient\CreatureModelData.dbc
creature\CustomCharacters\Thaloran\ThaloranNaga.m2,ruRU/patch-ruRU-4.mpq:DBFilesClient\CreatureModelData.dbc [mdx->m2]
creature\CustomCharacters\Thaloran\ThaloranNaga.mdx,ruRU/patch-ruRU-4.mpq:DBFilesClient\CreatureModelData.dbc
creature\elitenagamale\armorreflect4.blp,patch-5.MPQ:creature\CustomCharacters\Thaloran\ThaloranNaga.m2
creature\elitenagamale\armorreflect4blue.blp,patch-5.MPQ:creature\CustomCharacters\Thaloran\ThaloranNaga.m2
creature\elitenagamale\elitenagamale_4_2200847.blp,patch-5.MPQ:creature\CustomCharacters\Thaloran\ThaloranNaga.m2
CREATURE\NAGA\NAGAFEMALE_LOW01.M2,ruRU/patch-ruRU-4.mpq:DBFilesClient\CreatureModelData.dbc
CREATURE\Naga\NagaMale_Low01.m2,ruRU/patch-ruRU-4.mpq:DBFilesClient\CreatureModelData.dbc [mdx->m2]
CREATURE\Naga\NagaMale_Low01.mdx,ruRU/patch-ruRU-4.mpq:DBFilesClient\CreatureModelData.dbc
Creature\NagaBrute\ArmorReflect3.blp,patch-5.MPQ:creature\nagabrute\nagabrute.m2
creature\nagabrute\nagabrute.m2,ruRU/patch-ruRU-4.mpq:DBFilesClient\CreatureModelData.dbc [mdx->m2]
creature\nagabrute\nagabrute.mdx,ruRU/patch-ruRU-4.mpq:DBFilesClient\CreatureModelData.dbc
creature\Nagafemale_HD\naga_female.m2,ruRU/patch-ruRU-4.mpq:DBFilesClient\CreatureModelData.dbc [mdx->m2]
creature\Nagafemale_HD\naga_female.mdx,ruRU/patch-ruRU-4.mpq:DBFilesClient\CreatureModelData.dbc
Creature\NagaFemale\Siren.m2,ruRU/locale-ruRU.mpq:DBFilesClient\CreatureModelData.dbc [mdx->m2] | ruRU/patch-ruRU-4.mpq:DBFilesClient\CreatureModelData.dbc [mdx->m2]
Creature\NagaFemale\Siren.mdx,ruRU/locale-ruRU.mpq:DBFilesClient\CreatureModelData.dbc | ruRU/patch-ruRU-4.mpq:DBFilesClient\CreatureModelData.dbc
Creature\NagaLordMale\NagaLordMale.m2,ruRU/locale-ruRU.mpq:DBFilesClient\CreatureModelData.dbc [mdx->m2] | ruRU/patch-ruRU-4.mpq:DBFilesClient\CreatureModelData.dbc [mdx->m2]
Creature\NagaLordMale\NagaLordMale.mdx,ruRU/locale-ruRU.mpq:DBFilesClient\CreatureModelData.dbc | ruRU/patch-ruRU-4.mpq:DBFilesClient\CreatureModelData.dbc
Creature\NagaLordMale\NagaLordSkinRed.blp,common.mpq:Creature\NagaLordMale\NagaLordMale.m2 | common.mpq:SPELLS\nagalordshell_missile.m2
Creature\NagaLordMale\NagaLordTogaGray.blp,common.mpq:Creature\NagaLordMale\NagaLordMale.m2
creature\Nagamale_HD\naga_male.m2,ruRU/patch-ruRU-4.mpq:DBFilesClient\CreatureModelData.dbc [mdx->m2]
creature\Nagamale_HD\naga_male.mdx,ruRU/patch-ruRU-4.mpq:DBFilesClient\CreatureModelData.dbc
Creature\NagaMale\NagaMale.m2,ruRU/locale-ruRU.mpq:DBFilesClient\CreatureModelData.dbc [mdx->m2] | ruRU/patch-ruRU-4.mpq:DBFilesClient\CreatureModelData.dbc [mdx->m2]
Creature\NagaMale\NagaMale.mdx,ruRU/locale-ruRU.mpq:DBFilesClient\CreatureModelData.dbc | ruRU/patch-ruRU-4.mpq:DBFilesClient\CreatureModelData.dbc
CREATURE\NAGAMALE\SIRENREFLECT.BLP,common.mpq:Creature\NagaMale\NagaMale.m2 | common.mpq:Creature\NagaFemale\Siren.m2 | common.mpq:CHARACTER\Naga_\Female\Naga_Female.m2 | common.mpq:Creature\NagaLordMale\NagaLordMale.m2
Creature\Nagas\NagaHeavyMelee\NagaHeavyMelee.m2,ruRU/patch-ruRU-4.mpq:DBFilesClient\CreatureModelData.dbc [mdx->m2]
Creature\Nagas\NagaHeavyMelee\NagaHeavyMelee.mdx,ruRU/patch-ruRU-4.mpq:DBFilesClient\CreatureModelData.dbc
Creature\Nagas\NagaLightCaster\NagaLightCaster.m2,ruRU/patch-ruRU-4.mpq:DBFilesClient\CreatureModelData.dbc [mdx->m2]
Creature\Nagas\NagaLightCaster\NagaLightCaster.mdx,ruRU/patch-ruRU-4.mpq:DBFilesClient\CreatureModelData.dbc
Creature\Nagas\NagaLightMelee\NagaLightMelee.m2,ruRU/patch-ruRU-4.mpq:DBFilesClient\CreatureModelData.dbc [mdx->m2]
Creature\Nagas\NagaLightMelee\NagaLightMelee.mdx,ruRU/patch-ruRU-4.mpq:DBFilesClient\CreatureModelData.dbc
Creature\QuestObjects\Creature_NagaDistiller.m2,ruRU/locale-ruRU.mpq:DBFilesClient\CreatureModelData.dbc [mdx->m2] | ruRU/patch-ruRU-4.mpq:DBFilesClient\CreatureModelData.dbc [mdx->m2]
Creature\QuestObjects\Creature_NagaDistiller.mdx,ruRU/locale-ruRU.mpq:DBFilesClient\CreatureModelData.dbc | ruRU/patch-ruRU-4.mpq:DBFilesClient\CreatureModelData.dbc
CREATURE\QUESTOBJECTS\GLASSSHARD_NAGA.BLP,common.mpq:Creature\QuestObjects\Creature_NagaDistiller.m2
CREATURE\QUESTOBJECTS\GLASSSHARD_NAGA02.BLP,common.mpq:Creature\QuestObjects\Creature_NagaDistiller.m2
creature\s_druidbear_hd\s_naga_druid_bear.m2,ruRU/patch-ruRU-4.mpq:DBFilesClient\CreatureModelData.dbc [mdx->m2]
creature\s_druidbear_hd\s_naga_druid_bear.mdx,ruRU/patch-ruRU-4.mpq:DBFilesClient\CreatureModelData.dbc
SPELLS\7fx_nagawitch_devouringmawin_state.m2,ruRU/patch-ruRU-4.mpq:DBFilesClient\CreatureModelData.dbc [mdx->m2]
SPELLS\7fx_nagawitch_devouringmawin_state.mdx,ruRU/patch-ruRU-4.mpq:DBFilesClient\CreatureModelData.dbc
SPELLS\7fx_nagawitch_devouringmawout_state.m2,ruRU/patch-ruRU-4.mpq:DBFilesClient\CreatureModelData.dbc [mdx->m2]
SPELLS\7fx_nagawitch_devouringmawout_state.mdx,ruRU/patch-ruRU-4.mpq:DBFilesClient\CreatureModelData.dbc
SPELLS\7fx_nagawitch_dreadshark_impact.m2,ruRU/patch-ruRU-4.mpq:DBFilesClient\CreatureModelData.dbc [mdx->m2]
SPELLS\7fx_nagawitch_dreadshark_impact.mdx,ruRU/patch-ruRU-4.mpq:DBFilesClient\CreatureModelData.dbc
SPELLS\7fx_nagawitch_piranha_state.m2,ruRU/patch-ruRU-4.mpq:DBFilesClient\CreatureModelData.dbc [mdx->m2]
SPELLS\7fx_nagawitch_piranha_state.mdx,ruRU/patch-ruRU-4.mpq:DBFilesClient\CreatureModelData.dbc
SPELLS\7fx_nagawitch_piranhado_state.m2,ruRU/patch-ruRU-4.mpq:DBFilesClient\CreatureModelData.dbc [mdx->m2]
SPELLS\7fx_nagawitch_piranhado_state.mdx,ruRU/patch-ruRU-4.mpq:DBFilesClient\CreatureModelData.dbc
SPELLS\7fx_nagawitch_watersplash_precast.m2,ruRU/patch-ruRU-4.mpq:DBFilesClient\CreatureModelData.dbc [mdx->m2]
SPELLS\7fx_nagawitch_watersplash_precast.mdx,ruRU/patch-ruRU-4.mpq:DBFilesClient\CreatureModelData.dbc
SPELLS\7fx_nagawitch_watersplash_state.m2,ruRU/patch-ruRU-4.mpq:DBFilesClient\CreatureModelData.dbc [mdx->m2]
SPELLS\7fx_nagawitch_watersplash_state.mdx,ruRU/patch-ruRU-4.mpq:DBFilesClient\CreatureModelData.dbc
SPELLS\7fx_nagawitch_watertornado_state.m2,ruRU/patch-ruRU-4.mpq:DBFilesClient\CreatureModelData.dbc [mdx->m2]
SPELLS\7fx_nagawitch_watertornado_state.mdx,ruRU/patch-ruRU-4.mpq:DBFilesClient\CreatureModelData.dbc
SPELLS\leg_nagawitch_devouringmawin_state.m2,ruRU/patch-ruRU-4.mpq:DBFilesClient\CreatureModelData.dbc [mdx->m2]
SPELLS\leg_nagawitch_devouringmawin_state.mdx,ruRU/patch-ruRU-4.mpq:DBFilesClient\CreatureModelData.dbc
SPELLS\leg_nagawitch_devouringmawout_state.m2,ruRU/patch-ruRU-4.mpq:DBFilesClient\CreatureModelData.dbc [mdx->m2]
SPELLS\leg_nagawitch_devouringmawout_state.mdx,ruRU/patch-ruRU-4.mpq:DBFilesClient\CreatureModelData.dbc
SPELLS\leg_nagawitch_dreadshark_impact.m2,ruRU/patch-ruRU-4.mpq:DBFilesClient\CreatureModelData.dbc [mdx->m2]
SPELLS\leg_nagawitch_dreadshark_impact.mdx,ruRU/patch-ruRU-4.mpq:DBFilesClient\CreatureModelData.dbc
SPELLS\leg_nagawitch_piranha_state.m2,ruRU/patch-ruRU-4.mpq:DBFilesClient\CreatureModelData.dbc [mdx->m2]
SPELLS\leg_nagawitch_piranha_state.mdx,ruRU/patch-ruRU-4.mpq:DBFilesClient\CreatureModelData.dbc
SPELLS\leg_nagawitch_piranhado_state.m2,ruRU/patch-ruRU-4.mpq:DBFilesClient\CreatureModelData.dbc [mdx->m2]
SPELLS\leg_nagawitch_piranhado_state.mdx,ruRU/patch-ruRU-4.mpq:DBFilesClient\CreatureModelData.dbc
SPELLS\leg_nagawitch_watersplash_precast.m2,ruRU/patch-ruRU-4.mpq:DBFilesClient\CreatureModelData.dbc [mdx->m2]
SPELLS\leg_nagawitch_watersplash_precast.mdx,ruRU/patch-ruRU-4.mpq:DBFilesClient\CreatureModelData.dbc
SPELLS\leg_nagawitch_watersplash_state.m2,ruRU/patch-ruRU-4.mpq:DBFilesClient\CreatureModelData.dbc [mdx->m2]
SPELLS\leg_nagawitch_watersplash_state.mdx,ruRU/patch-ruRU-4.mpq:DBFilesClient\CreatureModelData.dbc
SPELLS\leg_nagawitch_watertornado_state.m2,ruRU/patch-ruRU-4.mpq:DBFilesClient\CreatureModelData.dbc [mdx->m2]
SPELLS\leg_nagawitch_watertornado_state.mdx,ruRU/patch-ruRU-4.mpq:DBFilesClient\CreatureModelData.dbc
SPELLS\nagalordshell_impact.m2,ruRU/patch-ruRU-4.mpq:DBFilesClient\CreatureModelData.dbc [mdx->m2]
SPELLS\nagalordshell_impact.mdx,ruRU/patch-ruRU-4.mpq:DBFilesClient\CreatureModelData.dbc
SPELLS\nagalordshell_missile.m2,ruRU/patch-ruRU-4.mpq:DBFilesClient\CreatureModelData.dbc [mdx->m2]
SPELLS\nagalordshell_missile.mdx,ruRU/patch-ruRU-4.mpq:DBFilesClient\CreatureModelData.dbc
SPELLS\polearm_2h_trident_naga_b_01green.m2,ruRU/patch-ruRU-4.mpq:DBFilesClient\CreatureModelData.dbc [mdx->m2]
SPELLS\polearm_2h_trident_naga_b_01green.mdx,ruRU/patch-ruRU-4.mpq:DBFilesClient\CreatureModelData.dbc
WORLD\EXPANSION01\DOODADS\GENERIC\NAGA\ARK\NA_DISTILLER.BLP,common.mpq:Creature\QuestObjects\Creature_NagaDistiller.m2
WORLD\EXPANSION01\DOODADS\GENERIC\NAGA\ARK\NA_TORCH.BLP,common.mpq:Creature\QuestObjects\Creature_NagaDistiller.m2
world\expansion01\doodads\generic\naga\crates\na_crate02.m2,ruRU/patch-ruRU-4.mpq:DBFilesClient\CreatureModelData.dbc [mdx->m2]
world\expansion01\doodads\generic\naga\crates\na_crate02.mdx,ruRU/patch-ruRU-4.mpq:DBFilesClient\CreatureModelData.dbc
WORLD\EXPANSION01\DOODADS\GENERIC\NAGA\CRATES\NA_JARS.BLP,common.mpq:world\expansion01\doodads\generic\naga\crates\na_crate02.m2
World\Sirus\Naga_totem_air.m2,ruRU/patch-ruRU-4.mpq:DBFilesClient\CreatureModelData.dbc [mdx->m2]
World\Sirus\Naga_totem_air.mdx,ruRU/patch-ruRU-4.mpq:DBFilesClient\CreatureModelData.dbc
World\Sirus\Naga_totem_earth.m2,ruRU/patch-ruRU-4.mpq:DBFilesClient\CreatureModelData.dbc [mdx->m2]
World\Sirus\Naga_totem_earth.mdx,ruRU/patch-ruRU-4.mpq:DBFilesClient\CreatureModelData.dbc
World\Sirus\Naga_totem_fire.m2,ruRU/patch-ruRU-4.mpq:DBFilesClient\CreatureModelData.dbc [mdx->m2]
World\Sirus\Naga_totem_fire.mdx,ruRU/patch-ruRU-4.mpq:DBFilesClient\CreatureModelData.dbc
World\Sirus\Naga_totem_water.m2,ruRU/patch-ruRU-4.mpq:DBFilesClient\CreatureModelData.dbc [mdx->m2]
World\Sirus\Naga_totem_water.mdx,ruRU/patch-ruRU-4.mpq:DBFilesClient\CreatureModelData.dbc
