Archive,MPQPath,Size,SHA1,NagaStrings,OutputPath
ruRU/locale-ruRU.mpq,DBFilesClient\CharSections.dbc,845271,79E008AF6499CF42B73451E617F6FAD37B6A0797,Character\Naga_\Male\Naga_MaleSkin00_00.blp || Character\Naga_\Male\Naga_MaleSkin00_00_Extra.blp || Character\Naga_\Male\Naga_MaleSkin00_01.blp || Character\Naga_\Male\Naga_MaleSkin00_01_Extra.blp || Character\Naga_\Male\Naga_MaleSkin00_02.blp || Character\Naga_\Male\Naga_MaleSkin00_02_Extra.blp || Character\Naga_\Male\Naga_MaleSkin00_03.blp || Character\Naga_\Male\Naga_MaleSkin00_03_Extra.blp || Character\Naga_\Male\Naga_MaleSkin00_04.blp || Character\Naga_\Male\Naga_MaleSkin00_04_Extra.blp || Character\Naga_\Male\Naga_MaleFaceLower00_00.blp || Character\Naga_\Male\Naga_MaleFaceUpper00_00.blp || Character\Naga_\Male\Naga_MaleFaceLower00_01.blp || Character\Naga_\Male\Naga_MaleFaceUpper00_01.blp || Character\Naga_\Male\Naga_MaleFaceLower00_02.blp || Character\Naga_\Male\Naga_MaleFaceUpper00_02.blp || Character\Naga_\Male\Naga_MaleFaceLower00_03.blp || Character\Naga_\Male\Naga_MaleFaceUpper00_03.blp || Character\Naga_\Male\Naga_MaleFaceLower00_04.blp || Character\Naga_\Male\Naga_MaleFaceUpper00_04.blp || Character\Naga_\Hair00_00.blp || Character\Naga_\ScalpLowerHair00_00.blp || Character\Naga_\ScalpUpperHair00_00.blp || Character\Naga_\Male\Naga_MaleNakedPelvisSkin00_00.blp || Character\Naga_\Male\Naga_MaleNakedTorsoSkin00_00.blp || Character\Naga_\Male\Naga_MaleNakedPelvisSkin00_01.blp || Character\Naga_\Male\Naga_MaleNakedTorsoSkin00_01.blp || Character\Naga_\Male\Naga_MaleNakedPelvisSkin00_02.blp || Character\Naga_\Male\Naga_MaleNakedTorsoSkin00_02.blp || Character\Naga_\Male\Naga_MaleNakedPelvisSkin00_03.blp || Character\Naga_\Male\Naga_MaleNakedTorsoSkin00_03.blp || Character\Naga_\Male\Naga_MaleNakedPelvisSkin00_04.blp || Character\Naga_\Male\Naga_MaleNakedTorsoSkin00_04.blp || Character\Naga_\Female\Naga_FemaleSkin00_00.blp || Character\Naga_\Female\Naga_FemaleSkin00_00_Extra.blp || Character\Naga_\Female\Naga_FemaleSkin00_01.blp || Character\Naga_\Female\Naga_FemaleSkin00_01_Extra.blp || Character\Naga_\Female\Naga_FemaleSkin00_02.blp || Character\Naga_\Female\Naga_FemaleSkin00_02_Extra.blp || Character\Naga_\Female\Naga_FemaleSkin00_03.blp || Character\Naga_\Female\Naga_FemaleSkin00_03_Extra.blp || Character\Naga_\Female\Naga_FemaleSkin00_04.blp || Character\Naga_\Female\Naga_FemaleSkin00_04_Extra.blp || Character\Naga_\Female\Naga_FemaleFaceLower00_00.blp || Character\Naga_\Female\Naga_FemaleFaceUpper00_00.blp || Character\Naga_\Female\Naga_FemaleFaceLower00_01.blp || Character\Naga_\Female\Naga_FemaleFaceUpper00_01.blp || Character\Naga_\Female\Naga_FemaleFaceLower00_02.blp || Character\Naga_\Female\Naga_FemaleFaceUpper00_02.blp || Character\Naga_\Female\Naga_FemaleFaceLower00_03.blp || Character\Naga_\Female\Naga_FemaleFaceUpper00_03.blp || Character\Naga_\Female\Naga_FemaleFaceLower00_04.blp || Character\Naga_\Female\Naga_FemaleFaceUpper00_04.blp || Character\Naga_\FacialLowerHair00_00.blp || Character\Naga_\FacialUpperHair00_00.blp || Character\Naga_\Female\Naga_FemaleNakedPelvisSkin00_00.blp || Character\Naga_\Female\Naga_FemaleNakedTorsoSkin00_00.blp || Character\Naga_\Female\Naga_FemaleNakedPelvisSkin00_01.blp || Character\Naga_\Female\Naga_FemaleNakedTorsoSkin00_01.blp || Character\Naga_\Female\Naga_FemaleNakedPelvisSkin00_02.blp || Character\Naga_\Female\Naga_FemaleNakedTorsoSkin00_02.blp || Character\Naga_\Female\Naga_FemaleNakedPelvisSkin00_03.blp || Character\Naga_\Female\Naga_FemaleNakedTorsoSkin00_03.blp || Character\Naga_\Female\Naga_FemaleNakedPelvisSkin00_04.blp || Character\Naga_\Female\Naga_FemaleNakedTorsoSkin00_04.blp,D:\Sirus\_client\World of Warcraft Sirus\Naga_Extract_2026-10-03\NagaDatabaseAndGlue\ByArchive\ruRU\locale-ruRU.mpq\DBFilesClient\CharSections.dbc
ruRU/locale-ruRU.mpq,dbfilesclient\creaturedisplayinfo.dbc,1610064,00801F72E87CE41D019DAF30DE566E99EF976EEA,NagaMaleSkinTeal || NagaMaleSkinTealFins || NagaMaleSkinBlack || NagaMaleSkinBlackFins || NagaMaleSkinBlue || NagaMaleSkinBlueFins || NagaMaleSkinGreen || NagaMaleSkinGreenFins || NagaMaleSkinSilver || NagaMaleSkinSilverFins || GlassShard_Naga || NagaLordSkinRed,D:\Sirus\_client\World of Warcraft Sirus\Naga_Extract_2026-10-03\NagaDatabaseAndGlue\ByArchive\ruRU\locale-ruRU.mpq\dbfilesclient\creaturedisplayinfo.dbc
ruRU/locale-ruRU.mpq,DBFilesClient\CreatureModelData.dbc,197135,EAF8719D33236393116B5E6D688AFDA0B94A6541,Creature\NagaMale\NagaMale.mdx || Creature\NagaFemale\Siren.mdx || CHARACTER\Naga_\Male\Naga_Male.mdx || CHARACTER\Naga_\Female\Naga_Female.mdx || Creature\QuestObjects\Creature_NagaDistiller.mdx || Creature\NagaLordMale\NagaLordMale.mdx,D:\Sirus\_client\World of Warcraft Sirus\Naga_Extract_2026-10-03\NagaDatabaseAndGlue\ByArchive\ruRU\locale-ruRU.mpq\DBFilesClient\CreatureModelData.dbc
ruRU/locale-ruRU.mpq,dbfilesclient\gameobjectdisplayinfo.dbc,534007,B4A4CB7EC53DA8D8D5267EF64E0606BC61BC666E,World\Kalimdor\Blackfathom\PassiveDoodads\Braziers\BFD_NagaBrazier.mdx || World\Kalimdor\Blackfathom\PassiveDoodads\Statue\BFD_StatueNagaPriestess.mdx || World\Kalimdor\Azshara\PassiveDoodads\NagaFlags\NagaFlag01.mdx || World\Expansion01\Doodads\Generic\Naga\Ark\NA_Ark.mdx || World\Goober\G_NagaShellMissile.mdx || World\Expansion01\Doodads\Generic\Naga\Pagoda\NagaPagodaHut01.mdx,D:\Sirus\_client\World of Warcraft Sirus\Naga_Extract_2026-10-03\NagaDatabaseAndGlue\ByArchive\ruRU\locale-ruRU.mpq\dbfilesclient\gameobjectdisplayinfo.dbc
ruRU/locale-ruRU.mpq,dbfilesclient\itemdisplayinfo.dbc,6732827,8F5DDCE0884216ADB6E948DB642B55FA045FAAE7,Stave_2H_Naga_D_01.mdx || Stave_2H_Naga_D_01_Green,D:\Sirus\_client\World of Warcraft Sirus\Naga_Extract_2026-10-03\NagaDatabaseAndGlue\ByArchive\ruRU\locale-ruRU.mpq\dbfilesclient\itemdisplayinfo.dbc
ruRU/locale-ruRU.mpq,dbfilesclient\languagewords.dbc,26903,E6B69639262E1AEEC59C89599F0D588A2AF02F20,Danagarde || Nagan || Nagas || Nagasraka || Melarnagas || Zennshinagas,D:\Sirus\_client\World of Warcraft Sirus\Naga_Extract_2026-10-03\NagaDatabaseAndGlue\ByArchive\ruRU\locale-ruRU.mpq\dbfilesclient\languagewords.dbc
ruRU/locale-ruRU.mpq,dbfilesclient\namegen.dbc,144728,6867A01D86109C64BE6B57D4599DDCD6FDC5F7D4,Flanagan || Naga,D:\Sirus\_client\World of Warcraft Sirus\Naga_Extract_2026-10-03\NagaDatabaseAndGlue\ByArchive\ruRU\locale-ruRU.mpq\dbfilesclient\namegen.dbc
ruRU/locale-ruRU.mpq,dbfilesclient\namesprofanity.dbc,134417,7CD044F967DA37F44BAD0F6BA33683D040371417,\<naga[sz]aki\>,D:\Sirus\_client\World of Warcraft Sirus\Naga_Extract_2026-10-03\NagaDatabaseAndGlue\ByArchive\ruRU\locale-ruRU.mpq\dbfilesclient\namesprofanity.dbc
ruRU/locale-ruRU.mpq,dbfilesclient\soundentries.dbc,2405359,4E875A8504E2033748B1427C91B4EE23F7263CC4,NagaAttack || NagaAttackA.wav || NagaAttackB.wav || NagaAttackC.wav || Sound\Creature\Naga || NagaWound || NagaWoundA.wav || NagaWoundB.wav || NagaWoundC.wav || NagaWoundCrit || NagaWoundCrit.wav || NagaDeath || NagaDeath.wav || NagaPreAggro || NagaPreAggro.wav || NagaAggro || NagaAggro.wav || NagaFemaleAttackA.wav || NagaFemaleAttackB.wav || NagaFemaleAttackC.wav || Sound\Creature\NagaFemale || NagaFemaleWoundA.wav || NagaFemaleWoundB.wav || NagaFemaleWoundC.wav || NagaFemaleWoundCrit.wav || NagaFemaleDeathA.wav || NagaFemalePreAggro.wav || NagaFemaleAggro.wav || Zone-AzuremystNagaWalking || AI_NagaWalkUni01.mp3 || AI_NagaWalkUni02.mp3 || AI_NagaWalkUni03.mp3 || AI_NagaWalkUni04.mp3 || AI_NagaWalkUni05.mp3 || Momment-BloodmystNaga || BI_NagaIntro01.mp3 || Intro-BloodmystNaga || BI_NagaIntro01r.mp3 || Creature_NagaDistiller || NagaMissileLoop || NagaMissileLoop.wav || NagaLordAttack || NagaLordWound || NagaLordWoundCrit || NagaLordDeath || NagaLordPreAggro || NagaLordAggro,D:\Sirus\_client\World of Warcraft Sirus\Naga_Extract_2026-10-03\NagaDatabaseAndGlue\ByArchive\ruRU\locale-ruRU.mpq\dbfilesclient\soundentries.dbc
ruRU/locale-ruRU.mpq,dbfilesclient\spellicon.dbc,151540,88E50B86F383CE7CCEDC7199BDF7622328A1E4F2,Interface\Icons\Spell_Magic_ManaGain,D:\Sirus\_client\World of Warcraft Sirus\Naga_Extract_2026-10-03\NagaDatabaseAndGlue\ByArchive\ruRU\locale-ruRU.mpq\dbfilesclient\spellicon.dbc
ruRU/locale-ruRU.mpq,dbfilesclient\zoneintromusictable.dbc,6500,B17EDC3CC0F7F55754026C26B837ABD4BB106CA0,BloodmystNaga,D:\Sirus\_client\World of Warcraft Sirus\Naga_Extract_2026-10-03\NagaDatabaseAndGlue\ByArchive\ruRU\locale-ruRU.mpq\dbfilesclient\zoneintromusictable.dbc
ruRU/locale-ruRU.mpq,dbfilesclient\zonemusic.dbc,20214,E53103687EC2A2FDA851CAC2B26DD17147D0A133,Zone-AzuremystNagaWalkingUni,D:\Sirus\_client\World of Warcraft Sirus\Naga_Extract_2026-10-03\NagaDatabaseAndGlue\ByArchive\ruRU\locale-ruRU.mpq\dbfilesclient\zonemusic.dbc
ruRU/locale-ruRU.mpq,Interface\GlueXML\CreditsFrame.lua,22986,80F81F29B9E26A9EB8FF2C5496745661E4C9609C,"CreditsArtInfo[1][5] = { file=""Naga"", w=512, h=512, offsetx=128, offsety=0, maxAlpha=0.4 };",D:\Sirus\_client\World of Warcraft Sirus\Naga_Extract_2026-10-03\NagaDatabaseAndGlue\ByArchive\ruRU\locale-ruRU.mpq\Interface\GlueXML\CreditsFrame.lua
ruRU/locale-ruRU.mpq,dbfilesclient\chrraces.dbc,6540,40B61BEC1C8400B7AB111D31332E52A3BEBE09F2,Naga_,D:\Sirus\_client\World of Warcraft Sirus\Naga_Extract_2026-10-03\NagaDatabaseAndGlue\ByArchive\ruRU\locale-ruRU.mpq\dbfilesclient\chrraces.dbc
ruRU/patch-ruRU-4.mpq,DBFilesClient\CharSections.dbc,52772202,DBAE3F41043FC964621D785C61832DA326539940,Character\NagaSirusHD\Male\NAGA_MALESKIN00_00.blp || Character\NagaSirusHD\Male\NAGA_MALEskinExtra00_00.blp || Character\NagaSirusHD\Male\NAGA_MALESKIN00_01.blp || Character\NagaSirusHD\Male\NAGA_MALEskinExtra00_01.blp || Character\NagaSirusHD\Male\NAGA_MALESKIN00_02.blp || Character\NagaSirusHD\Male\NAGA_MALEskinExtra00_02.blp || Character\NagaSirusHD\Male\NAGA_MALESKIN00_03.blp || Character\NagaSirusHD\Male\NAGA_MALEskinExtra00_03.blp || Character\NagaSirusHD\Male\NAGA_MALESKIN00_04.blp || Character\NagaSirusHD\Male\NAGA_MALEskinExtra00_04.blp || Character\NagaSirusHD\Male\NAGA_MALESKIN00_05.blp || Character\NagaSirusHD\Male\NAGA_MALEskinExtra00_05.blp || Character\NagaSirusHD\Male\NAGA_MALESKIN00_06.blp || Character\NagaSirusHD\Male\NAGA_MALEskinExtra00_06.blp || Character\NagaSirusHD\Male\NAGA_MALESKIN00_07.blp || Character\NagaSirusHD\Male\NAGA_MALEskinExtra00_07.blp || Character\NagaSirusHD\Male\NAGA_MALESKIN00_08.blp || Character\NagaSirusHD\Male\NAGA_MALEskinExtra00_08.blp || Character\NagaSirusHD\Male\NAGA_MALESKIN00_09.blp || Character\NagaSirusHD\Male\NAGA_MALEskinExtra00_09.blp || Character\NagaSirusHD\Male\NAGA_MALESKIN00_10.blp || Character\NagaSirusHD\Male\NAGA_MALEskinExtra00_10.blp || Character\NagaSirusHD\Male\NAGA_MALESKIN00_11.blp || Character\NagaSirusHD\Male\NAGA_MALEskinExtra00_11.blp || Character\NagaSirusHD\Male\NAGA_MALESKIN00_12.blp || Character\NagaSirusHD\Male\NAGA_MALEskinExtra00_12.blp || Character\NagaSirusHD\Male\NAGA_MALESKIN00_13.blp || Character\NagaSirusHD\Male\NAGA_MALEskinExtra00_13.blp || Character\NagaSirusHD\Male\NAGA_MALESKIN00_14.blp || Character\NagaSirusHD\Male\NAGA_MALEskinExtra00_14.blp || Character\NagaSirusHD\Male\NAGA_MALESKIN00_15.blp || Character\NagaSirusHD\Male\NAGA_MALEskinExtra00_15.blp || Character\NagaSirusHD\Male\NAGA_MALESKIN00_16.blp || Character\NagaSirusHD\Male\NAGA_MALEskinExtra00_16.blp || Character\NagaSirusHD\Male\NAGA_MALESKIN00_17.blp || Character\NagaSirusHD\Male\NAGA_MALEskinExtra00_17.blp || Character\NagaSirusHD\Male\NAGA_MALESKIN00_18.blp || Character\NagaSirusHD\Male\NAGA_MALEskinExtra00_18.blp || Character\NagaSirusHD\Male\NAGA_MALESKIN00_19.blp || Character\NagaSirusHD\Male\NAGA_MALEskinExtra00_19.blp || Character\NagaSirusHD\Male\NAGA_MALESKINDK00_20.blp || Character\NagaSirusHD\Male\NAGA_MALEskinExtraDK00_20.blp || Character\NagaSirusHD\Male\NAGA_MALESKINDK00_21.blp || Character\NagaSirusHD\Male\NAGA_MALEskinExtraDK00_21.blp || Character\NagaSirusHD\Male\NAGA_MALESKINDK00_22.blp || Character\NagaSirusHD\Male\NAGA_MALEskinExtraDK00_22.blp || Character\NagaSirusHD\Male\NAGA_MALESKINDK00_23.blp || Character\NagaSirusHD\Male\NAGA_MALEskinExtraDK00_23.blp || Character\NagaSirusHD\Male\NAGA_MALESKINDK00_24.blp || Character\NagaSirusHD\Male\NAGA_MALEskinExtraDK00_24.blp || Character\NagaSirusHD\Male\NAGA_MALEFaceLower00_00.blp || Character\NagaSirusHD\Male\NAGA_MALEFaceUpper00_00.blp || Character\NagaSirusHD\Male\NAGA_MALEFaceLower00_01.blp || Character\NagaSirusHD\Male\NAGA_MALEFaceUpper00_01.blp || Character\NagaSirusHD\Male\NAGA_MALEFaceLower00_02.blp || Character\NagaSirusHD\Male\NAGA_MALEFaceUpper00_02.blp || Character\NagaSirusHD\Male\NAGA_MALEFaceLower00_03.blp || Character\NagaSirusHD\Male\NAGA_MALEFaceUpper00_03.blp || Character\NagaSirusHD\Male\NAGA_MALEFaceLower00_04.blp || Character\NagaSirusHD\Male\NAGA_MALEFaceUpper00_04.blp || Character\NagaSirusHD\Male\NAGA_MALEFaceLower00_05.blp || Character\NagaSirusHD\Male\NAGA_MALEFaceUpper00_05.blp || Character\NagaSirusHD\Male\NAGA_MALEFaceLower00_06.blp || Character\NagaSirusHD\Male\NAGA_MALEFaceUpper00_06.blp || Character\NagaSirusHD\Male\NAGA_MALEFaceLower00_07.blp || Character\NagaSirusHD\Male\NAGA_MALEFaceUpper00_07.blp || Character\NagaSirusHD\Male\NAGA_MALEFaceLower00_08.blp || Character\NagaSirusHD\Male\NAGA_MALEFaceUpper00_08.blp || Character\NagaSirusHD\Male\NAGA_MALEFaceLower00_09.blp || Character\NagaSirusHD\Male\NAGA_MALEFaceUpper00_09.blp || Character\NagaSirusHD\Male\NAGA_MALEFaceLower00_10.blp || Character\NagaSirusHD\Male\NAGA_MALEFaceUpper00_10.blp || Character\NagaSirusHD\Male\NAGA_MALEFaceLower00_11.blp || Character\NagaSirusHD\Male\NAGA_MALEFaceUpper00_11.blp || Character\NagaSirusHD\Male\NAGA_MALEFaceLower00_12.blp || Character\NagaSirusHD\Male\NAGA_MALEFaceUpper00_12.blp || Character\NagaSirusHD\Male\NAGA_MALEFaceLower00_13.blp || Character\NagaSirusHD\Male\NAGA_MALEFaceUpper00_13.blp || Character\NagaSirusHD\Male\NAGA_MALEFaceLower00_14.blp || Character\NagaSirusHD\Male\NAGA_MALEFaceUpper00_14.blp,D:\Sirus\_client\World of Warcraft Sirus\Naga_Extract_2026-10-03\NagaDatabaseAndGlue\ByArchive\ruRU\patch-ruRU-4.mpq\DBFilesClient\CharSections.dbc
ruRU/patch-ruRU-4.mpq,dbfilesclient\cinematiccamera.dbc,1176,32674592CBC30942E61090C782208AFD8AF94144,Cameras\FlyByNaga.mdx,D:\Sirus\_client\World of Warcraft Sirus\Naga_Extract_2026-10-03\NagaDatabaseAndGlue\ByArchive\ruRU\patch-ruRU-4.mpq\dbfilesclient\cinematiccamera.dbc
ruRU/patch-ruRU-4.mpq,dbfilesclient\creaturedisplayinfo.dbc,9311666,5048A15D89DA7655C68CBACE99AA452209DC5732,NagaMaleSkinTeal || NagaMaleSkinTealFins || NagaMaleSkinBlack || NagaMaleSkinBlackFins || NagaMaleSkinBlue || NagaMaleSkinBlueFins || NagaMaleSkinGreen || NagaMaleSkinGreenFins || NagaMaleSkinSilver || NagaMaleSkinSilverFins || GlassShard_Naga || NagaLordSkinRed || NagaMale_Blue || NagaFemale_Blue || nagabrute_01 || nagabrute_01dark || nagabrute_01light || babynaga_black || babynaga_blue || babynaga_green || babynaga_silver || naga_maleskin00_fel || naga_femaleskin00_fel || AlaethNaga || NagaHeavyMelee_Body_00_01 || NagaHeavyMelee_Collection_01 || NagaHeavyMelee_Armor_01 || NagaHeavyMelee_Body_01_01 || NagaHeavyMelee_Body_02_01 || NagaHeavyMelee_Body_03_01 || NagaHeavyMelee_Body_04_01 || NagaHeavyMelee_Body_00_02 || NagaHeavyMelee_Collection_02 || NagaHeavyMelee_Armor_02 || NagaHeavyMelee_Body_01_02 || NagaHeavyMelee_Body_02_02 || NagaHeavyMelee_Body_03_02 || NagaHeavyMelee_Body_04_02 || NagaHeavyMelee_Body_00_03 || NagaHeavyMelee_Collection_03 || NagaHeavyMelee_Armor_03 || NagaHeavyMelee_Body_01_03 || NagaHeavyMelee_Body_02_03 || NagaHeavyMelee_Body_03_03 || NagaHeavyMelee_Body_04_03 || NagaHeavyMelee_Body_00_04 || NagaHeavyMelee_Collection_04 || NagaHeavyMelee_Armor_04 || NagaHeavyMelee_Body_01_04 || NagaHeavyMelee_Body_02_04 || NagaHeavyMelee_Body_03_04 || NagaHeavyMelee_Body_04_04 || NagaLightMelee_Body_00_01 || NagaLightMelee_Collection_01 || NagaLightMelee_Armor_01 || NagaLightMelee_Body_00_02 || NagaLightMelee_Collection_02 || NagaLightMelee_Armor_02 || NagaLightMelee_Body_00_03 || NagaLightMelee_Collection_03 || NagaLightMelee_Armor_03 || NagaLightMelee_Body_01_01 || NagaLightMelee_Body_01_02 || NagaLightMelee_Body_01_03 || NagaLightMelee_Body_02_01 || NagaLightMelee_Body_02_02 || NagaLightMelee_Body_02_03 || NagaLightMelee_Body_03_01 || NagaLightMelee_Body_03_02 || NagaLightMelee_Body_03_03 || NagaLightMelee_Body_04_01 || NagaLightMelee_Body_04_02 || NagaLightMelee_Body_04_03 || NagaLightCaster_Body_00_01 || NagaLightCaster_Collection_01 || NagaLightCaster_Armor_01 || NagaLightCaster_Body_01_01 || NagaLightCaster_Body_02_01 || NagaLightCaster_Body_03_01 || NagaLightCaster_Body_04_01,D:\Sirus\_client\World of Warcraft Sirus\Naga_Extract_2026-10-03\NagaDatabaseAndGlue\ByArchive\ruRU\patch-ruRU-4.mpq\dbfilesclient\creaturedisplayinfo.dbc
ruRU/patch-ruRU-4.mpq,dbfilesclient\creaturedisplayinfoextra.dbc,2023146,2A4C9653EE6807129408053417B85D7C05487BFC,NAGA_MALEskin_DayPirate || NAGA_FEMALEskin_DayPirate || NAGA_MALESKIN00_00 || NAGA_FEMALESKIN00_00 || naga_male_Body-525527.blp || naga_female_Body-525528.blp,D:\Sirus\_client\World of Warcraft Sirus\Naga_Extract_2026-10-03\NagaDatabaseAndGlue\ByArchive\ruRU\patch-ruRU-4.mpq\dbfilesclient\creaturedisplayinfoextra.dbc
ruRU/patch-ruRU-4.mpq,DBFilesClient\CreatureModelData.dbc,2078826,579A93F98A207DCAC03CB748A7A4B2C349B3C86F,Creature\NagaMale\NagaMale.mdx || Creature\NagaFemale\Siren.mdx || Character\Naga_old\Male\Naga_Male.mdx || Character\Naga_old\Female\Naga_Female.mdx || Creature\QuestObjects\Creature_NagaDistiller.mdx || Creature\NagaLordMale\NagaLordMale.mdx || CREATURE\Naga\NagaMale_Low01.mdx || CREATURE\NagaFemale\Siren.mdx || world\expansion01\doodads\generic\naga\crates\na_crate02.mdx || CREATURE\NAGA\NAGAFEMALE_LOW01.M2 || creature\nagabrute\nagabrute.mdx || creature\babynaga\babynaga.mdx || creature\Nagamale_HD\naga_male.mdx || creature\Nagafemale_HD\naga_female.mdx || Character\Naga_\Male\Naga_Male.mdx || Character\Naga_\Female\Naga_Female.mdx || Character\Naga\Male\Naga_HD_Male.mdx || Character\Naga\Female\Naga_HD_Female.mdx || SPELLS\7fx_nagawitch_devouringmawin_state.mdx || SPELLS\7fx_nagawitch_devouringmawout_state.mdx || SPELLS\7fx_nagawitch_dreadshark_impact.mdx || SPELLS\7fx_nagawitch_piranhado_state.mdx || SPELLS\7fx_nagawitch_piranha_state.mdx || SPELLS\7fx_nagawitch_watersplash_precast.mdx || SPELLS\7fx_nagawitch_watersplash_state.mdx || SPELLS\7fx_nagawitch_watertornado_state.mdx || SPELLS\leg_nagawitch_devouringmawin_state.mdx || SPELLS\leg_nagawitch_devouringmawout_state.mdx || SPELLS\leg_nagawitch_dreadshark_impact.mdx || SPELLS\leg_nagawitch_piranhado_state.mdx || SPELLS\leg_nagawitch_piranha_state.mdx || SPELLS\leg_nagawitch_watersplash_precast.mdx || SPELLS\leg_nagawitch_watersplash_state.mdx || SPELLS\leg_nagawitch_watertornado_state.mdx || SPELLS\nagalordshell_impact.mdx || SPELLS\nagalordshell_missile.mdx || SPELLS\polearm_2h_trident_naga_b_01green.mdx || World\Sirus\Naga_totem_air.mdx || World\Sirus\Naga_totem_earth.mdx || World\Sirus\Naga_totem_fire.mdx || World\Sirus\Naga_totem_water.mdx || Creature\CustomCharacters\Alaeth\AlaethNaga.mdx || creature\CustomCharacters\Thaloran\ThaloranNaga.mdx || Creature\Nagas\NagaHeavyMelee\NagaHeavyMelee.mdx || Creature\Nagas\NagaLightMelee\NagaLightMelee.mdx || Creature\Nagas\NagaLightCaster\NagaLightCaster.mdx || creature\s_druidbear_hd\s_naga_druid_bear.mdx || character\NagaSirusHD\male\Snaga_male.mdx || character\NagaSirusHD\female\Snaga_Female.mdx,D:\Sirus\_client\World of Warcraft Sirus\Naga_Extract_2026-10-03\NagaDatabaseAndGlue\ByArchive\ruRU\patch-ruRU-4.mpq\DBFilesClient\CreatureModelData.dbc
ruRU/patch-ruRU-4.mpq,dbfilesclient\gameobjectdisplayinfo.dbc,2969272,FCA80EADC4F12C552D81A60706EBAA4746C33DDD,World\Kalimdor\Blackfathom\PassiveDoodads\Braziers\BFD_NagaBrazier.mdx || World\Kalimdor\Blackfathom\PassiveDoodads\Statue\BFD_StatueNagaPriestess.mdx || World\Kalimdor\Azshara\PassiveDoodads\NagaFlags\NagaFlag01.mdx || World\Expansion01\Doodads\Generic\Naga\Ark\NA_Ark.mdx || World\Goober\G_NagaShellMissile.mdx || World\Expansion01\Doodads\Generic\Naga\Pagoda\NagaPagodaHut01.mdx || World\Expansion06\doodads\naga\7ng_naga_banner01.mdx || World\GENERIC\PASSIVEDOODADS\WEAPONS\naga_trident.mdx || World\KALIMDOR\AZSHARA\PASSIVEDOODADS\NagaFlags\NagaFlag01.mdx || World\KALIMDOR\AZSHARA\PASSIVEDOODADS\NagaFlags\NagaFlag02.mdx || World\KALIMDOR\AZSHARA\PASSIVEDOODADS\NagaPagoda\NagaPagoda02.mdx || World\KALIMDOR\BLACKFATHOM\PASSIVEDOODADS\Braziers\BFD_NagaBrazier.mdx || World\KALIMDOR\BLACKFATHOM\PASSIVEDOODADS\STATUE\BFD_StatueNagaPriestess.mdx || World\wmo\Azeroth\Collidable Doodads\Stranglethorn\StranglethornArenaGate\StrangleArenaGate01.wmo || World\wmo\Kalimdor\Buildings\NagaPagoda\NagaPagoda01.wmo || World\EXPANSION01\DOODADS\GENERIC\NAGA\Ark\NA_Ark.mdx || World\EXPANSION01\DOODADS\GENERIC\NAGA\Banner\NA_Banner01.mdx || World\EXPANSION01\DOODADS\GENERIC\NAGA\Crates\NA_Crate01.mdx || World\EXPANSION01\DOODADS\GENERIC\NAGA\Crates\NA_Crate02.mdx || World\EXPANSION01\DOODADS\GENERIC\NAGA\Distiller\NA_Distiller.mdx || World\EXPANSION01\DOODADS\GENERIC\NAGA\Jars\NA_Jar01.mdx || World\EXPANSION01\DOODADS\GENERIC\NAGA\Jars\NA_Jar02.mdx || World\EXPANSION01\DOODADS\GENERIC\NAGA\Pagoda\NagaPagodaHut01.mdx || World\EXPANSION01\DOODADS\GENERIC\NAGA\TORCH\NA_Torch01.mdx || World\EXPANSION01\DOODADS\GENERIC\NAGA\WeaponStacks\NA_WeaponStack01.mdx || World\EXPANSION01\DOODADS\GENERIC\NAGA\WeaponStacks\NA_WeaponStack02.mdx || World\wmo\Dungeon\MD_Mountaincave\MD_Nagacave.wmo || World\wmo\Kalimdor\Buildings\NagaPagoda\NagaPagodaHut02.wmo || World\wmo\Dungeon\MD_NagaTemple\MD_NagaTemple.wmo || World\wmo\Kalimdor\Buildings\NagaPagoda\ND_Naga_Pagoda_01.wmo || World\wmo\Kalimdor\Buildings\NagaPagoda\ND_Naga_Pagoda_02.wmo || World\wmo\Dungeon\md_mountaincave\md_nagacave.wmo || World\wmo\Dungeon\md_nagatemple\md_nagatemple.wmo,D:\Sirus\_client\World of Warcraft Sirus\Naga_Extract_2026-10-03\NagaDatabaseAndGlue\ByArchive\ruRU\patch-ruRU-4.mpq\dbfilesclient\gameobjectdisplayinfo.dbc
ruRU/patch-ruRU-4.mpq,dbfilesclient\itemdisplayinfo.dbc,13561684,BF323D58062AF10531660512E58C2DD590A6776D,Stave_2H_Naga_D_01.mdx || Stave_2H_Naga_D_01_Green || polearm_2h_trident_naga_b_01.mdx || polearm_2h_trident_naga_b_01blue || polearm_2h_trident_naga_b_01green || polearm_2h_trident_naga_b_01orange || polearm_2h_trident_naga_b_01yellow || polearm_2h_trident_naga_b_02.mdx || polearm_2h_trident_naga_b_03.mdx || inv_babynagablack || inv_babynagablue || inv_babynagagreen || inv_babynagasilver || knife_1h_naga_c_01.mdx || knife_1h_naga_c_01_blue || inv_knife_1h_naga_c_01 || knife_1h_naga_c_01_black || knife_1h_naga_c_01_green || knife_1h_naga_c_01_brown || knife_1h_naga_c_01_brown_azerite || knife_1h_naga_c_01_green_azerite || knife_1h_naga_c_01_black_azerite || knife_1h_naga_c_01_blue_azerite || hand_1h_naga_c_01.mdx || hand_1h_naga_c_01_normal || inv_hand_1h_naga_c_01 || hand_1h_naga_c_01_02 || hand_1h_naga_c_01_03 || hand_1h_naga_c_01_04 || mace_1h_naga_a_01.mdx || mace_1h_naga_a_01_blue || inv_mace_1h_naga_a_01 || mace_1h_naga_a_01_white || mace_1h_naga_a_01_green || mace_1h_naga_a_01_brown || mace_1h_naga_a_01_brown_azerite || mace_1h_naga_a_01_green_azerite || mace_1h_naga_a_01_white_azerite || mace_1h_naga_a_01_blue_azerite || offhand_1h_naga_c_01.mdx || offhand_1h_naga_c_01_red || inv_offhand_1h_naga_c_01 || offhand_1h_naga_c_01_dark || offhand_1h_naga_c_01_brown || offhand_1h_naga_c_01_green || hand_1h_naga_c_01left.mdx || shield_1h_naga_c_01.mdx || shield_1h_naga_c_01black || inv_shield_1h_naga_c_01 || shield_1h_naga_c_01green || shield_1h_naga_c_01purple || shield_1h_naga_c_01white,D:\Sirus\_client\World of Warcraft Sirus\Naga_Extract_2026-10-03\NagaDatabaseAndGlue\ByArchive\ruRU\patch-ruRU-4.mpq\dbfilesclient\itemdisplayinfo.dbc
ruRU/patch-ruRU-4.mpq,dbfilesclient\languagewords.dbc,36912,8C1E935F466F6AF3C1976F4C9F33C17B37939F78,Danagarde || Nagan || Nagas || Nagasraka || Melarnagas || Zennshinagas || Nagazh,D:\Sirus\_client\World of Warcraft Sirus\Naga_Extract_2026-10-03\NagaDatabaseAndGlue\ByArchive\ruRU\patch-ruRU-4.mpq\dbfilesclient\languagewords.dbc
ruRU/patch-ruRU-4.mpq,dbfilesclient\loadingscreens.dbc,13409,A73A887429C5A6A0125DF4C02D930927F2A786E2,loadingscreen_naga_start || interface\glues\loadingscreens\loadingscreen_naga_start.blp,D:\Sirus\_client\World of Warcraft Sirus\Naga_Extract_2026-10-03\NagaDatabaseAndGlue\ByArchive\ruRU\patch-ruRU-4.mpq\dbfilesclient\loadingscreens.dbc
ruRU/patch-ruRU-4.mpq,dbfilesclient\namegen.dbc,450877,8396754E0DEE93CE87F98FE7746C21C564CADDE7,Flanagan || Naga || Lunagaux,D:\Sirus\_client\World of Warcraft Sirus\Naga_Extract_2026-10-03\NagaDatabaseAndGlue\ByArchive\ruRU\patch-ruRU-4.mpq\dbfilesclient\namegen.dbc
ruRU/patch-ruRU-4.mpq,dbfilesclient\namesprofanity.dbc,134417,7CD044F967DA37F44BAD0F6BA33683D040371417,\<naga[sz]aki\>,D:\Sirus\_client\World of Warcraft Sirus\Naga_Extract_2026-10-03\NagaDatabaseAndGlue\ByArchive\ruRU\patch-ruRU-4.mpq\dbfilesclient\namesprofanity.dbc
ruRU/patch-ruRU-4.mpq,dbfilesclient\soundentries.dbc,5774894,E9536D816701FFFD487080F0C562CC08C9299930,NagaAttack || NagaAttackA.wav || NagaAttackB.wav || NagaAttackC.wav || Sound\Creature\Naga || NagaWound || NagaWoundA.wav || NagaWoundB.wav || NagaWoundC.wav || NagaWoundCrit || NagaWoundCrit.wav || NagaDeath || NagaDeath.wav || NagaPreAggro || NagaPreAggro.wav || NagaAggro || NagaAggro.wav || NagaFemaleAttackA.wav || NagaFemaleAttackB.wav || NagaFemaleAttackC.wav || Sound\Creature\NagaFemale || NagaFemaleWoundA.wav || NagaFemaleWoundB.wav || NagaFemaleWoundC.wav || NagaFemaleWoundCrit.wav || NagaFemaleDeathA.wav || NagaFemalePreAggro.wav || NagaFemaleAggro.wav || Zone-AzuremystNagaWalking || AI_NagaWalkUni01.mp3 || AI_NagaWalkUni02.mp3 || AI_NagaWalkUni03.mp3 || AI_NagaWalkUni04.mp3 || AI_NagaWalkUni05.mp3 || Momment-BloodmystNaga || BI_NagaIntro01.mp3 || Intro-BloodmystNaga || BI_NagaIntro01r.mp3 || Creature_NagaDistiller || NagaMissileLoop || NagaMissileLoop.wav || NagaLordAttack || NagaLordWound || NagaLordWoundCrit || NagaLordDeath || NagaLordPreAggro || NagaLordAggro || MUS_LostIslesNaga || mus_vashjirnaga_gu02.mp3 || mus_vashjirnaga_gu06.mp3 || mus_vashjirnagathrone_gu01.mp3 || mus_vashjirnagathrone_gu04.mp3 || mus_vashjirnaga_gu01.mp3 || mus_vashjirnaga_gu03.mp3 || mus_vashjirnaga_gu04.mp3 || MUS_VashjirNaga || mus_vashjirnaga_gu05.mp3 || mus_vashjirnagathrone_gu02.mp3 || mus_vashjirnagathrone_gu03.mp3 || mus_vashjirnagathrone_gu05.mp3 || mus_vashjirnagathrone_gu06.mp3 || Naga feMale Vocal 02 (charge) || NagaFemaleCharge1.wav || NagaFemaleCharge2.wav || NagaFemaleCharge3.wav || NagaFemaleCharge4.wav || Sound\Character\Naga\female || NagaFemaleFlee1.wav || NagaFemaleFlee2.wav || NagaFemaleFlirt1.wav || NagaFemaleFlirt2.wav || NagaFemaleFlirt3.wav || NagaFemaleFlirt4.wav || NagaFemaleFollow1.wav || NagaFemaleHello1.wav || NagaFemaleJoke.wav || NagaFemaleNo1.wav || NagaFemaleNo2.wav || NagaFemaleThankYou.wav || NagaFemaleWait.wav,D:\Sirus\_client\World of Warcraft Sirus\Naga_Extract_2026-10-03\NagaDatabaseAndGlue\ByArchive\ruRU\patch-ruRU-4.mpq\dbfilesclient\soundentries.dbc
ruRU/patch-ruRU-4.mpq,dbfilesclient\soundfilter.dbc,1861,0A2D889A07B246BF353DDBCF5BED94695E1FA48F,Death Knight Naga Male || Death Knight Naga Female,D:\Sirus\_client\World of Warcraft Sirus\Naga_Extract_2026-10-03\NagaDatabaseAndGlue\ByArchive\ruRU\patch-ruRU-4.mpq\dbfilesclient\soundfilter.dbc
ruRU/patch-ruRU-4.mpq,dbfilesclient\spellicon.dbc,402234,6E79935DD6A095CF5B219DD8127326E0A45CF3CE,Interface\Icons\Spell_Magic_ManaGain || interface\icons\slithice-naga-siren || interface\icons\inv_misc_nagamale || interface\icons\inv_babynagablack || interface\icons\inv_babynagablue || interface\icons\inv_babynagagreen || interface\icons\inv_babynagasilver || interface\icons\spell_naga_armor_racial || interface\icons\spell_naga_weapon_racial || interface\icons\ability_racial_naga_blessing_of_tides_agi || interface\icons\ability_racial_naga_blessing_of_tides_stm || interface\icons\ability_racial_naga_blessing_of_tides_int || interface\icons\ability_racial_naga_blessing_of_tides_mp5 || interface\icons\ability_racial_naga_blessing_of_tides_spirit || interface\icons\Naga_Snake,D:\Sirus\_client\World of Warcraft Sirus\Naga_Extract_2026-10-03\NagaDatabaseAndGlue\ByArchive\ruRU\patch-ruRU-4.mpq\dbfilesclient\spellicon.dbc
ruRU/patch-ruRU-4.mpq,dbfilesclient\zoneintromusictable.dbc,7938,9950E35BD88232E470E643C84B2F499B0AF18598,BloodmystNaga,D:\Sirus\_client\World of Warcraft Sirus\Naga_Extract_2026-10-03\NagaDatabaseAndGlue\ByArchive\ruRU\patch-ruRU-4.mpq\dbfilesclient\zoneintromusictable.dbc
ruRU/patch-ruRU-4.mpq,dbfilesclient\zonemusic.dbc,25558,55475AE9E80314BDE5777E9CD028E27D2E548DD0,Zone-AzuremystNagaWalkingUni || Zone-LostIslesNaga || Zone-VashjirNaga || ZONE_80_Vol'dun_Naga,D:\Sirus\_client\World of Warcraft Sirus\Naga_Extract_2026-10-03\NagaDatabaseAndGlue\ByArchive\ruRU\patch-ruRU-4.mpq\dbfilesclient\zonemusic.dbc
ruRU/patch-ruRU-4.mpq,dbfilesclient\areapoi.dbc,589964,A1CF105373086C9CBD5BF6174BCA32AC98284672,naga Azul || 1854 Naga Graveyard || 1855 Naga Graveyard || 1856 Naga Graveyard || 1857 Naga Graveyard,D:\Sirus\_client\World of Warcraft Sirus\Naga_Extract_2026-10-03\NagaDatabaseAndGlue\ByArchive\ruRU\patch-ruRU-4.mpq\dbfilesclient\areapoi.dbc
ruRU/patch-ruRU-4.mpq,dbfilesclient\achievement.dbc,1894689,D7AAE15C12589EDE80D2691DF508F66E9F5D10CC,naga || naga) || Nagaslayer || Complete quest 'Nemesis: Nagaslayer' 5 times.,D:\Sirus\_client\World of Warcraft Sirus\Naga_Extract_2026-10-03\NagaDatabaseAndGlue\ByArchive\ruRU\patch-ruRU-4.mpq\dbfilesclient\achievement.dbc
ruRU/patch-ruRU-4.mpq,dbfilesclient\chrraces.dbc,15571,04EF024740515917E6E40F67EB9FA1DF558E8A55,Naga || Naga_,D:\Sirus\_client\World of Warcraft Sirus\Naga_Extract_2026-10-03\NagaDatabaseAndGlue\ByArchive\ruRU\patch-ruRU-4.mpq\dbfilesclient\chrraces.dbc
ruRU/patch-ruRU-4.mpq,DBFilesClient\LfgDungeons.dbc,47516,29DE061094EF288B7ECF16792AA93E724DB38463,naga || naga Negra,D:\Sirus\_client\World of Warcraft Sirus\Naga_Extract_2026-10-03\NagaDatabaseAndGlue\ByArchive\ruRU\patch-ruRU-4.mpq\DBFilesClient\LfgDungeons.dbc
ruRU/patch-ruRU-4.mpq,DBFilesClient\Map.dbc,105108,544D6F462E1D6C8C2B3AB93EBBD99F597BA4059D,naga || Naga,D:\Sirus\_client\World of Warcraft Sirus\Naga_Extract_2026-10-03\NagaDatabaseAndGlue\ByArchive\ruRU\patch-ruRU-4.mpq\DBFilesClient\Map.dbc
ruRU/patch-ruRU-4.mpq,DBFilesClient\AreaTable.dbc,665749,9D7EF3A50E41C3BAC6851F78A2E1A56627116810,naga Azul || naga de Fuego || naga Negra || naga Talada || naga || El Cenagal Escalofr || naga Bru,D:\Sirus\_client\World of Warcraft Sirus\Naga_Extract_2026-10-03\NagaDatabaseAndGlue\ByArchive\ruRU\patch-ruRU-4.mpq\DBFilesClient\AreaTable.dbc
ruRU/patch-ruRU-4.mpq,DBFilesClient\SpellItemEnchantment.dbc,1800575,53BC8D11AD642FF8D4A8D6557A3DF2ADA92334AF,:SEnch_8fx_nagacentaur_unstablemixture_impact|r,D:\Sirus\_client\World of Warcraft Sirus\Naga_Extract_2026-10-03\NagaDatabaseAndGlue\ByArchive\ruRU\patch-ruRU-4.mpq\DBFilesClient\SpellItemEnchantment.dbc
ruRU/patch-ruRU-4.mpq,dbfilesclient\spell.dbc,98125696,55EBCD19F375A235C6439A3E13FC1EAF5DD08FF1,"Places gem in Naga statue. || Place la gemme dans la Statue de naga. || Platziert den Edelstein in der Nagastatue. || Deja la gema en la estatua naga. || Naga Statue Spell || Sort de Statue de naga || Zauber 'Nagastatue' || Hechizo de estatua naga || naga Negra. || naga || rnaga || rnaga. || naga, La C || WingsN(Naga) || NAGAMOUNT",D:\Sirus\_client\World of Warcraft Sirus\Naga_Extract_2026-10-03\NagaDatabaseAndGlue\ByArchive\ruRU\patch-ruRU-4.mpq\dbfilesclient\spell.dbc
ruRU/patch-ruRU-4.mpq,DBFilesClient\Faction.dbc,225154,82DAD7810F18BC2C0D0EC4BEB0A5B5784247CCCA,"Naga || nagas del sur de la Marisma de Zangar. || PLAYER, Naga",D:\Sirus\_client\World of Warcraft Sirus\Naga_Extract_2026-10-03\NagaDatabaseAndGlue\ByArchive\ruRU\patch-ruRU-4.mpq\DBFilesClient\Faction.dbc
ruRU/patch-ruRU-4.mpq,dbfilesclient\spellfocusobject.dbc,96602,2388C6D457D2E551B655C4E5952F1C673507D0C0,you to be in Traitor's Cove while the Naga Flag is up. || tre pendant que le drapeau naga est dress || hrend die Nagaflagge gehisst ist. || s en la cala del Traidor mientras que la bandera naga est,D:\Sirus\_client\World of Warcraft Sirus\Naga_Extract_2026-10-03\NagaDatabaseAndGlue\ByArchive\ruRU\patch-ruRU-4.mpq\dbfilesclient\spellfocusobject.dbc
ruRU/patch-ruRU-4.mpq,DBFilesClient\WMOAreaTable.dbc,2816291,70A3992EB8EE0555A3D8ACBD85CA60F2EF1E6549,La Cienaga de la Desesperacion,D:\Sirus\_client\World of Warcraft Sirus\Naga_Extract_2026-10-03\NagaDatabaseAndGlue\ByArchive\ruRU\patch-ruRU-4.mpq\DBFilesClient\WMOAreaTable.dbc
ruRU/patch-ruRU-4.mpq,dbfilesclient\skillline.dbc,88869,1CADBC0524E00B8851F71BFECE38FF612B946DD8,Racial - Naga,D:\Sirus\_client\World of Warcraft Sirus\Naga_Extract_2026-10-03\NagaDatabaseAndGlue\ByArchive\ruRU\patch-ruRU-4.mpq\dbfilesclient\skillline.dbc
ruRU/patch-ruRU-4.mpq,DBFilesClient\WorldSafeLocs.dbc,227895,8BCD5801D4094595332557697DAFA582D0B5F44D,naga de Fuego || Naga Graveyard,D:\Sirus\_client\World of Warcraft Sirus\Naga_Extract_2026-10-03\NagaDatabaseAndGlue\ByArchive\ruRU\patch-ruRU-4.mpq\DBFilesClient\WorldSafeLocs.dbc
ruRU/patch-ruRU-i.mpq,Interface\GlueXML\GlueParent.lua,30739,C1940CB86C25A06D7B933418212B1D30E73B7B4B,"GlueAmbienceTracks[""NAGA""] = ""GlueScreenNightElf""; || NAGA = {",D:\Sirus\_client\World of Warcraft Sirus\Naga_Extract_2026-10-03\NagaDatabaseAndGlue\ByArchive\ruRU\patch-ruRU-i.mpq\Interface\GlueXML\GlueParent.lua
ruRU/patch-ruRU-i.mpq,Interface\GlueXML\GlueStrings.lua,231800,E79618DA66BDF019C3AE5CCBB23FEDCE34E53733,"CHAR_INFO_RACE_NAGA_DESC = "" || CHAR_INFO_RACE_NAGA_SPELL_ACTIVE1_SHORT = ""spell_naga_weapon_racial| || CHAR_INFO_RACE_NAGA_SPELL_ACTIVE2_SHORT = ""inv_elemental_crystal_water| || CHAR_INFO_RACE_NAGA_SPELL_PASSIVE1_SHORT = ""inv_misc_nagamale| || CHAR_INFO_RACE_NAGA_SPELL_PASSIVE2_SHORT = ""spell_frost_summonwaterelemental| || CHAR_INFO_RACE_NAGA_SPELL_PASSIVE3_SHORT = ""spell_naga_armor_racial|",D:\Sirus\_client\World of Warcraft Sirus\Naga_Extract_2026-10-03\NagaDatabaseAndGlue\ByArchive\ruRU\patch-ruRU-i.mpq\Interface\GlueXML\GlueStrings.lua
ruRU/patch-ruRU-i.mpq,Interface\GlueXML\Constants.lua,15100,835BD0C943801C1F54D7E4DCB950A7758220D32D,"{ file=""Naga"", w=512, h=512, offsetx=128, offsety=0, maxAlpha=0.4 },",D:\Sirus\_client\World of Warcraft Sirus\Naga_Extract_2026-10-03\NagaDatabaseAndGlue\ByArchive\ruRU\patch-ruRU-i.mpq\Interface\GlueXML\Constants.lua
