MPQPath,LocalPath,Size,Version,SequenceCount,SkinProfiles,ExternalAnimations
Character\Naga_\Female\Naga_Female.m2,D:\Sirus\_client\World of Warcraft Sirus\Naga_Extract_2026-10-03\ByArchive\common.mpq\Character\Naga_\Female\Naga_Female.m2,738384,264,39,4,1
Character\Naga_\Male\Naga_Male.m2,D:\Sirus\_client\World of Warcraft Sirus\Naga_Extract_2026-10-03\ByArchive\common.mpq\Character\Naga_\Male\Naga_Male.m2,798832,264,40,4,2
Creature\NagaFemale\Siren.M2,D:\Sirus\_client\World of Warcraft Sirus\Naga_Extract_2026-10-03\ByArchive\common.mpq\Creature\NagaFemale\Siren.M2,706224,264,39,4,1
Creature\NAGALORDMALE\NagaLordMale.M2,D:\Sirus\_client\World of Warcraft Sirus\Naga_Extract_2026-10-03\ByArchive\common.mpq\Creature\NAGALORDMALE\NagaLordMale.M2,776432,264,40,3,2
Creature\NagaMale\NagaMale.m2,D:\Sirus\_client\World of Warcraft Sirus\Naga_Extract_2026-10-03\ByArchive\common.mpq\Creature\NagaMale\NagaMale.m2,746048,264,40,4,2
Creature\QuestObjects\Creature_NagaDistiller.M2,D:\Sirus\_client\World of Warcraft Sirus\Naga_Extract_2026-10-03\ByArchive\common.mpq\Creature\QuestObjects\Creature_NagaDistiller.M2,208192,264,2,2,0
ITEM\ObjectComponents\Weapon\Stave_2H_Naga_D_01.m2,D:\Sirus\_client\World of Warcraft Sirus\Naga_Extract_2026-10-03\ByArchive\common.mpq\ITEM\ObjectComponents\Weapon\Stave_2H_Naga_D_01.m2,27008,264,1,1,0
SPELLS\NagaLordShell_Impact.m2,D:\Sirus\_client\World of Warcraft Sirus\Naga_Extract_2026-10-03\ByArchive\common.mpq\SPELLS\NagaLordShell_Impact.m2,8064,264,1,1,0
SPELLS\NagaLordShell_Missile.m2,D:\Sirus\_client\World of Warcraft Sirus\Naga_Extract_2026-10-03\ByArchive\common.mpq\SPELLS\NagaLordShell_Missile.m2,16592,264,40,1,0
World\Expansion01\Doodads\Generic\Naga\ARK\NA_Ark.M2,D:\Sirus\_client\World of Warcraft Sirus\Naga_Extract_2026-10-03\ByArchive\common.mpq\World\Expansion01\Doodads\Generic\Naga\ARK\NA_Ark.M2,58640,264,1,1,0
World\Expansion01\Doodads\Generic\Naga\Banner\NA_Banner01.m2,D:\Sirus\_client\World of Warcraft Sirus\Naga_Extract_2026-10-03\ByArchive\common.mpq\World\Expansion01\Doodads\Generic\Naga\Banner\NA_Banner01.m2,18576,264,1,1,0
World\Expansion01\Doodads\Generic\Naga\Crates\NA_Crate01.m2,D:\Sirus\_client\World of Warcraft Sirus\Naga_Extract_2026-10-03\ByArchive\common.mpq\World\Expansion01\Doodads\Generic\Naga\Crates\NA_Crate01.m2,14928,264,1,1,0
World\Expansion01\Doodads\Generic\Naga\Crates\NA_Crate02.m2,D:\Sirus\_client\World of Warcraft Sirus\Naga_Extract_2026-10-03\ByArchive\common.mpq\World\Expansion01\Doodads\Generic\Naga\Crates\NA_Crate02.m2,16272,264,1,1,0
World\Expansion01\Doodads\Generic\Naga\Distiller\NA_Distiller.m2,D:\Sirus\_client\World of Warcraft Sirus\Naga_Extract_2026-10-03\ByArchive\common.mpq\World\Expansion01\Doodads\Generic\Naga\Distiller\NA_Distiller.m2,93120,264,1,1,0
World\Expansion01\Doodads\Generic\Naga\Jars\NA_Jar01.m2,D:\Sirus\_client\World of Warcraft Sirus\Naga_Extract_2026-10-03\ByArchive\common.mpq\World\Expansion01\Doodads\Generic\Naga\Jars\NA_Jar01.m2,9312,264,1,1,0
World\Expansion01\Doodads\Generic\Naga\Jars\NA_Jar02.m2,D:\Sirus\_client\World of Warcraft Sirus\Naga_Extract_2026-10-03\ByArchive\common.mpq\World\Expansion01\Doodads\Generic\Naga\Jars\NA_Jar02.m2,8688,264,1,1,0
World\Expansion01\Doodads\Generic\Naga\Pagoda\NagaPagodaHut01.m2,D:\Sirus\_client\World of Warcraft Sirus\Naga_Extract_2026-10-03\ByArchive\common.mpq\World\Expansion01\Doodads\Generic\Naga\Pagoda\NagaPagodaHut01.m2,38528,264,1,1,0
World\Expansion01\Doodads\Generic\Naga\TORCH\NA_Torch01.m2,D:\Sirus\_client\World of Warcraft Sirus\Naga_Extract_2026-10-03\ByArchive\common.mpq\World\Expansion01\Doodads\Generic\Naga\TORCH\NA_Torch01.m2,26016,264,1,1,0
World\Expansion01\Doodads\Generic\Naga\WeaponStacks\NA_WeaponStack01.M2,D:\Sirus\_client\World of Warcraft Sirus\Naga_Extract_2026-10-03\ByArchive\common.mpq\World\Expansion01\Doodads\Generic\Naga\WeaponStacks\NA_WeaponStack01.M2,38480,264,1,1,0
World\Expansion01\Doodads\Generic\Naga\WeaponStacks\NA_WeaponStack02.m2,D:\Sirus\_client\World of Warcraft Sirus\Naga_Extract_2026-10-03\ByArchive\common.mpq\World\Expansion01\Doodads\Generic\Naga\WeaponStacks\NA_WeaponStack02.m2,34528,264,1,1,0
World\Generic\PassiveDoodads\Weapons\naga_trident.M2,D:\Sirus\_client\World of Warcraft Sirus\Naga_Extract_2026-10-03\ByArchive\common.mpq\World\Generic\PassiveDoodads\Weapons\naga_trident.M2,8368,264,1,1,0
World\Goober\G_NagaShellMissile.M2,D:\Sirus\_client\World of Warcraft Sirus\Naga_Extract_2026-10-03\ByArchive\common.mpq\World\Goober\G_NagaShellMissile.M2,16640,264,40,1,0
World\KALIMDOR\Azshara\PassiveDoodads\NAGAFLAGS\NagaFlag01.M2,D:\Sirus\_client\World of Warcraft Sirus\Naga_Extract_2026-10-03\ByArchive\common.mpq\World\KALIMDOR\Azshara\PassiveDoodads\NAGAFLAGS\NagaFlag01.M2,7376,264,1,1,0
World\KALIMDOR\Azshara\PassiveDoodads\NAGAFLAGS\NagaFlag02.M2,D:\Sirus\_client\World of Warcraft Sirus\Naga_Extract_2026-10-03\ByArchive\common.mpq\World\KALIMDOR\Azshara\PassiveDoodads\NAGAFLAGS\NagaFlag02.M2,5776,264,1,1,0
World\KALIMDOR\Azshara\PassiveDoodads\NagaPagoda\NagaPagoda02.M2,D:\Sirus\_client\World of Warcraft Sirus\Naga_Extract_2026-10-03\ByArchive\common.mpq\World\KALIMDOR\Azshara\PassiveDoodads\NagaPagoda\NagaPagoda02.M2,33728,264,1,1,0
World\KALIMDOR\BLACKFATHOM\PASSIVEDOODADS\BRAZIERS\BFD_NagaBrazier.M2,D:\Sirus\_client\World of Warcraft Sirus\Naga_Extract_2026-10-03\ByArchive\common.mpq\World\KALIMDOR\BLACKFATHOM\PASSIVEDOODADS\BRAZIERS\BFD_NagaBrazier.M2,7216,264,3,1,0
World\KALIMDOR\BLACKFATHOM\PASSIVEDOODADS\STATUE\BFD_StatueNagaPriestess.M2,D:\Sirus\_client\World of Warcraft Sirus\Naga_Extract_2026-10-03\ByArchive\common.mpq\World\KALIMDOR\BLACKFATHOM\PASSIVEDOODADS\STATUE\BFD_StatueNagaPriestess.M2,87744,264,1,1,0
Creature\babynaga\babynaga.m2,D:\Sirus\_client\World of Warcraft Sirus\Naga_Extract_2026-10-03\ByArchive\patch-5.MPQ\Creature\babynaga\babynaga.m2,779066,264,43,2,2
Creature\NagaBrute\NagaBrute.m2,D:\Sirus\_client\World of Warcraft Sirus\Naga_Extract_2026-10-03\ByArchive\patch-5.MPQ\Creature\NagaBrute\NagaBrute.m2,1824026,264,62,2,9
ITEM\ObjectComponents\Weapon\Polearm_2H_Trident_Naga_B_01.M2,D:\Sirus\_client\World of Warcraft Sirus\Naga_Extract_2026-10-03\ByArchive\patch-6.MPQ\ITEM\ObjectComponents\Weapon\Polearm_2H_Trident_Naga_B_01.M2,41004,264,1,1,0
ITEM\ObjectComponents\Weapon\Polearm_2H_Trident_Naga_B_02.M2,D:\Sirus\_client\World of Warcraft Sirus\Naga_Extract_2026-10-03\ByArchive\patch-6.MPQ\ITEM\ObjectComponents\Weapon\Polearm_2H_Trident_Naga_B_02.M2,39420,264,1,1,0
ITEM\ObjectComponents\Weapon\Polearm_2H_Trident_Naga_B_03.M2,D:\Sirus\_client\World of Warcraft Sirus\Naga_Extract_2026-10-03\ByArchive\patch-6.MPQ\ITEM\ObjectComponents\Weapon\Polearm_2H_Trident_Naga_B_03.M2,10988,264,1,1,0
World\Expansion01\Doodads\Generic\Naga\Artifact\NA_Artifact01.M2,D:\Sirus\_client\World of Warcraft Sirus\Naga_Extract_2026-10-03\ByArchive\patch-6.MPQ\World\Expansion01\Doodads\Generic\Naga\Artifact\NA_Artifact01.M2,76476,264,1,1,0
World\Expansion01\Doodads\Generic\Naga\Crates\NA_Barricade_01.M2,D:\Sirus\_client\World of Warcraft Sirus\Naga_Extract_2026-10-03\ByArchive\patch-6.MPQ\World\Expansion01\Doodads\Generic\Naga\Crates\NA_Barricade_01.M2,63324,264,1,1,0
World\Expansion01\Doodads\Generic\Naga\Crates\NA_Barricade_Pole.M2,D:\Sirus\_client\World of Warcraft Sirus\Naga_Extract_2026-10-03\ByArchive\patch-6.MPQ\World\Expansion01\Doodads\Generic\Naga\Crates\NA_Barricade_Pole.M2,13388,264,1,1,0
World\Expansion01\Doodads\Generic\Naga\Crates\NA_Barricade_Shell_01.M2,D:\Sirus\_client\World of Warcraft Sirus\Naga_Extract_2026-10-03\ByArchive\patch-6.MPQ\World\Expansion01\Doodads\Generic\Naga\Crates\NA_Barricade_Shell_01.M2,22652,264,1,1,0
World\Expansion01\Doodads\Generic\Naga\Crates\NA_Barricade_Shell_02.M2,D:\Sirus\_client\World of Warcraft Sirus\Naga_Extract_2026-10-03\ByArchive\patch-6.MPQ\World\Expansion01\Doodads\Generic\Naga\Crates\NA_Barricade_Shell_02.M2,9148,264,1,1,0
World\Expansion06\Doodads\dungeon\doodads\7du_tombofsargeras_nagathrone01.m2,D:\Sirus\_client\World of Warcraft Sirus\Naga_Extract_2026-10-03\ByArchive\patch-6.MPQ\World\Expansion06\Doodads\dungeon\doodads\7du_tombofsargeras_nagathrone01.m2,237360,264,1,1,0
World\Expansion06\Doodads\Naga\7ng_naga_banner01.m2,D:\Sirus\_client\World of Warcraft Sirus\Naga_Extract_2026-10-03\ByArchive\patch-6.MPQ\World\Expansion06\Doodads\Naga\7ng_naga_banner01.m2,63192,264,3,1,0
World\Expansion06\Doodads\Naga\7ng_naga_barricade01.m2,D:\Sirus\_client\World of Warcraft Sirus\Naga_Extract_2026-10-03\ByArchive\patch-6.MPQ\World\Expansion06\Doodads\Naga\7ng_naga_barricade01.m2,30796,264,1,1,0
World\Expansion06\Doodads\Naga\7ng_naga_barricade02.m2,D:\Sirus\_client\World of Warcraft Sirus\Naga_Extract_2026-10-03\ByArchive\patch-6.MPQ\World\Expansion06\Doodads\Naga\7ng_naga_barricade02.m2,16732,264,1,1,0
World\Expansion06\Doodads\Naga\7ng_naga_brazier01.m2,D:\Sirus\_client\World of Warcraft Sirus\Naga_Extract_2026-10-03\ByArchive\patch-6.MPQ\World\Expansion06\Doodads\Naga\7ng_naga_brazier01.m2,1922,264,1,1,0
World\Expansion06\Doodads\Naga\7ng_naga_brazier02.m2,D:\Sirus\_client\World of Warcraft Sirus\Naga_Extract_2026-10-03\ByArchive\patch-6.MPQ\World\Expansion06\Doodads\Naga\7ng_naga_brazier02.m2,1922,264,1,1,0
World\Expansion06\Doodads\Naga\7ng_naga_cage.m2,D:\Sirus\_client\World of Warcraft Sirus\Naga_Extract_2026-10-03\ByArchive\patch-6.MPQ\World\Expansion06\Doodads\Naga\7ng_naga_cage.m2,41768,264,5,1,0
World\Expansion06\Doodads\Naga\7ng_naga_cannon.m2,D:\Sirus\_client\World of Warcraft Sirus\Naga_Extract_2026-10-03\ByArchive\patch-6.MPQ\World\Expansion06\Doodads\Naga\7ng_naga_cannon.m2,178136,264,3,2,0
World\Expansion06\Doodads\Naga\7ng_naga_chestlarge_open01.m2,D:\Sirus\_client\World of Warcraft Sirus\Naga_Extract_2026-10-03\ByArchive\patch-6.MPQ\World\Expansion06\Doodads\Naga\7ng_naga_chestlarge_open01.m2,74426,264,1,1,0
World\Expansion06\Doodads\Naga\7ng_naga_chestsmall_closed01.m2,D:\Sirus\_client\World of Warcraft Sirus\Naga_Extract_2026-10-03\ByArchive\patch-6.MPQ\World\Expansion06\Doodads\Naga\7ng_naga_chestsmall_closed01.m2,30866,264,5,1,0
World\Expansion06\Doodads\Naga\7ng_naga_chestsmall_open01.m2,D:\Sirus\_client\World of Warcraft Sirus\Naga_Extract_2026-10-03\ByArchive\patch-6.MPQ\World\Expansion06\Doodads\Naga\7ng_naga_chestsmall_open01.m2,28850,264,1,1,0
World\Expansion06\Doodads\Naga\7ng_naga_glaive.m2,D:\Sirus\_client\World of Warcraft Sirus\Naga_Extract_2026-10-03\ByArchive\patch-6.MPQ\World\Expansion06\Doodads\Naga\7ng_naga_glaive.m2,7096,264,1,1,0
World\Expansion06\Doodads\Naga\7ng_naga_harpoon.m2,D:\Sirus\_client\World of Warcraft Sirus\Naga_Extract_2026-10-03\ByArchive\patch-6.MPQ\World\Expansion06\Doodads\Naga\7ng_naga_harpoon.m2,10184,264,1,1,0
World\Expansion06\Doodads\Naga\7ng_naga_incubator.m2,D:\Sirus\_client\World of Warcraft Sirus\Naga_Extract_2026-10-03\ByArchive\patch-6.MPQ\World\Expansion06\Doodads\Naga\7ng_naga_incubator.m2,128338,264,2,1,0
World\Expansion06\Doodads\Naga\7ng_naga_jar01.m2,D:\Sirus\_client\World of Warcraft Sirus\Naga_Extract_2026-10-03\ByArchive\patch-6.MPQ\World\Expansion06\Doodads\Naga\7ng_naga_jar01.m2,7510,264,1,1,0
World\Expansion06\Doodads\Naga\7ng_naga_lamp.m2,D:\Sirus\_client\World of Warcraft Sirus\Naga_Extract_2026-10-03\ByArchive\patch-6.MPQ\World\Expansion06\Doodads\Naga\7ng_naga_lamp.m2,1906,264,1,1,0
World\Expansion06\Doodads\Naga\7ng_naga_lamp_post.m2,D:\Sirus\_client\World of Warcraft Sirus\Naga_Extract_2026-10-03\ByArchive\patch-6.MPQ\World\Expansion06\Doodads\Naga\7ng_naga_lamp_post.m2,1922,264,1,1,0
World\Expansion06\Doodads\Naga\7ng_naga_magicorb01.m2,D:\Sirus\_client\World of Warcraft Sirus\Naga_Extract_2026-10-03\ByArchive\patch-6.MPQ\World\Expansion06\Doodads\Naga\7ng_naga_magicorb01.m2,1922,264,1,1,0
World\Expansion06\Doodads\Naga\7NG_Naga_Naugilus01.m2,D:\Sirus\_client\World of Warcraft Sirus\Naga_Extract_2026-10-03\ByArchive\patch-6.MPQ\World\Expansion06\Doodads\Naga\7NG_Naga_Naugilus01.m2,36962,264,1,1,0
World\Expansion06\Doodads\Naga\7ng_naga_netlauncher01.m2,D:\Sirus\_client\World of Warcraft Sirus\Naga_Extract_2026-10-03\ByArchive\patch-6.MPQ\World\Expansion06\Doodads\Naga\7ng_naga_netlauncher01.m2,1922,264,1,1,0
World\Expansion06\Doodads\Naga\7ng_naga_post01.m2,D:\Sirus\_client\World of Warcraft Sirus\Naga_Extract_2026-10-03\ByArchive\patch-6.MPQ\World\Expansion06\Doodads\Naga\7ng_naga_post01.m2,1906,264,1,1,0
World\Expansion06\Doodads\Naga\7ng_naga_post02.m2,D:\Sirus\_client\World of Warcraft Sirus\Naga_Extract_2026-10-03\ByArchive\patch-6.MPQ\World\Expansion06\Doodads\Naga\7ng_naga_post02.m2,1906,264,1,1,0
World\Expansion06\Doodads\Naga\7ng_naga_post03.m2,D:\Sirus\_client\World of Warcraft Sirus\Naga_Extract_2026-10-03\ByArchive\patch-6.MPQ\World\Expansion06\Doodads\Naga\7ng_naga_post03.m2,1906,264,1,1,0
World\Expansion06\Doodads\Naga\7ng_naga_sconce.m2,D:\Sirus\_client\World of Warcraft Sirus\Naga_Extract_2026-10-03\ByArchive\patch-6.MPQ\World\Expansion06\Doodads\Naga\7ng_naga_sconce.m2,1906,264,1,1,0
World\Expansion06\Doodads\Naga\7ng_naga_scroll01.m2,D:\Sirus\_client\World of Warcraft Sirus\Naga_Extract_2026-10-03\ByArchive\patch-6.MPQ\World\Expansion06\Doodads\Naga\7ng_naga_scroll01.m2,1922,264,1,1,0
World\Expansion06\Doodads\Naga\7ng_naga_scroll02.m2,D:\Sirus\_client\World of Warcraft Sirus\Naga_Extract_2026-10-03\ByArchive\patch-6.MPQ\World\Expansion06\Doodads\Naga\7ng_naga_scroll02.m2,1922,264,1,1,0
World\Expansion06\Doodads\Naga\7NG_Naga_Shell.m2,D:\Sirus\_client\World of Warcraft Sirus\Naga_Extract_2026-10-03\ByArchive\patch-6.MPQ\World\Expansion06\Doodads\Naga\7NG_Naga_Shell.m2,19922,264,1,1,0
World\Expansion06\Doodads\Naga\7ng_naga_shield.m2,D:\Sirus\_client\World of Warcraft Sirus\Naga_Extract_2026-10-03\ByArchive\patch-6.MPQ\World\Expansion06\Doodads\Naga\7ng_naga_shield.m2,5895,264,1,1,0
World\Expansion06\Doodads\Naga\7ng_naga_supplies01.m2,D:\Sirus\_client\World of Warcraft Sirus\Naga_Extract_2026-10-03\ByArchive\patch-6.MPQ\World\Expansion06\Doodads\Naga\7ng_naga_supplies01.m2,110762,264,1,1,0
World\Expansion06\Doodads\Naga\7ng_naga_supplies02.m2,D:\Sirus\_client\World of Warcraft Sirus\Naga_Extract_2026-10-03\ByArchive\patch-6.MPQ\World\Expansion06\Doodads\Naga\7ng_naga_supplies02.m2,149981,264,1,1,0
World\Expansion06\Doodads\Naga\7ng_naga_supplies03.m2,D:\Sirus\_client\World of Warcraft Sirus\Naga_Extract_2026-10-03\ByArchive\patch-6.MPQ\World\Expansion06\Doodads\Naga\7ng_naga_supplies03.m2,403608,264,1,1,0
World\Expansion06\Doodads\Naga\7ng_naga_tent01.m2,D:\Sirus\_client\World of Warcraft Sirus\Naga_Extract_2026-10-03\ByArchive\patch-6.MPQ\World\Expansion06\Doodads\Naga\7ng_naga_tent01.m2,1906,264,1,1,0
World\Expansion06\Doodads\Naga\7ng_naga_tent02.m2,D:\Sirus\_client\World of Warcraft Sirus\Naga_Extract_2026-10-03\ByArchive\patch-6.MPQ\World\Expansion06\Doodads\Naga\7ng_naga_tent02.m2,1906,264,1,1,0
World\Expansion06\Doodads\Naga\7ng_naga_tent03.m2,D:\Sirus\_client\World of Warcraft Sirus\Naga_Extract_2026-10-03\ByArchive\patch-6.MPQ\World\Expansion06\Doodads\Naga\7ng_naga_tent03.m2,1906,264,1,1,0
World\Expansion06\Doodads\Naga\7ng_naga_tent_canopy.m2,D:\Sirus\_client\World of Warcraft Sirus\Naga_Extract_2026-10-03\ByArchive\patch-6.MPQ\World\Expansion06\Doodads\Naga\7ng_naga_tent_canopy.m2,1922,264,1,1,0
World\Expansion06\Doodads\Naga\7ng_naga_tent_large01.m2,D:\Sirus\_client\World of Warcraft Sirus\Naga_Extract_2026-10-03\ByArchive\patch-6.MPQ\World\Expansion06\Doodads\Naga\7ng_naga_tent_large01.m2,1922,264,1,1,0
World\Expansion06\Doodads\Naga\7ng_naga_tent_large02.m2,D:\Sirus\_client\World of Warcraft Sirus\Naga_Extract_2026-10-03\ByArchive\patch-6.MPQ\World\Expansion06\Doodads\Naga\7ng_naga_tent_large02.m2,1922,264,1,1,0
World\Expansion06\Doodads\Naga\7ng_naga_torch01.m2,D:\Sirus\_client\World of Warcraft Sirus\Naga_Extract_2026-10-03\ByArchive\patch-6.MPQ\World\Expansion06\Doodads\Naga\7ng_naga_torch01.m2,13946,264,1,1,0
World\Expansion06\Doodads\Naga\7ng_naga_torch01_Light.m2,D:\Sirus\_client\World of Warcraft Sirus\Naga_Extract_2026-10-03\ByArchive\patch-6.MPQ\World\Expansion06\Doodads\Naga\7ng_naga_torch01_Light.m2,14832,264,2,1,0
World\Expansion06\Doodads\Naga\7ng_naga_torch02.m2,D:\Sirus\_client\World of Warcraft Sirus\Naga_Extract_2026-10-03\ByArchive\patch-6.MPQ\World\Expansion06\Doodads\Naga\7ng_naga_torch02.m2,1922,264,1,1,0
World\Expansion06\Doodads\Naga\7ng_naga_trident.m2,D:\Sirus\_client\World of Warcraft Sirus\Naga_Extract_2026-10-03\ByArchive\patch-6.MPQ\World\Expansion06\Doodads\Naga\7ng_naga_trident.m2,8936,264,1,1,0
World\Expansion06\Doodads\Naga\7ng_naga_trident02.m2,D:\Sirus\_client\World of Warcraft Sirus\Naga_Extract_2026-10-03\ByArchive\patch-6.MPQ\World\Expansion06\Doodads\Naga\7ng_naga_trident02.m2,9416,264,1,1,0
World\Expansion06\Doodads\Naga\7ng_naga_vase.m2,D:\Sirus\_client\World of Warcraft Sirus\Naga_Extract_2026-10-03\ByArchive\patch-6.MPQ\World\Expansion06\Doodads\Naga\7ng_naga_vase.m2,7509,264,1,1,0
World\Expansion06\Doodads\Naga\7ng_naga_wagon.m2,D:\Sirus\_client\World of Warcraft Sirus\Naga_Extract_2026-10-03\ByArchive\patch-6.MPQ\World\Expansion06\Doodads\Naga\7ng_naga_wagon.m2,1906,264,1,1,0
World\Expansion06\Doodads\Naga\7ng_naga_weaponcrate_closed01.m2,D:\Sirus\_client\World of Warcraft Sirus\Naga_Extract_2026-10-03\ByArchive\patch-6.MPQ\World\Expansion06\Doodads\Naga\7ng_naga_weaponcrate_closed01.m2,29951,264,5,1,0
World\Expansion06\Doodads\Naga\7ng_naga_weaponrack01.m2,D:\Sirus\_client\World of Warcraft Sirus\Naga_Extract_2026-10-03\ByArchive\patch-6.MPQ\World\Expansion06\Doodads\Naga\7ng_naga_weaponrack01.m2,74941,264,1,1,0
World\Expansion06\Doodads\Naga\7ng_naga_weaponrack02.m2,D:\Sirus\_client\World of Warcraft Sirus\Naga_Extract_2026-10-03\ByArchive\patch-6.MPQ\World\Expansion06\Doodads\Naga\7ng_naga_weaponrack02.m2,81613,264,1,1,0
World\Expansion06\Doodads\Naga\7ng_naga_weaponrack03empty.m2,D:\Sirus\_client\World of Warcraft Sirus\Naga_Extract_2026-10-03\ByArchive\patch-6.MPQ\World\Expansion06\Doodads\Naga\7ng_naga_weaponrack03empty.m2,30184,264,1,1,0
World\Generic\PassiveDoodads\DEATHSKELETONS\NagaFemaleDeathSkeleton.M2,D:\Sirus\_client\World of Warcraft Sirus\Naga_Extract_2026-10-03\ByArchive\patch-6.MPQ\World\Generic\PassiveDoodads\DEATHSKELETONS\NagaFemaleDeathSkeleton.M2,41618,264,39,1,0
World\Generic\PassiveDoodads\DEATHSKELETONS\NagaMaleDeathSkeleton.M2,D:\Sirus\_client\World of Warcraft Sirus\Naga_Extract_2026-10-03\ByArchive\patch-6.MPQ\World\Generic\PassiveDoodads\DEATHSKELETONS\NagaMaleDeathSkeleton.M2,40690,264,40,1,0
World\Generic\PassiveDoodads\Weapons\Naga_Trident02.M2,D:\Sirus\_client\World of Warcraft Sirus\Naga_Extract_2026-10-03\ByArchive\patch-6.MPQ\World\Generic\PassiveDoodads\Weapons\Naga_Trident02.M2,10136,264,1,1,0
World\Generic\PassiveDoodads\Weapons\naga_trident_horizontal.M2,D:\Sirus\_client\World of Warcraft Sirus\Naga_Extract_2026-10-03\ByArchive\patch-6.MPQ\World\Generic\PassiveDoodads\Weapons\naga_trident_horizontal.M2,8370,264,1,1,0
World\Expansion06\Doodads\Naga\7ng_naga_barricade01.m2,D:\Sirus\_client\World of Warcraft Sirus\Naga_Extract_2026-10-03\ByArchive\patch-7.mpq\World\Expansion06\Doodads\Naga\7ng_naga_barricade01.m2,31112,264,1,1,0
World\Expansion06\Doodads\Naga\7ng_naga_supplies01.m2,D:\Sirus\_client\World of Warcraft Sirus\Naga_Extract_2026-10-03\ByArchive\patch-7.mpq\World\Expansion06\Doodads\Naga\7ng_naga_supplies01.m2,111076,264,1,1,0
World\Expansion06\Doodads\Naga\7ng_naga_torch01_Light.m2,D:\Sirus\_client\World of Warcraft Sirus\Naga_Extract_2026-10-03\ByArchive\patch-e.mpq\World\Expansion06\Doodads\Naga\7ng_naga_torch01_Light.m2,37105,264,2,1,0
item\objectcomponents\weapon\hand_1h_naga_c_01.m2,D:\Sirus\_client\World of Warcraft Sirus\Naga_Extract_2026-10-03\ByArchive\patch-i.mpq\item\objectcomponents\weapon\hand_1h_naga_c_01.m2,23001,264,3,1,0
item\objectcomponents\weapon\knife_1h_naga_c_01.m2,D:\Sirus\_client\World of Warcraft Sirus\Naga_Extract_2026-10-03\ByArchive\patch-i.mpq\item\objectcomponents\weapon\knife_1h_naga_c_01.m2,12283,264,1,1,0
item\objectcomponents\weapon\mace_1h_naga_a_01.m2,D:\Sirus\_client\World of Warcraft Sirus\Naga_Extract_2026-10-03\ByArchive\patch-i.mpq\item\objectcomponents\weapon\mace_1h_naga_a_01.m2,27191,264,1,1,0
item\objectcomponents\weapon\offhand_1h_naga_c_01.m2,D:\Sirus\_client\World of Warcraft Sirus\Naga_Extract_2026-10-03\ByArchive\patch-i.mpq\item\objectcomponents\weapon\offhand_1h_naga_c_01.m2,45054,264,1,1,0
world\expansion07\doodads\nazjatar\8nzj_glowingnagakelpbud_b01.m2,D:\Sirus\_client\World of Warcraft Sirus\Naga_Extract_2026-10-03\ByArchive\patch-m.mpq\world\expansion07\doodads\nazjatar\8nzj_glowingnagakelpbud_b01.m2,18612,264,1,1,0
world\expansion07\doodads\nazjatar\8nzj_glowingnagakelpbud_b02.m2,D:\Sirus\_client\World of Warcraft Sirus\Naga_Extract_2026-10-03\ByArchive\patch-m.mpq\world\expansion07\doodads\nazjatar\8nzj_glowingnagakelpbud_b02.m2,14478,264,1,1,0
world\expansion07\doodads\nazjatar\8nzj_glowingnagakelpbud_b03.m2,D:\Sirus\_client\World of Warcraft Sirus\Naga_Extract_2026-10-03\ByArchive\patch-m.mpq\world\expansion07\doodads\nazjatar\8nzj_glowingnagakelpbud_b03.m2,22590,264,1,1,0
item\objectcomponents\shield\shield_1h_naga_c_01.m2,D:\Sirus\_client\World of Warcraft Sirus\Naga_Extract_2026-10-03\ByArchive\patch-t.mpq\item\objectcomponents\shield\shield_1h_naga_c_01.m2,55450,264,1,1,0
Character\Naga\Female\Naga_HD_Female.m2,D:\Sirus\_client\World of Warcraft Sirus\Naga_Extract_2026-10-03\DiscoveredFromDBC\ByArchive\patch-4.MPQ\Character\Naga\Female\Naga_HD_Female.m2,1131968,264,49,4,2
Character\Naga\Male\Naga_HD_Male.m2,D:\Sirus\_client\World of Warcraft Sirus\Naga_Extract_2026-10-03\DiscoveredFromDBC\ByArchive\patch-4.MPQ\Character\Naga\Male\Naga_HD_Male.m2,1046944,264,41,4,2
creature\CustomCharacters\Alaeth\AlaethNaga.m2,D:\Sirus\_client\World of Warcraft Sirus\Naga_Extract_2026-10-03\DiscoveredFromDBC\ByArchive\patch-5.MPQ\creature\CustomCharacters\Alaeth\AlaethNaga.m2,5742277,264,23,4,2
creature\CustomCharacters\Thaloran\ThaloranNaga.m2,D:\Sirus\_client\World of Warcraft Sirus\Naga_Extract_2026-10-03\DiscoveredFromDBC\ByArchive\patch-5.MPQ\creature\CustomCharacters\Thaloran\ThaloranNaga.m2,5386583,264,45,4,4
creature\Nagafemale_HD\naga_female.m2,D:\Sirus\_client\World of Warcraft Sirus\Naga_Extract_2026-10-03\DiscoveredFromDBC\ByArchive\patch-5.MPQ\creature\Nagafemale_HD\naga_female.m2,1654090,264,67,4,10
creature\Nagamale_HD\naga_male.m2,D:\Sirus\_client\World of Warcraft Sirus\Naga_Extract_2026-10-03\DiscoveredFromDBC\ByArchive\patch-5.MPQ\creature\Nagamale_HD\naga_male.m2,1922103,264,56,4,6
creature\Nagas\NagaHeavyMelee\NagaHeavyMelee.m2,D:\Sirus\_client\World of Warcraft Sirus\Naga_Extract_2026-10-03\DiscoveredFromDBC\ByArchive\patch-5.MPQ\creature\Nagas\NagaHeavyMelee\NagaHeavyMelee.m2,2085478,264,56,4,6
creature\Nagas\NagaLightCaster\NagaLightCaster.m2,D:\Sirus\_client\World of Warcraft Sirus\Naga_Extract_2026-10-03\DiscoveredFromDBC\ByArchive\patch-5.MPQ\creature\Nagas\NagaLightCaster\NagaLightCaster.m2,1830409,264,67,4,10
creature\Nagas\NagaLightMelee\NagaLightMelee.m2,D:\Sirus\_client\World of Warcraft Sirus\Naga_Extract_2026-10-03\DiscoveredFromDBC\ByArchive\patch-5.MPQ\creature\Nagas\NagaLightMelee\NagaLightMelee.m2,2129212,264,56,4,6
World\Sirus\Naga_totem_air.m2,D:\Sirus\_client\World of Warcraft Sirus\Naga_Extract_2026-10-03\DiscoveredFromDBC\ByArchive\patch-6.MPQ\World\Sirus\Naga_totem_air.m2,71145,264,3,1,0
World\Sirus\Naga_totem_earth.m2,D:\Sirus\_client\World of Warcraft Sirus\Naga_Extract_2026-10-03\DiscoveredFromDBC\ByArchive\patch-6.MPQ\World\Sirus\Naga_totem_earth.m2,70153,264,3,1,0
World\Sirus\Naga_totem_fire.m2,D:\Sirus\_client\World of Warcraft Sirus\Naga_Extract_2026-10-03\DiscoveredFromDBC\ByArchive\patch-6.MPQ\World\Sirus\Naga_totem_fire.m2,72105,264,6,1,0
World\Sirus\Naga_totem_water.m2,D:\Sirus\_client\World of Warcraft Sirus\Naga_Extract_2026-10-03\DiscoveredFromDBC\ByArchive\patch-6.MPQ\World\Sirus\Naga_totem_water.m2,74313,264,6,1,0
Character\Naga\Female\Naga_HD_Female.m2,D:\Sirus\_client\World of Warcraft Sirus\Naga_Extract_2026-10-03\DiscoveredFromDBC\ByArchive\patch-p.mpq\Character\Naga\Female\Naga_HD_Female.m2,1133176,264,49,4,2
Character\Naga\Male\Naga_HD_Male.m2,D:\Sirus\_client\World of Warcraft Sirus\Naga_Extract_2026-10-03\DiscoveredFromDBC\ByArchive\patch-p.mpq\Character\Naga\Male\Naga_HD_Male.m2,1047944,264,41,4,2
Character\NagaSirusHD\female\Snaga_Female.m2,D:\Sirus\_client\World of Warcraft Sirus\Naga_Extract_2026-10-03\DiscoveredFromDBC\ByArchive\patch-p.mpq\Character\NagaSirusHD\female\Snaga_Female.m2,20592352,264,153,1,0
Character\NagaSirusHD\Male\Snaga_male.m2,D:\Sirus\_client\World of Warcraft Sirus\Naga_Extract_2026-10-03\DiscoveredFromDBC\ByArchive\patch-p.mpq\Character\NagaSirusHD\Male\Snaga_male.m2,18555504,264,199,1,0
character\NagaSirusHD\female\Snaga_Female.m2,D:\Sirus\_client\World of Warcraft Sirus\Naga_Extract_2026-10-03\DiscoveredFromDBC\ByArchive\patch-q.mpq\character\NagaSirusHD\female\Snaga_Female.m2,20590760,264,153,1,0
character\NagaSirusHD\male\Snaga_male.m2,D:\Sirus\_client\World of Warcraft Sirus\Naga_Extract_2026-10-03\DiscoveredFromDBC\ByArchive\patch-q.mpq\character\NagaSirusHD\male\Snaga_male.m2,18617728,264,199,1,0
character\NagaSirusHD\female\Snaga_Female.m2,D:\Sirus\_client\World of Warcraft Sirus\Naga_Extract_2026-10-03\DiscoveredFromDBC\ByArchive\patch-t.mpq\character\NagaSirusHD\female\Snaga_Female.m2,2731376,264,153,1,134
character\NagaSirusHD\male\Snaga_male.m2,D:\Sirus\_client\World of Warcraft Sirus\Naga_Extract_2026-10-03\DiscoveredFromDBC\ByArchive\patch-t.mpq\character\NagaSirusHD\male\Snaga_male.m2,2572816,264,199,1,180
character\NagaSirusHD\female\Snaga_Female.m2,D:\Sirus\_client\World of Warcraft Sirus\Naga_Extract_2026-10-03\DiscoveredFromDBC\ByArchive\patch-u.mpq\character\NagaSirusHD\female\Snaga_Female.m2,2749832,264,153,1,134
character\NagaSirusHD\male\Snaga_male.m2,D:\Sirus\_client\World of Warcraft Sirus\Naga_Extract_2026-10-03\DiscoveredFromDBC\ByArchive\patch-u.mpq\character\NagaSirusHD\male\Snaga_male.m2,2590656,264,199,1,180
Creature\CustomCharacters\Alaeth\AlaethNaga.m2,D:\Sirus\_client\World of Warcraft Sirus\Naga_Extract_2026-10-03\DiscoveredFromDBC\ByArchive\patch-u.mpq\Creature\CustomCharacters\Alaeth\AlaethNaga.m2,2017648,264,23,1,18
