Archive,Table,MPQPath,MatchedRows,Size,SHA1,OutputPath
ruRU/locale-ruRU.mpq,ChrRaces,DBFilesClient\ChrRaces.dbc,1,6540,40B61BEC1C8400B7AB111D31332E52A3BEBE09F2,D:\Sirus\_client\World of Warcraft Sirus\Naga_Extract_2026-10-03\Race13LinkedTables\ByArchive\ruRU\locale-ruRU.mpq\DBFilesClient\ChrRaces.dbc
ruRU/locale-ruRU.mpq,CharSections,DBFilesClient\CharSections.dbc,34,845271,79E008AF6499CF42B73451E617F6FAD37B6A0797,D:\Sirus\_client\World of Warcraft Sirus\Naga_Extract_2026-10-03\Race13LinkedTables\ByArchive\ruRU\locale-ruRU.mpq\DBFilesClient\CharSections.dbc
ruRU/locale-ruRU.mpq,CharHairGeosets,DBFilesClient\CharHairGeosets.dbc,2,8157,B5D26ECE82E6C15C4DA90A2D7248EA85391DB638,D:\Sirus\_client\World of Warcraft Sirus\Naga_Extract_2026-10-03\Race13LinkedTables\ByArchive\ruRU\locale-ruRU.mpq\DBFilesClient\CharHairGeosets.dbc
ruRU/locale-ruRU.mpq,CharHairTextures,DBFilesClient\CharHairTextures.dbc,2,2869,844C436E10ADE6FB89DD3B6A319A0EE895525B87,D:\Sirus\_client\World of Warcraft Sirus\Naga_Extract_2026-10-03\Race13LinkedTables\ByArchive\ruRU\locale-ruRU.mpq\DBFilesClient\CharHairTextures.dbc
ruRU/locale-ruRU.mpq,CharacterFacialHairStyles,DBFilesClient\CharacterFacialHairStyles.dbc,2,7125,C7E79B66B2EF97A9CF576305D6A336A588FE2679,D:\Sirus\_client\World of Warcraft Sirus\Naga_Extract_2026-10-03\Race13LinkedTables\ByArchive\ruRU\locale-ruRU.mpq\DBFilesClient\CharacterFacialHairStyles.dbc
ruRU/locale-ruRU.mpq,CreatureDisplayInfoExtra,DBFilesClient\CreatureDisplayInfoExtra.dbc,83,1825335,D40A6E319352C4EA6756B33237D16AAA7B6D91AB,D:\Sirus\_client\World of Warcraft Sirus\Naga_Extract_2026-10-03\Race13LinkedTables\ByArchive\ruRU\locale-ruRU.mpq\DBFilesClient\CreatureDisplayInfoExtra.dbc
ruRU/locale-ruRU.mpq,SkillRaceClassInfo,DBFilesClient\SkillRaceClassInfo.dbc,89,7733,39C92BD032D14A497755DABE705CFBBCF3ED0EF4,D:\Sirus\_client\World of Warcraft Sirus\Naga_Extract_2026-10-03\Race13LinkedTables\ByArchive\ruRU\locale-ruRU.mpq\DBFilesClient\SkillRaceClassInfo.dbc
ruRU/patch-ruRU-4.mpq,ChrRaces,DBFilesClient\ChrRaces.dbc,1,15571,04EF024740515917E6E40F67EB9FA1DF558E8A55,D:\Sirus\_client\World of Warcraft Sirus\Naga_Extract_2026-10-03\Race13LinkedTables\ByArchive\ruRU\patch-ruRU-4.mpq\DBFilesClient\ChrRaces.dbc
ruRU/patch-ruRU-4.mpq,CharBaseInfo,DBFilesClient\CharBaseInfo.dbc,10,561,EE20E4B59DE101CEDE7422EFB38744424716A8E9,D:\Sirus\_client\World of Warcraft Sirus\Naga_Extract_2026-10-03\Race13LinkedTables\ByArchive\ruRU\patch-ruRU-4.mpq\DBFilesClient\CharBaseInfo.dbc
ruRU/patch-ruRU-4.mpq,CharStartOutfit,DBFilesClient\CharStartOutfit.dbc,20,159861,61061D46CB2D58EE693C8101CD586ED5BB7B19C4,D:\Sirus\_client\World of Warcraft Sirus\Naga_Extract_2026-10-03\Race13LinkedTables\ByArchive\ruRU\patch-ruRU-4.mpq\DBFilesClient\CharStartOutfit.dbc
ruRU/patch-ruRU-4.mpq,CharSections,DBFilesClient\CharSections.dbc,1315,52772202,DBAE3F41043FC964621D785C61832DA326539940,D:\Sirus\_client\World of Warcraft Sirus\Naga_Extract_2026-10-03\Race13LinkedTables\ByArchive\ruRU\patch-ruRU-4.mpq\DBFilesClient\CharSections.dbc
ruRU/patch-ruRU-4.mpq,CharHairGeosets,DBFilesClient\CharHairGeosets.dbc,10,30501,6BEC53EF36D7B06B43781ADE860EB96950B09661,D:\Sirus\_client\World of Warcraft Sirus\Naga_Extract_2026-10-03\Race13LinkedTables\ByArchive\ruRU\patch-ruRU-4.mpq\DBFilesClient\CharHairGeosets.dbc
ruRU/patch-ruRU-4.mpq,BarberShopStyle,DBFilesClient\BarberShopStyle.dbc,346,2291269,DA8555F13C4B0DA927CEB75A17E5009813B61A07,D:\Sirus\_client\World of Warcraft Sirus\Naga_Extract_2026-10-03\Race13LinkedTables\ByArchive\ruRU\patch-ruRU-4.mpq\DBFilesClient\BarberShopStyle.dbc
ruRU/patch-ruRU-4.mpq,CharacterFacialHairStyles,DBFilesClient\CharacterFacialHairStyles.dbc,336,238869,503E454632711DA58855214C56DD50755A4E0823,D:\Sirus\_client\World of Warcraft Sirus\Naga_Extract_2026-10-03\Race13LinkedTables\ByArchive\ruRU\patch-ruRU-4.mpq\DBFilesClient\CharacterFacialHairStyles.dbc
ruRU/patch-ruRU-4.mpq,NameGen,DBFilesClient\NameGen.dbc,587,450877,8396754E0DEE93CE87F98FE7746C21C564CADDE7,D:\Sirus\_client\World of Warcraft Sirus\Naga_Extract_2026-10-03\Race13LinkedTables\ByArchive\ruRU\patch-ruRU-4.mpq\DBFilesClient\NameGen.dbc
ruRU/patch-ruRU-4.mpq,CreatureDisplayInfoExtra,DBFilesClient\CreatureDisplayInfoExtra.dbc,8,2023146,2A4C9653EE6807129408053417B85D7C05487BFC,D:\Sirus\_client\World of Warcraft Sirus\Naga_Extract_2026-10-03\Race13LinkedTables\ByArchive\ruRU\patch-ruRU-4.mpq\DBFilesClient\CreatureDisplayInfoExtra.dbc
ruRU/patch-ruRU-4.mpq,SkillLineAbility,DBFilesClient\SkillLineAbility.dbc,4,897813,4C23C3C4B35F9E81AFFC2E37B7D091CBAFA644AD,D:\Sirus\_client\World of Warcraft Sirus\Naga_Extract_2026-10-03\Race13LinkedTables\ByArchive\ruRU\patch-ruRU-4.mpq\DBFilesClient\SkillLineAbility.dbc
ruRU/patch-ruRU-4.mpq,SkillRaceClassInfo,DBFilesClient\SkillRaceClassInfo.dbc,218,8341,B93BC0A872749C78B246E33FF3FFA84153C4321A,D:\Sirus\_client\World of Warcraft Sirus\Naga_Extract_2026-10-03\Race13LinkedTables\ByArchive\ruRU\patch-ruRU-4.mpq\DBFilesClient\SkillRaceClassInfo.dbc
