ordinal,table,entry,reference,synthetic_item_key
1,creature_loot_template,3914,3100000,2010000001
2,creature_loot_template,2529,3100001,2010000002
3,creature_loot_template,3849,3100001,2010000003
4,creature_loot_template,3850,3100001,2010000004
5,creature_loot_template,3851,3100001,2010000005
6,creature_loot_template,3853,3100001,2010000006
7,creature_loot_template,3854,3100001,2010000007
8,creature_loot_template,3855,3100001,2010000008
9,creature_loot_template,3857,3100001,2010000009
10,creature_loot_template,3859,3100001,2010000010
11,creature_loot_template,3861,3100001,2010000011
12,creature_loot_template,3862,3100001,2010000012
13,creature_loot_template,3863,3100001,2010000013
14,creature_loot_template,3864,3100001,2010000014
15,creature_loot_template,3866,3100001,2010000015
16,creature_loot_template,3868,3100001,2010000016
17,creature_loot_template,3872,3100001,2010000017
18,creature_loot_template,3873,3100001,2010000018
19,creature_loot_template,3875,3100001,2010000019
20,creature_loot_template,3877,3100001,2010000020
21,creature_loot_template,14682,3100001,2010000021
22,creature_loot_template,36296,3100001,2010000022
23,creature_loot_template,3886,3100002,2010000023
24,creature_loot_template,3887,3100003,2010000024
25,creature_loot_template,4279,3100005,2010000025
26,creature_loot_template,4274,3100006,2010000026
27,creature_loot_template,3927,3100007,2010000027
28,creature_loot_template,1666,3110000,2010000028
29,creature_loot_template,1706,3110001,2010000029
30,creature_loot_template,1707,3110001,2010000030
31,creature_loot_template,1708,3110001,2010000031
32,creature_loot_template,1711,3110001,2010000032
33,creature_loot_template,1715,3110001,2010000033
34,creature_loot_template,1720,3110001,2010000034
35,creature_loot_template,644,3120000,2010000035
36,creature_loot_template,598,3120001,2010000036
37,creature_loot_template,622,3120001,2010000037
38,creature_loot_template,634,3120001,2010000038
39,creature_loot_template,636,3120001,2010000039
40,creature_loot_template,641,3120001,2010000040
41,creature_loot_template,642,3120001,2010000041
42,creature_loot_template,657,3120001,2010000042
43,creature_loot_template,1725,3120001,2010000043
44,creature_loot_template,1729,3120001,2010000044
45,creature_loot_template,1731,3120001,2010000045
46,creature_loot_template,1732,3120001,2010000046
47,creature_loot_template,3586,3120001,2010000047
48,creature_loot_template,3947,3120001,2010000048
49,creature_loot_template,4416,3120001,2010000049
50,creature_loot_template,4417,3120001,2010000050
51,creature_loot_template,4418,3120001,2010000051
52,creature_loot_template,1763,3120002,2010000052
53,creature_loot_template,646,3120003,2010000053
54,creature_loot_template,647,3120005,2010000054
55,creature_loot_template,639,3120006,2010000055
56,creature_loot_template,3671,3130000,2010000056
57,creature_loot_template,3840,3130001,2010000057
58,creature_loot_template,5912,3130001,2010000058
59,creature_loot_template,3669,3130002,2010000059
60,creature_loot_template,3653,3130003,2010000060
61,creature_loot_template,3670,3130004,2010000061
62,creature_loot_template,3674,3130005,2010000062
63,creature_loot_template,3673,3130006,2010000063
64,creature_loot_template,5775,3130007,2010000064
65,creature_loot_template,6168,3140000,2010000065
66,creature_loot_template,4425,3140001,2010000066
67,creature_loot_template,4427,3140001,2010000067
68,creature_loot_template,4435,3140001,2010000068
69,creature_loot_template,4436,3140001,2010000069
70,creature_loot_template,4437,3140001,2010000070
71,creature_loot_template,4438,3140001,2010000071
72,creature_loot_template,4440,3140001,2010000072
73,creature_loot_template,4442,3140001,2010000073
74,creature_loot_template,4511,3140001,2010000074
75,creature_loot_template,4512,3140001,2010000075
76,creature_loot_template,4514,3140001,2010000076
77,creature_loot_template,4515,3140001,2010000077
78,creature_loot_template,4516,3140001,2010000078
79,creature_loot_template,4517,3140001,2010000079
80,creature_loot_template,4518,3140001,2010000080
81,creature_loot_template,4519,3140001,2010000081
82,creature_loot_template,4520,3140001,2010000082
83,creature_loot_template,4522,3140001,2010000083
84,creature_loot_template,4523,3140001,2010000084
85,creature_loot_template,4525,3140001,2010000085
86,creature_loot_template,4530,3140001,2010000086
87,creature_loot_template,4531,3140001,2010000087
88,creature_loot_template,4532,3140001,2010000088
89,creature_loot_template,4538,3140001,2010000089
90,creature_loot_template,4541,3140001,2010000090
91,creature_loot_template,4623,3140001,2010000091
92,creature_loot_template,4842,3140001,2010000092
93,creature_loot_template,6035,3140001,2010000093
94,creature_loot_template,4424,3140002,2010000094
95,creature_loot_template,4428,3140003,2010000095
96,creature_loot_template,4420,3140004,2010000096
97,creature_loot_template,4421,3140005,2010000097
98,creature_loot_template,4422,3140006,2010000098
99,creature_loot_template,4887,3150000,2010000099
100,creature_loot_template,4798,3150001,2010000100
101,creature_loot_template,4799,3150001,2010000101
102,creature_loot_template,4805,3150001,2010000102
103,creature_loot_template,4807,3150001,2010000103
104,creature_loot_template,4809,3150001,2010000104
105,creature_loot_template,4810,3150001,2010000105
106,creature_loot_template,4811,3150001,2010000106
107,creature_loot_template,4812,3150001,2010000107
108,creature_loot_template,4813,3150001,2010000108
109,creature_loot_template,4814,3150001,2010000109
110,creature_loot_template,4815,3150001,2010000110
111,creature_loot_template,4818,3150001,2010000111
112,creature_loot_template,4819,3150001,2010000112
113,creature_loot_template,4820,3150001,2010000113
114,creature_loot_template,4821,3150001,2010000114
115,creature_loot_template,4822,3150001,2010000115
116,creature_loot_template,4823,3150001,2010000116
117,creature_loot_template,4824,3150001,2010000117
118,creature_loot_template,4825,3150001,2010000118
119,creature_loot_template,4827,3150001,2010000119
120,creature_loot_template,4831,3150002,2010000120
121,creature_loot_template,6243,3150003,2010000121
122,creature_loot_template,12902,3150004,2010000122
123,creature_loot_template,4830,3150005,2010000123
124,creature_loot_template,4832,3150006,2010000124
125,creature_loot_template,4829,3150007,2010000125
126,creature_loot_template,6910,3160000,2010000126
127,creature_loot_template,4847,3160001,2010000127
128,creature_loot_template,4848,3160001,2010000128
129,creature_loot_template,4849,3160001,2010000129
130,creature_loot_template,4850,3160001,2010000130
131,creature_loot_template,4851,3160001,2010000131
132,creature_loot_template,4852,3160001,2010000132
133,creature_loot_template,4853,3160001,2010000133
134,creature_loot_template,4855,3160001,2010000134
135,creature_loot_template,4860,3160001,2010000135
136,creature_loot_template,4861,3160001,2010000136
137,creature_loot_template,4863,3160001,2010000137
138,creature_loot_template,6907,3160001,2010000138
139,creature_loot_template,6908,3160001,2010000139
140,creature_loot_template,7012,3160001,2010000140
141,creature_loot_template,7022,3160001,2010000141
142,creature_loot_template,7023,3160001,2010000142
143,creature_loot_template,7030,3160001,2010000143
144,creature_loot_template,7175,3160001,2010000144
145,creature_loot_template,7290,3160001,2010000145
146,creature_loot_template,7320,3160001,2010000146
147,creature_loot_template,7321,3160001,2010000147
148,creature_loot_template,6906,3160002,2010000148
149,creature_loot_template,7228,3160003,2010000149
150,creature_loot_template,7206,3160004,2010000150
151,creature_loot_template,7291,3160005,2010000151
152,creature_loot_template,4854,3160006,2010000152
153,creature_loot_template,7079,3170000,2010000153
154,creature_loot_template,6206,3170001,2010000154
155,creature_loot_template,6207,3170001,2010000155
156,creature_loot_template,6211,3170001,2010000156
157,creature_loot_template,6212,3170001,2010000157
158,creature_loot_template,6218,3170001,2010000158
159,creature_loot_template,6219,3170001,2010000159
160,creature_loot_template,6220,3170001,2010000160
161,creature_loot_template,6223,3170001,2010000161
162,creature_loot_template,6224,3170001,2010000162
163,creature_loot_template,6225,3170001,2010000163
164,creature_loot_template,6226,3170001,2010000164
165,creature_loot_template,6227,3170001,2010000165
166,creature_loot_template,6228,3170001,2010000166
167,creature_loot_template,6230,3170001,2010000167
168,creature_loot_template,6232,3170001,2010000168
169,creature_loot_template,6233,3170001,2010000169
170,creature_loot_template,6234,3170001,2010000170
171,creature_loot_template,6329,3170001,2010000171
172,creature_loot_template,6391,3170001,2010000172
173,creature_loot_template,6392,3170001,2010000173
174,creature_loot_template,6407,3170001,2010000174
175,creature_loot_template,7603,3170001,2010000175
176,creature_loot_template,7849,3170001,2010000176
177,creature_loot_template,6235,3170002,2010000177
178,creature_loot_template,6229,3170003,2010000178
179,creature_loot_template,8580,3180000,2010000179
180,creature_loot_template,5226,3180001,2010000180
181,creature_loot_template,5228,3180001,2010000181
182,creature_loot_template,5256,3180001,2010000182
183,creature_loot_template,5259,3180001,2010000183
184,creature_loot_template,5263,3180001,2010000184
185,creature_loot_template,5267,3180001,2010000185
186,creature_loot_template,5269,3180001,2010000186
187,creature_loot_template,5270,3180001,2010000187
188,creature_loot_template,5271,3180001,2010000188
189,creature_loot_template,5273,3180001,2010000189
190,creature_loot_template,5277,3180001,2010000190
191,creature_loot_template,5280,3180001,2010000191
192,creature_loot_template,5283,3180001,2010000192
193,creature_loot_template,5291,3180001,2010000193
194,creature_loot_template,5708,3180001,2010000194
195,creature_loot_template,5711,3180001,2010000195
196,creature_loot_template,5712,3180001,2010000196
197,creature_loot_template,5713,3180001,2010000197
198,creature_loot_template,5714,3180001,2010000198
199,creature_loot_template,5715,3180001,2010000199
200,creature_loot_template,5716,3180001,2010000200
201,creature_loot_template,5717,3180001,2010000201
202,creature_loot_template,8319,3180001,2010000202
203,creature_loot_template,8384,3180001,2010000203
204,creature_loot_template,5721,3180002,2010000204
205,creature_loot_template,5710,3180004,2010000205
206,creature_loot_template,5709,3180007,2010000206
207,creature_loot_template,7357,3190000,2010000207
208,creature_loot_template,7327,3190001,2010000208
209,creature_loot_template,7328,3190001,2010000209
210,creature_loot_template,7329,3190001,2010000210
211,creature_loot_template,7332,3190001,2010000211
212,creature_loot_template,7335,3190001,2010000212
213,creature_loot_template,7337,3190001,2010000213
214,creature_loot_template,7341,3190001,2010000214
215,creature_loot_template,7342,3190001,2010000215
216,creature_loot_template,7345,3190001,2010000216
217,creature_loot_template,7347,3190001,2010000217
218,creature_loot_template,7348,3190001,2010000218
219,creature_loot_template,7352,3190001,2010000219
220,creature_loot_template,7353,3190001,2010000220
221,creature_loot_template,7354,3190001,2010000221
222,creature_loot_template,14686,3190001,2010000222
223,creature_loot_template,8567,3190002,2010000223
224,creature_loot_template,7358,3190003,2010000224
225,creature_loot_template,3983,3200000,2010000225
226,creature_loot_template,3976,3200001,2010000226
227,creature_loot_template,4283,3200001,2010000227
228,creature_loot_template,4286,3200001,2010000228
229,creature_loot_template,4287,3200001,2010000229
230,creature_loot_template,4288,3200001,2010000230
231,creature_loot_template,4289,3200001,2010000231
232,creature_loot_template,4290,3200001,2010000232
233,creature_loot_template,4291,3200001,2010000233
234,creature_loot_template,4292,3200001,2010000234
235,creature_loot_template,4293,3200001,2010000235
236,creature_loot_template,4294,3200001,2010000236
237,creature_loot_template,4295,3200001,2010000237
238,creature_loot_template,4296,3200001,2010000238
239,creature_loot_template,4297,3200001,2010000239
240,creature_loot_template,4298,3200001,2010000240
241,creature_loot_template,4299,3200001,2010000241
242,creature_loot_template,4300,3200001,2010000242
243,creature_loot_template,4301,3200001,2010000243
244,creature_loot_template,4302,3200001,2010000244
245,creature_loot_template,4303,3200001,2010000245
246,creature_loot_template,4304,3200001,2010000246
247,creature_loot_template,4306,3200001,2010000247
248,creature_loot_template,4308,3200001,2010000248
249,creature_loot_template,4540,3200001,2010000249
250,creature_loot_template,6426,3200001,2010000250
251,creature_loot_template,6427,3200001,2010000251
252,creature_loot_template,6488,3200001,2010000252
253,creature_loot_template,6489,3200001,2010000253
254,creature_loot_template,6490,3200001,2010000254
255,creature_loot_template,14693,3200001,2010000255
256,creature_loot_template,4543,3200002,2010000256
257,creature_loot_template,3974,3200003,2010000257
258,creature_loot_template,6487,3200004,2010000258
259,creature_loot_template,3975,3200005,2010000259
260,creature_loot_template,4542,3200006,2010000260
261,creature_loot_template,3977,3200007,2010000261
262,creature_loot_template,7795,3210000,2010000262
263,creature_loot_template,5648,3210001,2010000263
264,creature_loot_template,5649,3210001,2010000264
265,creature_loot_template,5650,3210001,2010000265
266,creature_loot_template,7246,3210001,2010000266
267,creature_loot_template,7247,3210001,2010000267
268,creature_loot_template,7268,3210001,2010000268
269,creature_loot_template,7274,3210001,2010000269
270,creature_loot_template,7604,3210001,2010000270
271,creature_loot_template,7605,3210001,2010000271
272,creature_loot_template,7606,3210001,2010000272
273,creature_loot_template,7608,3210001,2010000273
274,creature_loot_template,7797,3210001,2010000274
275,creature_loot_template,8095,3210001,2010000275
276,creature_loot_template,8120,3210001,2010000276
277,creature_loot_template,10080,3210001,2010000277
278,creature_loot_template,10081,3210001,2010000278
279,creature_loot_template,10082,3210001,2010000279
280,creature_loot_template,8127,3210002,2010000280
281,creature_loot_template,7272,3210003,2010000281
282,creature_loot_template,7271,3210004,2010000282
283,creature_loot_template,7267,3210005,2010000283
284,creature_loot_template,9196,3220000,2010000284
285,creature_loot_template,9096,3220001,2010000285
286,creature_loot_template,9097,3220001,2010000286
287,creature_loot_template,9098,3220001,2010000287
288,creature_loot_template,9197,3220001,2010000288
289,creature_loot_template,9216,3220001,2010000289
290,creature_loot_template,9217,3220001,2010000290
291,creature_loot_template,9218,3220001,2010000291
292,creature_loot_template,9219,3220001,2010000292
293,creature_loot_template,9239,3220001,2010000293
294,creature_loot_template,9240,3220001,2010000294
295,creature_loot_template,9241,3220001,2010000295
296,creature_loot_template,9257,3220001,2010000296
297,creature_loot_template,9258,3220001,2010000297
298,creature_loot_template,9259,3220001,2010000298
299,creature_loot_template,9260,3220001,2010000299
300,creature_loot_template,9261,3220001,2010000300
301,creature_loot_template,9262,3220001,2010000301
302,creature_loot_template,9263,3220001,2010000302
303,creature_loot_template,9264,3220001,2010000303
304,creature_loot_template,9265,3220001,2010000304
305,creature_loot_template,9266,3220001,2010000305
306,creature_loot_template,9267,3220001,2010000306
307,creature_loot_template,9268,3220001,2010000307
308,creature_loot_template,9269,3220001,2010000308
309,creature_loot_template,9583,3220001,2010000309
310,creature_loot_template,9596,3220001,2010000310
311,creature_loot_template,9692,3220001,2010000311
312,creature_loot_template,9693,3220001,2010000312
313,creature_loot_template,9716,3220001,2010000313
314,creature_loot_template,9717,3220001,2010000314
315,creature_loot_template,9718,3220001,2010000315
316,creature_loot_template,9817,3220001,2010000316
317,creature_loot_template,9818,3220001,2010000317
318,creature_loot_template,9819,3220001,2010000318
319,creature_loot_template,10083,3220001,2010000319
320,creature_loot_template,10263,3220001,2010000320
321,creature_loot_template,10317,3220001,2010000321
322,creature_loot_template,10318,3220001,2010000322
323,creature_loot_template,10319,3220001,2010000323
324,creature_loot_template,10366,3220001,2010000324
325,creature_loot_template,10372,3220001,2010000325
326,creature_loot_template,10374,3220001,2010000326
327,creature_loot_template,10376,3220001,2010000327
328,creature_loot_template,10447,3220001,2010000328
329,creature_loot_template,10509,3220001,2010000329
330,creature_loot_template,10762,3220001,2010000330
331,creature_loot_template,10814,3220001,2010000331
332,creature_loot_template,10899,3220001,2010000332
333,creature_loot_template,9236,3220002,2010000333
334,creature_loot_template,9237,3220003,2010000334
335,creature_loot_template,10596,3220004,2010000335
336,creature_loot_template,9736,3220005,2010000336
337,creature_loot_template,10220,3220006,2010000337
338,creature_loot_template,9568,3220007,2010000338
339,creature_loot_template,9816,3220008,2010000339
340,creature_loot_template,9018,3230000,2010000340
341,creature_loot_template,8889,3230001,2010000341
342,creature_loot_template,8890,3230001,2010000342
343,creature_loot_template,8891,3230001,2010000343
344,creature_loot_template,8892,3230001,2010000344
345,creature_loot_template,8893,3230001,2010000345
346,creature_loot_template,8894,3230001,2010000346
347,creature_loot_template,8895,3230001,2010000347
348,creature_loot_template,8897,3230001,2010000348
349,creature_loot_template,8898,3230001,2010000349
350,creature_loot_template,8899,3230001,2010000350
351,creature_loot_template,8903,3230001,2010000351
352,creature_loot_template,8905,3230001,2010000352
353,creature_loot_template,8906,3230001,2010000353
354,creature_loot_template,8907,3230001,2010000354
355,creature_loot_template,8908,3230001,2010000355
356,creature_loot_template,8909,3230001,2010000356
357,creature_loot_template,8910,3230001,2010000357
358,creature_loot_template,8911,3230001,2010000358
359,creature_loot_template,8912,3230001,2010000359
360,creature_loot_template,8913,3230001,2010000360
361,creature_loot_template,8914,3230001,2010000361
362,creature_loot_template,8923,3230001,2010000362
363,creature_loot_template,8929,3230001,2010000363
364,creature_loot_template,9042,3230001,2010000364
365,creature_loot_template,9541,3230001,2010000365
366,creature_loot_template,9545,3230001,2010000366
367,creature_loot_template,9554,3230001,2010000367
368,creature_loot_template,9677,3230001,2010000368
369,creature_loot_template,9678,3230001,2010000369
370,creature_loot_template,9680,3230001,2010000370
371,creature_loot_template,9681,3230001,2010000371
372,creature_loot_template,9956,3230001,2010000372
373,creature_loot_template,10043,3230001,2010000373
374,creature_loot_template,9025,3230002,2010000374
375,creature_loot_template,9319,3230003,2010000375
376,creature_loot_template,9024,3230004,2010000376
377,creature_loot_template,9017,3230005,2010000377
378,creature_loot_template,9056,3230007,2010000378
379,creature_loot_template,9016,3230008,2010000379
380,creature_loot_template,9033,3230009,2010000380
381,creature_loot_template,8983,3230010,2010000381
382,creature_loot_template,9502,3230012,2010000382
383,creature_loot_template,9156,3230014,2010000383
384,creature_loot_template,9019,3230016,2010000384
385,creature_loot_template,36538,3240000,2010000385
386,creature_loot_template,10503,3250000,2010000386
387,creature_loot_template,10469,3250001,2010000387
388,creature_loot_template,10470,3250001,2010000388
389,creature_loot_template,10471,3250001,2010000389
390,creature_loot_template,10476,3250001,2010000390
391,creature_loot_template,10477,3250001,2010000391
392,creature_loot_template,10478,3250001,2010000392
393,creature_loot_template,10481,3250001,2010000393
394,creature_loot_template,10486,3250001,2010000394
395,creature_loot_template,10487,3250001,2010000395
396,creature_loot_template,10488,3250001,2010000396
397,creature_loot_template,10489,3250001,2010000397
398,creature_loot_template,10491,3250001,2010000398
399,creature_loot_template,10495,3250001,2010000399
400,creature_loot_template,10498,3250001,2010000400
401,creature_loot_template,10499,3250001,2010000401
402,creature_loot_template,10500,3250001,2010000402
403,creature_loot_template,11257,3250001,2010000403
404,creature_loot_template,11551,3250001,2010000404
405,creature_loot_template,11582,3250001,2010000405
406,creature_loot_template,14695,3250001,2010000406
407,creature_loot_template,11622,3250002,2010000407
408,creature_loot_template,10433,3250003,2010000408
409,creature_loot_template,10432,3250004,2010000409
410,creature_loot_template,10505,3250006,2010000410
411,creature_loot_template,1853,3250012,2010000411
412,creature_loot_template,10516,3270000,2010000412
413,creature_loot_template,10381,3270001,2010000413
414,creature_loot_template,10382,3270001,2010000414
415,creature_loot_template,10384,3270001,2010000415
416,creature_loot_template,10385,3270001,2010000416
417,creature_loot_template,10390,3270001,2010000417
418,creature_loot_template,10391,3270001,2010000418
419,creature_loot_template,10393,3270001,2010000419
420,creature_loot_template,10398,3270001,2010000420
421,creature_loot_template,10399,3270001,2010000421
422,creature_loot_template,10400,3270001,2010000422
423,creature_loot_template,10405,3270001,2010000423
424,creature_loot_template,10406,3270001,2010000424
425,creature_loot_template,10407,3270001,2010000425
426,creature_loot_template,10408,3270001,2010000426
427,creature_loot_template,10409,3270001,2010000427
428,creature_loot_template,10412,3270001,2010000428
429,creature_loot_template,10413,3270001,2010000429
430,creature_loot_template,10414,3270001,2010000430
431,creature_loot_template,10416,3270001,2010000431
432,creature_loot_template,10417,3270001,2010000432
433,creature_loot_template,10418,3270001,2010000433
434,creature_loot_template,10419,3270001,2010000434
435,creature_loot_template,10420,3270001,2010000435
436,creature_loot_template,10421,3270001,2010000436
437,creature_loot_template,10422,3270001,2010000437
438,creature_loot_template,10423,3270001,2010000438
439,creature_loot_template,10424,3270001,2010000439
440,creature_loot_template,10425,3270001,2010000440
441,creature_loot_template,10426,3270001,2010000441
442,creature_loot_template,10463,3270001,2010000442
443,creature_loot_template,10464,3270001,2010000443
444,creature_loot_template,10809,3270001,2010000444
445,creature_loot_template,11043,3270001,2010000445
446,creature_loot_template,14684,3270001,2010000446
447,creature_loot_template,10558,3270002,2010000447
448,creature_loot_template,10808,3270003,2010000448
449,creature_loot_template,10997,3270004,2010000449
450,creature_loot_template,11032,3270005,2010000450
451,creature_loot_template,10811,3270006,2010000451
452,creature_loot_template,10436,3270007,2010000452
453,creature_loot_template,10438,3270009,2010000453
454,creature_loot_template,10435,3270010,2010000454
455,gameobject_loot_template,17919,3270013,2010000455
456,creature_loot_template,13282,3280000,2010000456
457,creature_loot_template,12236,3280003,2010000457
458,creature_loot_template,12225,3280004,2010000458
459,creature_loot_template,12203,3280005,2010000459
460,creature_loot_template,12201,3280008,2010000460
461,creature_loot_template,11520,3290000,2010000461
462,creature_loot_template,11490,3310000,2010000462
463,creature_loot_template,11451,3310001,2010000463
464,creature_loot_template,11452,3310001,2010000464
465,creature_loot_template,11453,3310001,2010000465
466,creature_loot_template,11454,3310001,2010000466
467,creature_loot_template,11455,3310001,2010000467
468,creature_loot_template,11456,3310001,2010000468
469,creature_loot_template,11457,3310001,2010000469
470,creature_loot_template,11458,3310001,2010000470
471,creature_loot_template,11459,3310001,2010000471
472,creature_loot_template,11462,3310001,2010000472
473,creature_loot_template,11464,3310001,2010000473
474,creature_loot_template,11467,3310001,2010000474
475,creature_loot_template,11469,3310001,2010000475
476,creature_loot_template,11470,3310001,2010000476
477,creature_loot_template,11471,3310001,2010000477
478,creature_loot_template,11472,3310001,2010000478
479,creature_loot_template,11473,3310001,2010000479
480,creature_loot_template,11475,3310001,2010000480
481,creature_loot_template,11480,3310001,2010000481
482,creature_loot_template,11483,3310001,2010000482
483,creature_loot_template,11484,3310001,2010000483
484,creature_loot_template,13021,3310001,2010000484
485,creature_loot_template,13036,3310001,2010000485
486,creature_loot_template,13196,3310001,2010000486
487,creature_loot_template,14303,3310001,2010000487
488,creature_loot_template,14349,3310001,2010000488
489,creature_loot_template,14398,3310001,2010000489
490,creature_loot_template,14399,3310001,2010000490
491,creature_loot_template,14690,3310001,2010000491
492,creature_loot_template,11492,3310004,2010000492
493,creature_loot_template,11488,3310005,2010000493
494,creature_loot_template,11487,3310006,2010000494
495,creature_loot_template,11489,3310008,2010000495
496,creature_loot_template,14326,3310010,2010000496
497,creature_loot_template,14321,3310011,2010000497
498,creature_loot_template,14325,3310013,2010000498
499,creature_loot_template,15727,3340007,2010000499
500,creature_loot_template,16011,3360005,2010000500
501,creature_loot_template,15990,3360013,2010000501
502,creature_loot_template,29249,3370000,2010000502
503,creature_loot_template,16807,3390000,2010000503
504,creature_loot_template,20568,3400000,2010000504
505,creature_loot_template,18607,3420002,2010000505
506,creature_loot_template,18433,3440001,2010000506
507,creature_loot_template,17797,3460000,2010000507
508,creature_loot_template,20629,3470000,2010000508
509,creature_loot_template,20630,3470001,2010000509
510,creature_loot_template,21216,3520000,2010000510
511,creature_loot_template,21218,3520001,2010000511
512,creature_loot_template,21220,3520001,2010000512
513,creature_loot_template,21221,3520001,2010000513
514,creature_loot_template,21224,3520001,2010000514
515,creature_loot_template,21225,3520001,2010000515
516,creature_loot_template,21226,3520001,2010000516
517,creature_loot_template,21227,3520001,2010000517
518,creature_loot_template,21228,3520001,2010000518
519,creature_loot_template,21229,3520001,2010000519
520,creature_loot_template,21230,3520001,2010000520
521,creature_loot_template,21231,3520001,2010000521
522,creature_loot_template,21232,3520001,2010000522
523,creature_loot_template,21246,3520001,2010000523
524,creature_loot_template,21251,3520001,2010000524
525,creature_loot_template,21263,3520001,2010000525
526,creature_loot_template,21298,3520001,2010000526
527,creature_loot_template,21299,3520001,2010000527
528,creature_loot_template,21301,3520001,2010000528
529,creature_loot_template,21339,3520001,2010000529
530,creature_loot_template,21863,3520001,2010000530
531,creature_loot_template,21215,3520002,2010000531
532,creature_loot_template,19514,3530000,2010000532
533,creature_loot_template,19516,3530002,2010000533
534,creature_loot_template,18805,3530003,2010000534
535,creature_loot_template,18732,3600002,2010000535
536,creature_loot_template,20636,3610000,2010000536
537,creature_loot_template,20653,3610002,2010000537
538,creature_loot_template,18472,3620000,2010000538
539,creature_loot_template,18473,3620001,2010000539
540,creature_loot_template,20690,3630000,2010000540
541,creature_loot_template,18314,3640001,2010000541
542,creature_loot_template,19306,3640001,2010000542
543,creature_loot_template,19306,3650001,2010000543
544,creature_loot_template,23574,3720000,2010000544
545,creature_loot_template,24239,3720004,2010000545
546,creature_loot_template,23863,3720005,2010000546
547,creature_loot_template,30748,3740000,2010000547
548,creature_loot_template,31673,3740003,2010000548
549,creature_loot_template,26687,3750000,2010000549
550,creature_loot_template,30774,3760000,2010000550
551,creature_loot_template,30788,3760003,2010000551
552,creature_loot_template,30510,3780001,2010000552
553,creature_loot_template,30540,3780004,2010000553
554,creature_loot_template,27654,3790000,2010000554
555,creature_loot_template,31558,3800000,2010000555
556,creature_loot_template,26529,3840000,2010000556
557,creature_loot_template,31211,3850000,2010000557
558,creature_loot_template,31178,3850001,2010000558
559,creature_loot_template,31179,3850001,2010000559
560,creature_loot_template,31187,3850001,2010000560
561,creature_loot_template,31199,3850001,2010000561
562,creature_loot_template,31200,3850001,2010000562
563,creature_loot_template,31201,3850001,2010000563
564,gameobject_loot_template,24589,3850004,2010000564
565,creature_loot_template,27977,3860000,2010000565
566,creature_loot_template,31381,3870000,2010000566
567,creature_loot_template,31386,3870003,2010000567
568,creature_loot_template,31362,3890000,2010000568
569,creature_loot_template,31336,3890001,2010000569
570,creature_loot_template,31337,3890001,2010000570
571,creature_loot_template,31338,3890001,2010000571
572,creature_loot_template,31339,3890001,2010000572
573,creature_loot_template,31340,3890001,2010000573
574,creature_loot_template,31342,3890001,2010000574
575,creature_loot_template,31343,3890001,2010000575
576,creature_loot_template,31345,3890001,2010000576
577,creature_loot_template,31347,3890001,2010000577
578,creature_loot_template,31351,3890001,2010000578
579,creature_loot_template,31352,3890001,2010000579
580,creature_loot_template,31354,3890001,2010000580
581,creature_loot_template,31355,3890001,2010000581
582,creature_loot_template,31357,3890001,2010000582
583,creature_loot_template,31359,3890001,2010000583
584,creature_loot_template,31360,3890001,2010000584
585,creature_loot_template,31363,3890001,2010000585
586,creature_loot_template,31612,3910000,2010000586
587,creature_loot_template,28586,3920000,2010000587
588,creature_loot_template,31533,3930000,2010000588
589,creature_loot_template,31538,3930004,2010000589
590,creature_loot_template,33113,3940000,2010000590
591,gameobject_loot_template,27086,3940006,2010000591
592,creature_loot_template,34003,3950000,2010000592
593,creature_loot_template,33190,3950001,2010000593
594,creature_loot_template,33885,3950003,2010000594
595,creature_loot_template,29306,3960002,2010000595
596,creature_loot_template,31370,3970000,2010000596
597,creature_loot_template,31368,3970003,2010000597
598,creature_loot_template,31507,3990000,2010000598
599,creature_loot_template,31506,3990003,2010000599
600,creature_loot_template,28860,4000000,2010000600
601,creature_loot_template,31311,4010000,2010000601
602,creature_loot_template,31456,4030000,2010000602
603,creature_loot_template,31464,4030004,2010000603
604,creature_loot_template,36612,4060000,2010000604
605,creature_loot_template,36597,4060007,2010000605
606,creature_loot_template,38431,4070005,2010000606
607,creature_loot_template,39166,4070008,2010000607
608,creature_loot_template,37958,4080000,2010000608
609,creature_loot_template,39167,4080007,2010000609
610,creature_loot_template,38586,4090004,2010000610
611,creature_loot_template,36497,4100000,2010000611
612,creature_loot_template,36498,4110000,2010000612
613,gameobject_loot_template,27321,4120000,2010000613
614,gameobject_loot_template,27414,4130000,2010000614
615,creature_loot_template,36494,4140000,2010000615
616,creature_loot_template,37613,4150000,2010000616
617,creature_loot_template,38113,4160000,2010000617
618,creature_loot_template,38603,4170000,2010000618
619,creature_loot_template,39863,4180000,2010000619
620,creature_loot_template,39864,4190000,2010000620
621,creature_loot_template,39944,4200000,2010000621
622,creature_loot_template,39945,4210000,2010000622
