Archive,Tile,AreaID,MCNKCount,File
patch-9.mpq,28_28,10433,256,D:\Sirus\_client\World of Warcraft Sirus\Risen_Depths_Extract_2026-10-04\MapFiles\ByArchive\patch-9.mpq\World\Maps\Sirus2\Sirus2_28_28.adt
patch-9.mpq,28_29,10433,256,D:\Sirus\_client\World of Warcraft Sirus\Risen_Depths_Extract_2026-10-04\MapFiles\ByArchive\patch-9.mpq\World\Maps\Sirus2\Sirus2_28_29.adt
patch-9.mpq,28_30,10433,256,D:\Sirus\_client\World of Warcraft Sirus\Risen_Depths_Extract_2026-10-04\MapFiles\ByArchive\patch-9.mpq\World\Maps\Sirus2\Sirus2_28_30.adt
patch-9.mpq,28_31,10433,256,D:\Sirus\_client\World of Warcraft Sirus\Risen_Depths_Extract_2026-10-04\MapFiles\ByArchive\patch-9.mpq\World\Maps\Sirus2\Sirus2_28_31.adt
patch-9.mpq,28_32,10433,256,D:\Sirus\_client\World of Warcraft Sirus\Risen_Depths_Extract_2026-10-04\MapFiles\ByArchive\patch-9.mpq\World\Maps\Sirus2\Sirus2_28_32.adt
patch-9.mpq,28_33,10433,256,D:\Sirus\_client\World of Warcraft Sirus\Risen_Depths_Extract_2026-10-04\MapFiles\ByArchive\patch-9.mpq\World\Maps\Sirus2\Sirus2_28_33.adt
patch-9.mpq,28_34,10433,256,D:\Sirus\_client\World of Warcraft Sirus\Risen_Depths_Extract_2026-10-04\MapFiles\ByArchive\patch-9.mpq\World\Maps\Sirus2\Sirus2_28_34.adt
patch-9.mpq,28_35,10433,256,D:\Sirus\_client\World of Warcraft Sirus\Risen_Depths_Extract_2026-10-04\MapFiles\ByArchive\patch-9.mpq\World\Maps\Sirus2\Sirus2_28_35.adt
patch-9.mpq,28_36,10433,256,D:\Sirus\_client\World of Warcraft Sirus\Risen_Depths_Extract_2026-10-04\MapFiles\ByArchive\patch-9.mpq\World\Maps\Sirus2\Sirus2_28_36.adt
patch-9.mpq,29_28,10433,256,D:\Sirus\_client\World of Warcraft Sirus\Risen_Depths_Extract_2026-10-04\MapFiles\ByArchive\patch-9.mpq\World\Maps\Sirus2\Sirus2_29_28.adt
patch-9.mpq,29_29,10433,256,D:\Sirus\_client\World of Warcraft Sirus\Risen_Depths_Extract_2026-10-04\MapFiles\ByArchive\patch-9.mpq\World\Maps\Sirus2\Sirus2_29_29.adt
patch-9.mpq,29_30,10433,256,D:\Sirus\_client\World of Warcraft Sirus\Risen_Depths_Extract_2026-10-04\MapFiles\ByArchive\patch-9.mpq\World\Maps\Sirus2\Sirus2_29_30.adt
patch-9.mpq,29_31,10433,256,D:\Sirus\_client\World of Warcraft Sirus\Risen_Depths_Extract_2026-10-04\MapFiles\ByArchive\patch-9.mpq\World\Maps\Sirus2\Sirus2_29_31.adt
patch-9.mpq,29_32,10433,256,D:\Sirus\_client\World of Warcraft Sirus\Risen_Depths_Extract_2026-10-04\MapFiles\ByArchive\patch-9.mpq\World\Maps\Sirus2\Sirus2_29_32.adt
patch-9.mpq,29_33,10433,256,D:\Sirus\_client\World of Warcraft Sirus\Risen_Depths_Extract_2026-10-04\MapFiles\ByArchive\patch-9.mpq\World\Maps\Sirus2\Sirus2_29_33.adt
patch-9.mpq,29_34,10433,256,D:\Sirus\_client\World of Warcraft Sirus\Risen_Depths_Extract_2026-10-04\MapFiles\ByArchive\patch-9.mpq\World\Maps\Sirus2\Sirus2_29_34.adt
patch-9.mpq,29_35,10433,256,D:\Sirus\_client\World of Warcraft Sirus\Risen_Depths_Extract_2026-10-04\MapFiles\ByArchive\patch-9.mpq\World\Maps\Sirus2\Sirus2_29_35.adt
patch-9.mpq,29_36,10433,256,D:\Sirus\_client\World of Warcraft Sirus\Risen_Depths_Extract_2026-10-04\MapFiles\ByArchive\patch-9.mpq\World\Maps\Sirus2\Sirus2_29_36.adt
patch-9.mpq,30_28,10433,256,D:\Sirus\_client\World of Warcraft Sirus\Risen_Depths_Extract_2026-10-04\MapFiles\ByArchive\patch-9.mpq\World\Maps\Sirus2\Sirus2_30_28.adt
patch-9.mpq,30_29,10433,256,D:\Sirus\_client\World of Warcraft Sirus\Risen_Depths_Extract_2026-10-04\MapFiles\ByArchive\patch-9.mpq\World\Maps\Sirus2\Sirus2_30_29.adt
patch-9.mpq,30_30,10433,234,D:\Sirus\_client\World of Warcraft Sirus\Risen_Depths_Extract_2026-10-04\MapFiles\ByArchive\patch-9.mpq\World\Maps\Sirus2\Sirus2_30_30.adt
patch-9.mpq,30_30,10065,21,D:\Sirus\_client\World of Warcraft Sirus\Risen_Depths_Extract_2026-10-04\MapFiles\ByArchive\patch-9.mpq\World\Maps\Sirus2\Sirus2_30_30.adt
patch-9.mpq,30_30,10074,1,D:\Sirus\_client\World of Warcraft Sirus\Risen_Depths_Extract_2026-10-04\MapFiles\ByArchive\patch-9.mpq\World\Maps\Sirus2\Sirus2_30_30.adt
patch-9.mpq,30_31,10433,94,D:\Sirus\_client\World of Warcraft Sirus\Risen_Depths_Extract_2026-10-04\MapFiles\ByArchive\patch-9.mpq\World\Maps\Sirus2\Sirus2_30_31.adt
patch-9.mpq,30_31,10065,40,D:\Sirus\_client\World of Warcraft Sirus\Risen_Depths_Extract_2026-10-04\MapFiles\ByArchive\patch-9.mpq\World\Maps\Sirus2\Sirus2_30_31.adt
patch-9.mpq,30_31,10074,25,D:\Sirus\_client\World of Warcraft Sirus\Risen_Depths_Extract_2026-10-04\MapFiles\ByArchive\patch-9.mpq\World\Maps\Sirus2\Sirus2_30_31.adt
patch-9.mpq,30_31,10050,44,D:\Sirus\_client\World of Warcraft Sirus\Risen_Depths_Extract_2026-10-04\MapFiles\ByArchive\patch-9.mpq\World\Maps\Sirus2\Sirus2_30_31.adt
patch-9.mpq,30_31,10061,53,D:\Sirus\_client\World of Warcraft Sirus\Risen_Depths_Extract_2026-10-04\MapFiles\ByArchive\patch-9.mpq\World\Maps\Sirus2\Sirus2_30_31.adt
patch-9.mpq,30_32,10433,181,D:\Sirus\_client\World of Warcraft Sirus\Risen_Depths_Extract_2026-10-04\MapFiles\ByArchive\patch-9.mpq\World\Maps\Sirus2\Sirus2_30_32.adt
patch-9.mpq,30_32,10065,33,D:\Sirus\_client\World of Warcraft Sirus\Risen_Depths_Extract_2026-10-04\MapFiles\ByArchive\patch-9.mpq\World\Maps\Sirus2\Sirus2_30_32.adt
patch-9.mpq,30_32,10050,30,D:\Sirus\_client\World of Warcraft Sirus\Risen_Depths_Extract_2026-10-04\MapFiles\ByArchive\patch-9.mpq\World\Maps\Sirus2\Sirus2_30_32.adt
patch-9.mpq,30_32,10061,12,D:\Sirus\_client\World of Warcraft Sirus\Risen_Depths_Extract_2026-10-04\MapFiles\ByArchive\patch-9.mpq\World\Maps\Sirus2\Sirus2_30_32.adt
patch-9.mpq,30_33,10433,249,D:\Sirus\_client\World of Warcraft Sirus\Risen_Depths_Extract_2026-10-04\MapFiles\ByArchive\patch-9.mpq\World\Maps\Sirus2\Sirus2_30_33.adt
patch-9.mpq,30_33,10065,4,D:\Sirus\_client\World of Warcraft Sirus\Risen_Depths_Extract_2026-10-04\MapFiles\ByArchive\patch-9.mpq\World\Maps\Sirus2\Sirus2_30_33.adt
patch-9.mpq,30_33,10050,3,D:\Sirus\_client\World of Warcraft Sirus\Risen_Depths_Extract_2026-10-04\MapFiles\ByArchive\patch-9.mpq\World\Maps\Sirus2\Sirus2_30_33.adt
patch-9.mpq,30_34,10433,256,D:\Sirus\_client\World of Warcraft Sirus\Risen_Depths_Extract_2026-10-04\MapFiles\ByArchive\patch-9.mpq\World\Maps\Sirus2\Sirus2_30_34.adt
patch-9.mpq,30_35,10433,256,D:\Sirus\_client\World of Warcraft Sirus\Risen_Depths_Extract_2026-10-04\MapFiles\ByArchive\patch-9.mpq\World\Maps\Sirus2\Sirus2_30_35.adt
patch-9.mpq,30_36,10433,256,D:\Sirus\_client\World of Warcraft Sirus\Risen_Depths_Extract_2026-10-04\MapFiles\ByArchive\patch-9.mpq\World\Maps\Sirus2\Sirus2_30_36.adt
patch-9.mpq,31_28,10433,256,D:\Sirus\_client\World of Warcraft Sirus\Risen_Depths_Extract_2026-10-04\MapFiles\ByArchive\patch-9.mpq\World\Maps\Sirus2\Sirus2_31_28.adt
patch-9.mpq,31_29,10433,256,D:\Sirus\_client\World of Warcraft Sirus\Risen_Depths_Extract_2026-10-04\MapFiles\ByArchive\patch-9.mpq\World\Maps\Sirus2\Sirus2_31_29.adt
patch-9.mpq,31_30,10433,118,D:\Sirus\_client\World of Warcraft Sirus\Risen_Depths_Extract_2026-10-04\MapFiles\ByArchive\patch-9.mpq\World\Maps\Sirus2\Sirus2_31_30.adt
patch-9.mpq,31_30,10065,63,D:\Sirus\_client\World of Warcraft Sirus\Risen_Depths_Extract_2026-10-04\MapFiles\ByArchive\patch-9.mpq\World\Maps\Sirus2\Sirus2_31_30.adt
patch-9.mpq,31_30,10074,50,D:\Sirus\_client\World of Warcraft Sirus\Risen_Depths_Extract_2026-10-04\MapFiles\ByArchive\patch-9.mpq\World\Maps\Sirus2\Sirus2_31_30.adt
patch-9.mpq,31_30,10069,25,D:\Sirus\_client\World of Warcraft Sirus\Risen_Depths_Extract_2026-10-04\MapFiles\ByArchive\patch-9.mpq\World\Maps\Sirus2\Sirus2_31_30.adt
patch-9.mpq,31_31,10074,86,D:\Sirus\_client\World of Warcraft Sirus\Risen_Depths_Extract_2026-10-04\MapFiles\ByArchive\patch-9.mpq\World\Maps\Sirus2\Sirus2_31_31.adt
patch-9.mpq,31_31,10069,11,D:\Sirus\_client\World of Warcraft Sirus\Risen_Depths_Extract_2026-10-04\MapFiles\ByArchive\patch-9.mpq\World\Maps\Sirus2\Sirus2_31_31.adt
patch-9.mpq,31_31,10064,52,D:\Sirus\_client\World of Warcraft Sirus\Risen_Depths_Extract_2026-10-04\MapFiles\ByArchive\patch-9.mpq\World\Maps\Sirus2\Sirus2_31_31.adt
patch-9.mpq,31_31,10070,75,D:\Sirus\_client\World of Warcraft Sirus\Risen_Depths_Extract_2026-10-04\MapFiles\ByArchive\patch-9.mpq\World\Maps\Sirus2\Sirus2_31_31.adt
patch-9.mpq,31_31,10068,15,D:\Sirus\_client\World of Warcraft Sirus\Risen_Depths_Extract_2026-10-04\MapFiles\ByArchive\patch-9.mpq\World\Maps\Sirus2\Sirus2_31_31.adt
patch-9.mpq,31_31,10050,1,D:\Sirus\_client\World of Warcraft Sirus\Risen_Depths_Extract_2026-10-04\MapFiles\ByArchive\patch-9.mpq\World\Maps\Sirus2\Sirus2_31_31.adt
patch-9.mpq,31_31,10061,16,D:\Sirus\_client\World of Warcraft Sirus\Risen_Depths_Extract_2026-10-04\MapFiles\ByArchive\patch-9.mpq\World\Maps\Sirus2\Sirus2_31_31.adt
patch-9.mpq,31_32,10061,11,D:\Sirus\_client\World of Warcraft Sirus\Risen_Depths_Extract_2026-10-04\MapFiles\ByArchive\patch-9.mpq\World\Maps\Sirus2\Sirus2_31_32.adt
patch-9.mpq,31_32,10070,83,D:\Sirus\_client\World of Warcraft Sirus\Risen_Depths_Extract_2026-10-04\MapFiles\ByArchive\patch-9.mpq\World\Maps\Sirus2\Sirus2_31_32.adt
patch-9.mpq,31_32,10064,7,D:\Sirus\_client\World of Warcraft Sirus\Risen_Depths_Extract_2026-10-04\MapFiles\ByArchive\patch-9.mpq\World\Maps\Sirus2\Sirus2_31_32.adt
patch-9.mpq,31_32,10050,34,D:\Sirus\_client\World of Warcraft Sirus\Risen_Depths_Extract_2026-10-04\MapFiles\ByArchive\patch-9.mpq\World\Maps\Sirus2\Sirus2_31_32.adt
patch-9.mpq,31_32,10065,12,D:\Sirus\_client\World of Warcraft Sirus\Risen_Depths_Extract_2026-10-04\MapFiles\ByArchive\patch-9.mpq\World\Maps\Sirus2\Sirus2_31_32.adt
patch-9.mpq,31_32,0,15,D:\Sirus\_client\World of Warcraft Sirus\Risen_Depths_Extract_2026-10-04\MapFiles\ByArchive\patch-9.mpq\World\Maps\Sirus2\Sirus2_31_32.adt
patch-9.mpq,31_32,10055,44,D:\Sirus\_client\World of Warcraft Sirus\Risen_Depths_Extract_2026-10-04\MapFiles\ByArchive\patch-9.mpq\World\Maps\Sirus2\Sirus2_31_32.adt
patch-9.mpq,31_32,10054,50,D:\Sirus\_client\World of Warcraft Sirus\Risen_Depths_Extract_2026-10-04\MapFiles\ByArchive\patch-9.mpq\World\Maps\Sirus2\Sirus2_31_32.adt
patch-9.mpq,31_33,10050,35,D:\Sirus\_client\World of Warcraft Sirus\Risen_Depths_Extract_2026-10-04\MapFiles\ByArchive\patch-9.mpq\World\Maps\Sirus2\Sirus2_31_33.adt
patch-9.mpq,31_33,10054,28,D:\Sirus\_client\World of Warcraft Sirus\Risen_Depths_Extract_2026-10-04\MapFiles\ByArchive\patch-9.mpq\World\Maps\Sirus2\Sirus2_31_33.adt
patch-9.mpq,31_33,10055,8,D:\Sirus\_client\World of Warcraft Sirus\Risen_Depths_Extract_2026-10-04\MapFiles\ByArchive\patch-9.mpq\World\Maps\Sirus2\Sirus2_31_33.adt
patch-9.mpq,31_33,10051,87,D:\Sirus\_client\World of Warcraft Sirus\Risen_Depths_Extract_2026-10-04\MapFiles\ByArchive\patch-9.mpq\World\Maps\Sirus2\Sirus2_31_33.adt
patch-9.mpq,31_33,10433,98,D:\Sirus\_client\World of Warcraft Sirus\Risen_Depths_Extract_2026-10-04\MapFiles\ByArchive\patch-9.mpq\World\Maps\Sirus2\Sirus2_31_33.adt
patch-9.mpq,31_34,10433,256,D:\Sirus\_client\World of Warcraft Sirus\Risen_Depths_Extract_2026-10-04\MapFiles\ByArchive\patch-9.mpq\World\Maps\Sirus2\Sirus2_31_34.adt
patch-9.mpq,31_35,10433,256,D:\Sirus\_client\World of Warcraft Sirus\Risen_Depths_Extract_2026-10-04\MapFiles\ByArchive\patch-9.mpq\World\Maps\Sirus2\Sirus2_31_35.adt
patch-9.mpq,31_36,10433,256,D:\Sirus\_client\World of Warcraft Sirus\Risen_Depths_Extract_2026-10-04\MapFiles\ByArchive\patch-9.mpq\World\Maps\Sirus2\Sirus2_31_36.adt
patch-9.mpq,32_28,10433,256,D:\Sirus\_client\World of Warcraft Sirus\Risen_Depths_Extract_2026-10-04\MapFiles\ByArchive\patch-9.mpq\World\Maps\Sirus2\Sirus2_32_28.adt
patch-9.mpq,32_29,10433,256,D:\Sirus\_client\World of Warcraft Sirus\Risen_Depths_Extract_2026-10-04\MapFiles\ByArchive\patch-9.mpq\World\Maps\Sirus2\Sirus2_32_29.adt
patch-9.mpq,32_30,10433,163,D:\Sirus\_client\World of Warcraft Sirus\Risen_Depths_Extract_2026-10-04\MapFiles\ByArchive\patch-9.mpq\World\Maps\Sirus2\Sirus2_32_30.adt
patch-9.mpq,32_30,10065,55,D:\Sirus\_client\World of Warcraft Sirus\Risen_Depths_Extract_2026-10-04\MapFiles\ByArchive\patch-9.mpq\World\Maps\Sirus2\Sirus2_32_30.adt
patch-9.mpq,32_30,10069,15,D:\Sirus\_client\World of Warcraft Sirus\Risen_Depths_Extract_2026-10-04\MapFiles\ByArchive\patch-9.mpq\World\Maps\Sirus2\Sirus2_32_30.adt
patch-9.mpq,32_30,10072,23,D:\Sirus\_client\World of Warcraft Sirus\Risen_Depths_Extract_2026-10-04\MapFiles\ByArchive\patch-9.mpq\World\Maps\Sirus2\Sirus2_32_30.adt
patch-9.mpq,32_31,10069,4,D:\Sirus\_client\World of Warcraft Sirus\Risen_Depths_Extract_2026-10-04\MapFiles\ByArchive\patch-9.mpq\World\Maps\Sirus2\Sirus2_32_31.adt
patch-9.mpq,32_31,10072,73,D:\Sirus\_client\World of Warcraft Sirus\Risen_Depths_Extract_2026-10-04\MapFiles\ByArchive\patch-9.mpq\World\Maps\Sirus2\Sirus2_32_31.adt
patch-9.mpq,32_31,10065,12,D:\Sirus\_client\World of Warcraft Sirus\Risen_Depths_Extract_2026-10-04\MapFiles\ByArchive\patch-9.mpq\World\Maps\Sirus2\Sirus2_32_31.adt
patch-9.mpq,32_31,10433,2,D:\Sirus\_client\World of Warcraft Sirus\Risen_Depths_Extract_2026-10-04\MapFiles\ByArchive\patch-9.mpq\World\Maps\Sirus2\Sirus2_32_31.adt
patch-9.mpq,32_31,10064,69,D:\Sirus\_client\World of Warcraft Sirus\Risen_Depths_Extract_2026-10-04\MapFiles\ByArchive\patch-9.mpq\World\Maps\Sirus2\Sirus2_32_31.adt
patch-9.mpq,32_31,10067,33,D:\Sirus\_client\World of Warcraft Sirus\Risen_Depths_Extract_2026-10-04\MapFiles\ByArchive\patch-9.mpq\World\Maps\Sirus2\Sirus2_32_31.adt
patch-9.mpq,32_31,10066,8,D:\Sirus\_client\World of Warcraft Sirus\Risen_Depths_Extract_2026-10-04\MapFiles\ByArchive\patch-9.mpq\World\Maps\Sirus2\Sirus2_32_31.adt
patch-9.mpq,32_31,10075,55,D:\Sirus\_client\World of Warcraft Sirus\Risen_Depths_Extract_2026-10-04\MapFiles\ByArchive\patch-9.mpq\World\Maps\Sirus2\Sirus2_32_31.adt
patch-9.mpq,32_32,10064,15,D:\Sirus\_client\World of Warcraft Sirus\Risen_Depths_Extract_2026-10-04\MapFiles\ByArchive\patch-9.mpq\World\Maps\Sirus2\Sirus2_32_32.adt
patch-9.mpq,32_32,10075,70,D:\Sirus\_client\World of Warcraft Sirus\Risen_Depths_Extract_2026-10-04\MapFiles\ByArchive\patch-9.mpq\World\Maps\Sirus2\Sirus2_32_32.adt
patch-9.mpq,32_32,10050,107,D:\Sirus\_client\World of Warcraft Sirus\Risen_Depths_Extract_2026-10-04\MapFiles\ByArchive\patch-9.mpq\World\Maps\Sirus2\Sirus2_32_32.adt
patch-9.mpq,32_32,10073,39,D:\Sirus\_client\World of Warcraft Sirus\Risen_Depths_Extract_2026-10-04\MapFiles\ByArchive\patch-9.mpq\World\Maps\Sirus2\Sirus2_32_32.adt
patch-9.mpq,32_32,10058,14,D:\Sirus\_client\World of Warcraft Sirus\Risen_Depths_Extract_2026-10-04\MapFiles\ByArchive\patch-9.mpq\World\Maps\Sirus2\Sirus2_32_32.adt
patch-9.mpq,32_32,10055,3,D:\Sirus\_client\World of Warcraft Sirus\Risen_Depths_Extract_2026-10-04\MapFiles\ByArchive\patch-9.mpq\World\Maps\Sirus2\Sirus2_32_32.adt
patch-9.mpq,32_32,10052,8,D:\Sirus\_client\World of Warcraft Sirus\Risen_Depths_Extract_2026-10-04\MapFiles\ByArchive\patch-9.mpq\World\Maps\Sirus2\Sirus2_32_32.adt
patch-9.mpq,32_33,10055,4,D:\Sirus\_client\World of Warcraft Sirus\Risen_Depths_Extract_2026-10-04\MapFiles\ByArchive\patch-9.mpq\World\Maps\Sirus2\Sirus2_32_33.adt
patch-9.mpq,32_33,10052,54,D:\Sirus\_client\World of Warcraft Sirus\Risen_Depths_Extract_2026-10-04\MapFiles\ByArchive\patch-9.mpq\World\Maps\Sirus2\Sirus2_32_33.adt
patch-9.mpq,32_33,10058,11,D:\Sirus\_client\World of Warcraft Sirus\Risen_Depths_Extract_2026-10-04\MapFiles\ByArchive\patch-9.mpq\World\Maps\Sirus2\Sirus2_32_33.adt
patch-9.mpq,32_33,10051,73,D:\Sirus\_client\World of Warcraft Sirus\Risen_Depths_Extract_2026-10-04\MapFiles\ByArchive\patch-9.mpq\World\Maps\Sirus2\Sirus2_32_33.adt
patch-9.mpq,32_33,10050,25,D:\Sirus\_client\World of Warcraft Sirus\Risen_Depths_Extract_2026-10-04\MapFiles\ByArchive\patch-9.mpq\World\Maps\Sirus2\Sirus2_32_33.adt
patch-9.mpq,32_33,10056,44,D:\Sirus\_client\World of Warcraft Sirus\Risen_Depths_Extract_2026-10-04\MapFiles\ByArchive\patch-9.mpq\World\Maps\Sirus2\Sirus2_32_33.adt
patch-9.mpq,32_33,10433,45,D:\Sirus\_client\World of Warcraft Sirus\Risen_Depths_Extract_2026-10-04\MapFiles\ByArchive\patch-9.mpq\World\Maps\Sirus2\Sirus2_32_33.adt
patch-9.mpq,32_34,10433,256,D:\Sirus\_client\World of Warcraft Sirus\Risen_Depths_Extract_2026-10-04\MapFiles\ByArchive\patch-9.mpq\World\Maps\Sirus2\Sirus2_32_34.adt
patch-9.mpq,32_35,10433,256,D:\Sirus\_client\World of Warcraft Sirus\Risen_Depths_Extract_2026-10-04\MapFiles\ByArchive\patch-9.mpq\World\Maps\Sirus2\Sirus2_32_35.adt
patch-9.mpq,32_36,10433,256,D:\Sirus\_client\World of Warcraft Sirus\Risen_Depths_Extract_2026-10-04\MapFiles\ByArchive\patch-9.mpq\World\Maps\Sirus2\Sirus2_32_36.adt
patch-9.mpq,33_28,10433,256,D:\Sirus\_client\World of Warcraft Sirus\Risen_Depths_Extract_2026-10-04\MapFiles\ByArchive\patch-9.mpq\World\Maps\Sirus2\Sirus2_33_28.adt
patch-9.mpq,33_29,10433,256,D:\Sirus\_client\World of Warcraft Sirus\Risen_Depths_Extract_2026-10-04\MapFiles\ByArchive\patch-9.mpq\World\Maps\Sirus2\Sirus2_33_29.adt
patch-9.mpq,33_30,10433,198,D:\Sirus\_client\World of Warcraft Sirus\Risen_Depths_Extract_2026-10-04\MapFiles\ByArchive\patch-9.mpq\World\Maps\Sirus2\Sirus2_33_30.adt
patch-9.mpq,33_30,10065,15,D:\Sirus\_client\World of Warcraft Sirus\Risen_Depths_Extract_2026-10-04\MapFiles\ByArchive\patch-9.mpq\World\Maps\Sirus2\Sirus2_33_30.adt
patch-9.mpq,33_30,10066,43,D:\Sirus\_client\World of Warcraft Sirus\Risen_Depths_Extract_2026-10-04\MapFiles\ByArchive\patch-9.mpq\World\Maps\Sirus2\Sirus2_33_30.adt
patch-9.mpq,33_31,10065,37,D:\Sirus\_client\World of Warcraft Sirus\Risen_Depths_Extract_2026-10-04\MapFiles\ByArchive\patch-9.mpq\World\Maps\Sirus2\Sirus2_33_31.adt
patch-9.mpq,33_31,10066,86,D:\Sirus\_client\World of Warcraft Sirus\Risen_Depths_Extract_2026-10-04\MapFiles\ByArchive\patch-9.mpq\World\Maps\Sirus2\Sirus2_33_31.adt
patch-9.mpq,33_31,10433,24,D:\Sirus\_client\World of Warcraft Sirus\Risen_Depths_Extract_2026-10-04\MapFiles\ByArchive\patch-9.mpq\World\Maps\Sirus2\Sirus2_33_31.adt
patch-9.mpq,33_31,10071,99,D:\Sirus\_client\World of Warcraft Sirus\Risen_Depths_Extract_2026-10-04\MapFiles\ByArchive\patch-9.mpq\World\Maps\Sirus2\Sirus2_33_31.adt
patch-9.mpq,33_31,10075,10,D:\Sirus\_client\World of Warcraft Sirus\Risen_Depths_Extract_2026-10-04\MapFiles\ByArchive\patch-9.mpq\World\Maps\Sirus2\Sirus2_33_31.adt
patch-9.mpq,33_32,10075,7,D:\Sirus\_client\World of Warcraft Sirus\Risen_Depths_Extract_2026-10-04\MapFiles\ByArchive\patch-9.mpq\World\Maps\Sirus2\Sirus2_33_32.adt
patch-9.mpq,33_32,10071,30,D:\Sirus\_client\World of Warcraft Sirus\Risen_Depths_Extract_2026-10-04\MapFiles\ByArchive\patch-9.mpq\World\Maps\Sirus2\Sirus2_33_32.adt
patch-9.mpq,33_32,10433,57,D:\Sirus\_client\World of Warcraft Sirus\Risen_Depths_Extract_2026-10-04\MapFiles\ByArchive\patch-9.mpq\World\Maps\Sirus2\Sirus2_33_32.adt
patch-9.mpq,33_32,10050,69,D:\Sirus\_client\World of Warcraft Sirus\Risen_Depths_Extract_2026-10-04\MapFiles\ByArchive\patch-9.mpq\World\Maps\Sirus2\Sirus2_33_32.adt
patch-9.mpq,33_32,10058,63,D:\Sirus\_client\World of Warcraft Sirus\Risen_Depths_Extract_2026-10-04\MapFiles\ByArchive\patch-9.mpq\World\Maps\Sirus2\Sirus2_33_32.adt
patch-9.mpq,33_32,10059,30,D:\Sirus\_client\World of Warcraft Sirus\Risen_Depths_Extract_2026-10-04\MapFiles\ByArchive\patch-9.mpq\World\Maps\Sirus2\Sirus2_33_32.adt
patch-9.mpq,33_33,10058,3,D:\Sirus\_client\World of Warcraft Sirus\Risen_Depths_Extract_2026-10-04\MapFiles\ByArchive\patch-9.mpq\World\Maps\Sirus2\Sirus2_33_33.adt
patch-9.mpq,33_33,10059,74,D:\Sirus\_client\World of Warcraft Sirus\Risen_Depths_Extract_2026-10-04\MapFiles\ByArchive\patch-9.mpq\World\Maps\Sirus2\Sirus2_33_33.adt
patch-9.mpq,33_33,10433,18,D:\Sirus\_client\World of Warcraft Sirus\Risen_Depths_Extract_2026-10-04\MapFiles\ByArchive\patch-9.mpq\World\Maps\Sirus2\Sirus2_33_33.adt
patch-9.mpq,33_33,10050,4,D:\Sirus\_client\World of Warcraft Sirus\Risen_Depths_Extract_2026-10-04\MapFiles\ByArchive\patch-9.mpq\World\Maps\Sirus2\Sirus2_33_33.adt
patch-9.mpq,33_33,10065,7,D:\Sirus\_client\World of Warcraft Sirus\Risen_Depths_Extract_2026-10-04\MapFiles\ByArchive\patch-9.mpq\World\Maps\Sirus2\Sirus2_33_33.adt
patch-9.mpq,33_33,10060,101,D:\Sirus\_client\World of Warcraft Sirus\Risen_Depths_Extract_2026-10-04\MapFiles\ByArchive\patch-9.mpq\World\Maps\Sirus2\Sirus2_33_33.adt
patch-9.mpq,33_33,10056,40,D:\Sirus\_client\World of Warcraft Sirus\Risen_Depths_Extract_2026-10-04\MapFiles\ByArchive\patch-9.mpq\World\Maps\Sirus2\Sirus2_33_33.adt
patch-9.mpq,33_33,10053,9,D:\Sirus\_client\World of Warcraft Sirus\Risen_Depths_Extract_2026-10-04\MapFiles\ByArchive\patch-9.mpq\World\Maps\Sirus2\Sirus2_33_33.adt
patch-9.mpq,33_34,10433,226,D:\Sirus\_client\World of Warcraft Sirus\Risen_Depths_Extract_2026-10-04\MapFiles\ByArchive\patch-9.mpq\World\Maps\Sirus2\Sirus2_33_34.adt
patch-9.mpq,33_34,10060,14,D:\Sirus\_client\World of Warcraft Sirus\Risen_Depths_Extract_2026-10-04\MapFiles\ByArchive\patch-9.mpq\World\Maps\Sirus2\Sirus2_33_34.adt
patch-9.mpq,33_34,10062,16,D:\Sirus\_client\World of Warcraft Sirus\Risen_Depths_Extract_2026-10-04\MapFiles\ByArchive\patch-9.mpq\World\Maps\Sirus2\Sirus2_33_34.adt
patch-9.mpq,33_35,10433,256,D:\Sirus\_client\World of Warcraft Sirus\Risen_Depths_Extract_2026-10-04\MapFiles\ByArchive\patch-9.mpq\World\Maps\Sirus2\Sirus2_33_35.adt
patch-9.mpq,33_36,10433,256,D:\Sirus\_client\World of Warcraft Sirus\Risen_Depths_Extract_2026-10-04\MapFiles\ByArchive\patch-9.mpq\World\Maps\Sirus2\Sirus2_33_36.adt
patch-9.mpq,34_28,10433,256,D:\Sirus\_client\World of Warcraft Sirus\Risen_Depths_Extract_2026-10-04\MapFiles\ByArchive\patch-9.mpq\World\Maps\Sirus2\Sirus2_34_28.adt
patch-9.mpq,34_29,10433,256,D:\Sirus\_client\World of Warcraft Sirus\Risen_Depths_Extract_2026-10-04\MapFiles\ByArchive\patch-9.mpq\World\Maps\Sirus2\Sirus2_34_29.adt
patch-9.mpq,34_30,10433,256,D:\Sirus\_client\World of Warcraft Sirus\Risen_Depths_Extract_2026-10-04\MapFiles\ByArchive\patch-9.mpq\World\Maps\Sirus2\Sirus2_34_30.adt
patch-9.mpq,34_31,10433,256,D:\Sirus\_client\World of Warcraft Sirus\Risen_Depths_Extract_2026-10-04\MapFiles\ByArchive\patch-9.mpq\World\Maps\Sirus2\Sirus2_34_31.adt
patch-9.mpq,34_32,10433,256,D:\Sirus\_client\World of Warcraft Sirus\Risen_Depths_Extract_2026-10-04\MapFiles\ByArchive\patch-9.mpq\World\Maps\Sirus2\Sirus2_34_32.adt
patch-9.mpq,34_33,10433,163,D:\Sirus\_client\World of Warcraft Sirus\Risen_Depths_Extract_2026-10-04\MapFiles\ByArchive\patch-9.mpq\World\Maps\Sirus2\Sirus2_34_33.adt
patch-9.mpq,34_33,10065,35,D:\Sirus\_client\World of Warcraft Sirus\Risen_Depths_Extract_2026-10-04\MapFiles\ByArchive\patch-9.mpq\World\Maps\Sirus2\Sirus2_34_33.adt
patch-9.mpq,34_33,10060,45,D:\Sirus\_client\World of Warcraft Sirus\Risen_Depths_Extract_2026-10-04\MapFiles\ByArchive\patch-9.mpq\World\Maps\Sirus2\Sirus2_34_33.adt
patch-9.mpq,34_33,10062,13,D:\Sirus\_client\World of Warcraft Sirus\Risen_Depths_Extract_2026-10-04\MapFiles\ByArchive\patch-9.mpq\World\Maps\Sirus2\Sirus2_34_33.adt
patch-9.mpq,34_34,10062,85,D:\Sirus\_client\World of Warcraft Sirus\Risen_Depths_Extract_2026-10-04\MapFiles\ByArchive\patch-9.mpq\World\Maps\Sirus2\Sirus2_34_34.adt
patch-9.mpq,34_34,10433,171,D:\Sirus\_client\World of Warcraft Sirus\Risen_Depths_Extract_2026-10-04\MapFiles\ByArchive\patch-9.mpq\World\Maps\Sirus2\Sirus2_34_34.adt
patch-9.mpq,34_35,10433,256,D:\Sirus\_client\World of Warcraft Sirus\Risen_Depths_Extract_2026-10-04\MapFiles\ByArchive\patch-9.mpq\World\Maps\Sirus2\Sirus2_34_35.adt
patch-9.mpq,34_36,10433,256,D:\Sirus\_client\World of Warcraft Sirus\Risen_Depths_Extract_2026-10-04\MapFiles\ByArchive\patch-9.mpq\World\Maps\Sirus2\Sirus2_34_36.adt
patch-9.mpq,35_28,10433,256,D:\Sirus\_client\World of Warcraft Sirus\Risen_Depths_Extract_2026-10-04\MapFiles\ByArchive\patch-9.mpq\World\Maps\Sirus2\Sirus2_35_28.adt
patch-9.mpq,35_29,10433,256,D:\Sirus\_client\World of Warcraft Sirus\Risen_Depths_Extract_2026-10-04\MapFiles\ByArchive\patch-9.mpq\World\Maps\Sirus2\Sirus2_35_29.adt
patch-9.mpq,35_30,10433,256,D:\Sirus\_client\World of Warcraft Sirus\Risen_Depths_Extract_2026-10-04\MapFiles\ByArchive\patch-9.mpq\World\Maps\Sirus2\Sirus2_35_30.adt
patch-9.mpq,35_31,10433,256,D:\Sirus\_client\World of Warcraft Sirus\Risen_Depths_Extract_2026-10-04\MapFiles\ByArchive\patch-9.mpq\World\Maps\Sirus2\Sirus2_35_31.adt
patch-9.mpq,35_32,10433,256,D:\Sirus\_client\World of Warcraft Sirus\Risen_Depths_Extract_2026-10-04\MapFiles\ByArchive\patch-9.mpq\World\Maps\Sirus2\Sirus2_35_32.adt
patch-9.mpq,35_33,10433,256,D:\Sirus\_client\World of Warcraft Sirus\Risen_Depths_Extract_2026-10-04\MapFiles\ByArchive\patch-9.mpq\World\Maps\Sirus2\Sirus2_35_33.adt
patch-9.mpq,35_34,10433,256,D:\Sirus\_client\World of Warcraft Sirus\Risen_Depths_Extract_2026-10-04\MapFiles\ByArchive\patch-9.mpq\World\Maps\Sirus2\Sirus2_35_34.adt
patch-9.mpq,35_35,10433,256,D:\Sirus\_client\World of Warcraft Sirus\Risen_Depths_Extract_2026-10-04\MapFiles\ByArchive\patch-9.mpq\World\Maps\Sirus2\Sirus2_35_35.adt
patch-9.mpq,35_36,10433,256,D:\Sirus\_client\World of Warcraft Sirus\Risen_Depths_Extract_2026-10-04\MapFiles\ByArchive\patch-9.mpq\World\Maps\Sirus2\Sirus2_35_36.adt
patch-9.mpq,36_28,10433,256,D:\Sirus\_client\World of Warcraft Sirus\Risen_Depths_Extract_2026-10-04\MapFiles\ByArchive\patch-9.mpq\World\Maps\Sirus2\Sirus2_36_28.adt
patch-9.mpq,36_29,10433,256,D:\Sirus\_client\World of Warcraft Sirus\Risen_Depths_Extract_2026-10-04\MapFiles\ByArchive\patch-9.mpq\World\Maps\Sirus2\Sirus2_36_29.adt
patch-9.mpq,36_30,10433,256,D:\Sirus\_client\World of Warcraft Sirus\Risen_Depths_Extract_2026-10-04\MapFiles\ByArchive\patch-9.mpq\World\Maps\Sirus2\Sirus2_36_30.adt
patch-9.mpq,36_31,10433,256,D:\Sirus\_client\World of Warcraft Sirus\Risen_Depths_Extract_2026-10-04\MapFiles\ByArchive\patch-9.mpq\World\Maps\Sirus2\Sirus2_36_31.adt
patch-9.mpq,36_32,10433,256,D:\Sirus\_client\World of Warcraft Sirus\Risen_Depths_Extract_2026-10-04\MapFiles\ByArchive\patch-9.mpq\World\Maps\Sirus2\Sirus2_36_32.adt
patch-9.mpq,36_33,10433,256,D:\Sirus\_client\World of Warcraft Sirus\Risen_Depths_Extract_2026-10-04\MapFiles\ByArchive\patch-9.mpq\World\Maps\Sirus2\Sirus2_36_33.adt
patch-9.mpq,36_34,10433,256,D:\Sirus\_client\World of Warcraft Sirus\Risen_Depths_Extract_2026-10-04\MapFiles\ByArchive\patch-9.mpq\World\Maps\Sirus2\Sirus2_36_34.adt
patch-9.mpq,36_35,10433,256,D:\Sirus\_client\World of Warcraft Sirus\Risen_Depths_Extract_2026-10-04\MapFiles\ByArchive\patch-9.mpq\World\Maps\Sirus2\Sirus2_36_35.adt
patch-9.mpq,36_36,10433,256,D:\Sirus\_client\World of Warcraft Sirus\Risen_Depths_Extract_2026-10-04\MapFiles\ByArchive\patch-9.mpq\World\Maps\Sirus2\Sirus2_36_36.adt
patch-c.mpq,28_28,10433,256,D:\Sirus\_client\World of Warcraft Sirus\Risen_Depths_Extract_2026-10-04\MapFiles\ByArchive\patch-c.mpq\World\Maps\Sirus2\Sirus2_28_28.adt
patch-c.mpq,28_29,10433,256,D:\Sirus\_client\World of Warcraft Sirus\Risen_Depths_Extract_2026-10-04\MapFiles\ByArchive\patch-c.mpq\World\Maps\Sirus2\Sirus2_28_29.adt
patch-c.mpq,28_30,10433,256,D:\Sirus\_client\World of Warcraft Sirus\Risen_Depths_Extract_2026-10-04\MapFiles\ByArchive\patch-c.mpq\World\Maps\Sirus2\Sirus2_28_30.adt
patch-c.mpq,28_31,10433,256,D:\Sirus\_client\World of Warcraft Sirus\Risen_Depths_Extract_2026-10-04\MapFiles\ByArchive\patch-c.mpq\World\Maps\Sirus2\Sirus2_28_31.adt
patch-c.mpq,28_32,10433,256,D:\Sirus\_client\World of Warcraft Sirus\Risen_Depths_Extract_2026-10-04\MapFiles\ByArchive\patch-c.mpq\World\Maps\Sirus2\Sirus2_28_32.adt
patch-c.mpq,28_33,10433,256,D:\Sirus\_client\World of Warcraft Sirus\Risen_Depths_Extract_2026-10-04\MapFiles\ByArchive\patch-c.mpq\World\Maps\Sirus2\Sirus2_28_33.adt
patch-c.mpq,28_34,10433,256,D:\Sirus\_client\World of Warcraft Sirus\Risen_Depths_Extract_2026-10-04\MapFiles\ByArchive\patch-c.mpq\World\Maps\Sirus2\Sirus2_28_34.adt
patch-c.mpq,28_35,10433,256,D:\Sirus\_client\World of Warcraft Sirus\Risen_Depths_Extract_2026-10-04\MapFiles\ByArchive\patch-c.mpq\World\Maps\Sirus2\Sirus2_28_35.adt
patch-c.mpq,28_36,10433,256,D:\Sirus\_client\World of Warcraft Sirus\Risen_Depths_Extract_2026-10-04\MapFiles\ByArchive\patch-c.mpq\World\Maps\Sirus2\Sirus2_28_36.adt
patch-c.mpq,29_28,10433,256,D:\Sirus\_client\World of Warcraft Sirus\Risen_Depths_Extract_2026-10-04\MapFiles\ByArchive\patch-c.mpq\World\Maps\Sirus2\Sirus2_29_28.adt
patch-c.mpq,29_29,10433,256,D:\Sirus\_client\World of Warcraft Sirus\Risen_Depths_Extract_2026-10-04\MapFiles\ByArchive\patch-c.mpq\World\Maps\Sirus2\Sirus2_29_29.adt
patch-c.mpq,29_30,10433,256,D:\Sirus\_client\World of Warcraft Sirus\Risen_Depths_Extract_2026-10-04\MapFiles\ByArchive\patch-c.mpq\World\Maps\Sirus2\Sirus2_29_30.adt
patch-c.mpq,29_31,10433,256,D:\Sirus\_client\World of Warcraft Sirus\Risen_Depths_Extract_2026-10-04\MapFiles\ByArchive\patch-c.mpq\World\Maps\Sirus2\Sirus2_29_31.adt
patch-c.mpq,29_32,10433,256,D:\Sirus\_client\World of Warcraft Sirus\Risen_Depths_Extract_2026-10-04\MapFiles\ByArchive\patch-c.mpq\World\Maps\Sirus2\Sirus2_29_32.adt
patch-c.mpq,29_33,10433,256,D:\Sirus\_client\World of Warcraft Sirus\Risen_Depths_Extract_2026-10-04\MapFiles\ByArchive\patch-c.mpq\World\Maps\Sirus2\Sirus2_29_33.adt
patch-c.mpq,29_34,10433,256,D:\Sirus\_client\World of Warcraft Sirus\Risen_Depths_Extract_2026-10-04\MapFiles\ByArchive\patch-c.mpq\World\Maps\Sirus2\Sirus2_29_34.adt
patch-c.mpq,29_35,10433,256,D:\Sirus\_client\World of Warcraft Sirus\Risen_Depths_Extract_2026-10-04\MapFiles\ByArchive\patch-c.mpq\World\Maps\Sirus2\Sirus2_29_35.adt
patch-c.mpq,29_36,10433,256,D:\Sirus\_client\World of Warcraft Sirus\Risen_Depths_Extract_2026-10-04\MapFiles\ByArchive\patch-c.mpq\World\Maps\Sirus2\Sirus2_29_36.adt
patch-c.mpq,30_28,10433,256,D:\Sirus\_client\World of Warcraft Sirus\Risen_Depths_Extract_2026-10-04\MapFiles\ByArchive\patch-c.mpq\World\Maps\Sirus2\Sirus2_30_28.adt
patch-c.mpq,30_29,10433,256,D:\Sirus\_client\World of Warcraft Sirus\Risen_Depths_Extract_2026-10-04\MapFiles\ByArchive\patch-c.mpq\World\Maps\Sirus2\Sirus2_30_29.adt
patch-c.mpq,30_30,10433,234,D:\Sirus\_client\World of Warcraft Sirus\Risen_Depths_Extract_2026-10-04\MapFiles\ByArchive\patch-c.mpq\World\Maps\Sirus2\Sirus2_30_30.adt
patch-c.mpq,30_30,10065,21,D:\Sirus\_client\World of Warcraft Sirus\Risen_Depths_Extract_2026-10-04\MapFiles\ByArchive\patch-c.mpq\World\Maps\Sirus2\Sirus2_30_30.adt
patch-c.mpq,30_30,10074,1,D:\Sirus\_client\World of Warcraft Sirus\Risen_Depths_Extract_2026-10-04\MapFiles\ByArchive\patch-c.mpq\World\Maps\Sirus2\Sirus2_30_30.adt
patch-c.mpq,30_31,10433,94,D:\Sirus\_client\World of Warcraft Sirus\Risen_Depths_Extract_2026-10-04\MapFiles\ByArchive\patch-c.mpq\World\Maps\Sirus2\Sirus2_30_31.adt
patch-c.mpq,30_31,10065,40,D:\Sirus\_client\World of Warcraft Sirus\Risen_Depths_Extract_2026-10-04\MapFiles\ByArchive\patch-c.mpq\World\Maps\Sirus2\Sirus2_30_31.adt
patch-c.mpq,30_31,10074,25,D:\Sirus\_client\World of Warcraft Sirus\Risen_Depths_Extract_2026-10-04\MapFiles\ByArchive\patch-c.mpq\World\Maps\Sirus2\Sirus2_30_31.adt
patch-c.mpq,30_31,10050,44,D:\Sirus\_client\World of Warcraft Sirus\Risen_Depths_Extract_2026-10-04\MapFiles\ByArchive\patch-c.mpq\World\Maps\Sirus2\Sirus2_30_31.adt
patch-c.mpq,30_31,10061,53,D:\Sirus\_client\World of Warcraft Sirus\Risen_Depths_Extract_2026-10-04\MapFiles\ByArchive\patch-c.mpq\World\Maps\Sirus2\Sirus2_30_31.adt
patch-c.mpq,30_32,10433,181,D:\Sirus\_client\World of Warcraft Sirus\Risen_Depths_Extract_2026-10-04\MapFiles\ByArchive\patch-c.mpq\World\Maps\Sirus2\Sirus2_30_32.adt
patch-c.mpq,30_32,10065,33,D:\Sirus\_client\World of Warcraft Sirus\Risen_Depths_Extract_2026-10-04\MapFiles\ByArchive\patch-c.mpq\World\Maps\Sirus2\Sirus2_30_32.adt
patch-c.mpq,30_32,10050,30,D:\Sirus\_client\World of Warcraft Sirus\Risen_Depths_Extract_2026-10-04\MapFiles\ByArchive\patch-c.mpq\World\Maps\Sirus2\Sirus2_30_32.adt
patch-c.mpq,30_32,10061,12,D:\Sirus\_client\World of Warcraft Sirus\Risen_Depths_Extract_2026-10-04\MapFiles\ByArchive\patch-c.mpq\World\Maps\Sirus2\Sirus2_30_32.adt
patch-c.mpq,30_33,10433,249,D:\Sirus\_client\World of Warcraft Sirus\Risen_Depths_Extract_2026-10-04\MapFiles\ByArchive\patch-c.mpq\World\Maps\Sirus2\Sirus2_30_33.adt
patch-c.mpq,30_33,10065,4,D:\Sirus\_client\World of Warcraft Sirus\Risen_Depths_Extract_2026-10-04\MapFiles\ByArchive\patch-c.mpq\World\Maps\Sirus2\Sirus2_30_33.adt
patch-c.mpq,30_33,10050,3,D:\Sirus\_client\World of Warcraft Sirus\Risen_Depths_Extract_2026-10-04\MapFiles\ByArchive\patch-c.mpq\World\Maps\Sirus2\Sirus2_30_33.adt
patch-c.mpq,30_34,10433,256,D:\Sirus\_client\World of Warcraft Sirus\Risen_Depths_Extract_2026-10-04\MapFiles\ByArchive\patch-c.mpq\World\Maps\Sirus2\Sirus2_30_34.adt
patch-c.mpq,30_35,10433,256,D:\Sirus\_client\World of Warcraft Sirus\Risen_Depths_Extract_2026-10-04\MapFiles\ByArchive\patch-c.mpq\World\Maps\Sirus2\Sirus2_30_35.adt
patch-c.mpq,30_36,10433,256,D:\Sirus\_client\World of Warcraft Sirus\Risen_Depths_Extract_2026-10-04\MapFiles\ByArchive\patch-c.mpq\World\Maps\Sirus2\Sirus2_30_36.adt
patch-c.mpq,31_28,10433,256,D:\Sirus\_client\World of Warcraft Sirus\Risen_Depths_Extract_2026-10-04\MapFiles\ByArchive\patch-c.mpq\World\Maps\Sirus2\Sirus2_31_28.adt
patch-c.mpq,31_29,10433,256,D:\Sirus\_client\World of Warcraft Sirus\Risen_Depths_Extract_2026-10-04\MapFiles\ByArchive\patch-c.mpq\World\Maps\Sirus2\Sirus2_31_29.adt
patch-c.mpq,31_30,10433,118,D:\Sirus\_client\World of Warcraft Sirus\Risen_Depths_Extract_2026-10-04\MapFiles\ByArchive\patch-c.mpq\World\Maps\Sirus2\Sirus2_31_30.adt
patch-c.mpq,31_30,10065,63,D:\Sirus\_client\World of Warcraft Sirus\Risen_Depths_Extract_2026-10-04\MapFiles\ByArchive\patch-c.mpq\World\Maps\Sirus2\Sirus2_31_30.adt
patch-c.mpq,31_30,10074,50,D:\Sirus\_client\World of Warcraft Sirus\Risen_Depths_Extract_2026-10-04\MapFiles\ByArchive\patch-c.mpq\World\Maps\Sirus2\Sirus2_31_30.adt
patch-c.mpq,31_30,10069,25,D:\Sirus\_client\World of Warcraft Sirus\Risen_Depths_Extract_2026-10-04\MapFiles\ByArchive\patch-c.mpq\World\Maps\Sirus2\Sirus2_31_30.adt
patch-c.mpq,31_31,10074,86,D:\Sirus\_client\World of Warcraft Sirus\Risen_Depths_Extract_2026-10-04\MapFiles\ByArchive\patch-c.mpq\World\Maps\Sirus2\Sirus2_31_31.adt
patch-c.mpq,31_31,10069,11,D:\Sirus\_client\World of Warcraft Sirus\Risen_Depths_Extract_2026-10-04\MapFiles\ByArchive\patch-c.mpq\World\Maps\Sirus2\Sirus2_31_31.adt
patch-c.mpq,31_31,10064,52,D:\Sirus\_client\World of Warcraft Sirus\Risen_Depths_Extract_2026-10-04\MapFiles\ByArchive\patch-c.mpq\World\Maps\Sirus2\Sirus2_31_31.adt
patch-c.mpq,31_31,10070,75,D:\Sirus\_client\World of Warcraft Sirus\Risen_Depths_Extract_2026-10-04\MapFiles\ByArchive\patch-c.mpq\World\Maps\Sirus2\Sirus2_31_31.adt
patch-c.mpq,31_31,10068,15,D:\Sirus\_client\World of Warcraft Sirus\Risen_Depths_Extract_2026-10-04\MapFiles\ByArchive\patch-c.mpq\World\Maps\Sirus2\Sirus2_31_31.adt
patch-c.mpq,31_31,10050,1,D:\Sirus\_client\World of Warcraft Sirus\Risen_Depths_Extract_2026-10-04\MapFiles\ByArchive\patch-c.mpq\World\Maps\Sirus2\Sirus2_31_31.adt
patch-c.mpq,31_31,10061,16,D:\Sirus\_client\World of Warcraft Sirus\Risen_Depths_Extract_2026-10-04\MapFiles\ByArchive\patch-c.mpq\World\Maps\Sirus2\Sirus2_31_31.adt
patch-c.mpq,31_32,10061,11,D:\Sirus\_client\World of Warcraft Sirus\Risen_Depths_Extract_2026-10-04\MapFiles\ByArchive\patch-c.mpq\World\Maps\Sirus2\Sirus2_31_32.adt
patch-c.mpq,31_32,10070,83,D:\Sirus\_client\World of Warcraft Sirus\Risen_Depths_Extract_2026-10-04\MapFiles\ByArchive\patch-c.mpq\World\Maps\Sirus2\Sirus2_31_32.adt
patch-c.mpq,31_32,10064,7,D:\Sirus\_client\World of Warcraft Sirus\Risen_Depths_Extract_2026-10-04\MapFiles\ByArchive\patch-c.mpq\World\Maps\Sirus2\Sirus2_31_32.adt
patch-c.mpq,31_32,10050,34,D:\Sirus\_client\World of Warcraft Sirus\Risen_Depths_Extract_2026-10-04\MapFiles\ByArchive\patch-c.mpq\World\Maps\Sirus2\Sirus2_31_32.adt
patch-c.mpq,31_32,10065,12,D:\Sirus\_client\World of Warcraft Sirus\Risen_Depths_Extract_2026-10-04\MapFiles\ByArchive\patch-c.mpq\World\Maps\Sirus2\Sirus2_31_32.adt
patch-c.mpq,31_32,0,15,D:\Sirus\_client\World of Warcraft Sirus\Risen_Depths_Extract_2026-10-04\MapFiles\ByArchive\patch-c.mpq\World\Maps\Sirus2\Sirus2_31_32.adt
patch-c.mpq,31_32,10055,44,D:\Sirus\_client\World of Warcraft Sirus\Risen_Depths_Extract_2026-10-04\MapFiles\ByArchive\patch-c.mpq\World\Maps\Sirus2\Sirus2_31_32.adt
patch-c.mpq,31_32,10054,50,D:\Sirus\_client\World of Warcraft Sirus\Risen_Depths_Extract_2026-10-04\MapFiles\ByArchive\patch-c.mpq\World\Maps\Sirus2\Sirus2_31_32.adt
patch-c.mpq,31_33,10050,35,D:\Sirus\_client\World of Warcraft Sirus\Risen_Depths_Extract_2026-10-04\MapFiles\ByArchive\patch-c.mpq\World\Maps\Sirus2\Sirus2_31_33.adt
patch-c.mpq,31_33,10054,28,D:\Sirus\_client\World of Warcraft Sirus\Risen_Depths_Extract_2026-10-04\MapFiles\ByArchive\patch-c.mpq\World\Maps\Sirus2\Sirus2_31_33.adt
patch-c.mpq,31_33,10055,8,D:\Sirus\_client\World of Warcraft Sirus\Risen_Depths_Extract_2026-10-04\MapFiles\ByArchive\patch-c.mpq\World\Maps\Sirus2\Sirus2_31_33.adt
patch-c.mpq,31_33,10051,87,D:\Sirus\_client\World of Warcraft Sirus\Risen_Depths_Extract_2026-10-04\MapFiles\ByArchive\patch-c.mpq\World\Maps\Sirus2\Sirus2_31_33.adt
patch-c.mpq,31_33,10433,98,D:\Sirus\_client\World of Warcraft Sirus\Risen_Depths_Extract_2026-10-04\MapFiles\ByArchive\patch-c.mpq\World\Maps\Sirus2\Sirus2_31_33.adt
patch-c.mpq,31_34,10433,256,D:\Sirus\_client\World of Warcraft Sirus\Risen_Depths_Extract_2026-10-04\MapFiles\ByArchive\patch-c.mpq\World\Maps\Sirus2\Sirus2_31_34.adt
patch-c.mpq,31_35,10433,256,D:\Sirus\_client\World of Warcraft Sirus\Risen_Depths_Extract_2026-10-04\MapFiles\ByArchive\patch-c.mpq\World\Maps\Sirus2\Sirus2_31_35.adt
patch-c.mpq,31_36,10433,256,D:\Sirus\_client\World of Warcraft Sirus\Risen_Depths_Extract_2026-10-04\MapFiles\ByArchive\patch-c.mpq\World\Maps\Sirus2\Sirus2_31_36.adt
patch-c.mpq,32_28,10433,256,D:\Sirus\_client\World of Warcraft Sirus\Risen_Depths_Extract_2026-10-04\MapFiles\ByArchive\patch-c.mpq\World\Maps\Sirus2\Sirus2_32_28.adt
patch-c.mpq,32_29,10433,256,D:\Sirus\_client\World of Warcraft Sirus\Risen_Depths_Extract_2026-10-04\MapFiles\ByArchive\patch-c.mpq\World\Maps\Sirus2\Sirus2_32_29.adt
patch-c.mpq,32_30,10433,163,D:\Sirus\_client\World of Warcraft Sirus\Risen_Depths_Extract_2026-10-04\MapFiles\ByArchive\patch-c.mpq\World\Maps\Sirus2\Sirus2_32_30.adt
patch-c.mpq,32_30,10065,55,D:\Sirus\_client\World of Warcraft Sirus\Risen_Depths_Extract_2026-10-04\MapFiles\ByArchive\patch-c.mpq\World\Maps\Sirus2\Sirus2_32_30.adt
patch-c.mpq,32_30,10069,15,D:\Sirus\_client\World of Warcraft Sirus\Risen_Depths_Extract_2026-10-04\MapFiles\ByArchive\patch-c.mpq\World\Maps\Sirus2\Sirus2_32_30.adt
patch-c.mpq,32_30,10072,23,D:\Sirus\_client\World of Warcraft Sirus\Risen_Depths_Extract_2026-10-04\MapFiles\ByArchive\patch-c.mpq\World\Maps\Sirus2\Sirus2_32_30.adt
patch-c.mpq,32_31,10069,4,D:\Sirus\_client\World of Warcraft Sirus\Risen_Depths_Extract_2026-10-04\MapFiles\ByArchive\patch-c.mpq\World\Maps\Sirus2\Sirus2_32_31.adt
patch-c.mpq,32_31,10072,73,D:\Sirus\_client\World of Warcraft Sirus\Risen_Depths_Extract_2026-10-04\MapFiles\ByArchive\patch-c.mpq\World\Maps\Sirus2\Sirus2_32_31.adt
patch-c.mpq,32_31,10065,12,D:\Sirus\_client\World of Warcraft Sirus\Risen_Depths_Extract_2026-10-04\MapFiles\ByArchive\patch-c.mpq\World\Maps\Sirus2\Sirus2_32_31.adt
patch-c.mpq,32_31,10433,2,D:\Sirus\_client\World of Warcraft Sirus\Risen_Depths_Extract_2026-10-04\MapFiles\ByArchive\patch-c.mpq\World\Maps\Sirus2\Sirus2_32_31.adt
patch-c.mpq,32_31,10064,69,D:\Sirus\_client\World of Warcraft Sirus\Risen_Depths_Extract_2026-10-04\MapFiles\ByArchive\patch-c.mpq\World\Maps\Sirus2\Sirus2_32_31.adt
patch-c.mpq,32_31,10067,33,D:\Sirus\_client\World of Warcraft Sirus\Risen_Depths_Extract_2026-10-04\MapFiles\ByArchive\patch-c.mpq\World\Maps\Sirus2\Sirus2_32_31.adt
patch-c.mpq,32_31,10066,8,D:\Sirus\_client\World of Warcraft Sirus\Risen_Depths_Extract_2026-10-04\MapFiles\ByArchive\patch-c.mpq\World\Maps\Sirus2\Sirus2_32_31.adt
patch-c.mpq,32_31,10075,55,D:\Sirus\_client\World of Warcraft Sirus\Risen_Depths_Extract_2026-10-04\MapFiles\ByArchive\patch-c.mpq\World\Maps\Sirus2\Sirus2_32_31.adt
patch-c.mpq,32_32,10064,15,D:\Sirus\_client\World of Warcraft Sirus\Risen_Depths_Extract_2026-10-04\MapFiles\ByArchive\patch-c.mpq\World\Maps\Sirus2\Sirus2_32_32.adt
patch-c.mpq,32_32,10075,70,D:\Sirus\_client\World of Warcraft Sirus\Risen_Depths_Extract_2026-10-04\MapFiles\ByArchive\patch-c.mpq\World\Maps\Sirus2\Sirus2_32_32.adt
patch-c.mpq,32_32,10050,107,D:\Sirus\_client\World of Warcraft Sirus\Risen_Depths_Extract_2026-10-04\MapFiles\ByArchive\patch-c.mpq\World\Maps\Sirus2\Sirus2_32_32.adt
patch-c.mpq,32_32,10073,39,D:\Sirus\_client\World of Warcraft Sirus\Risen_Depths_Extract_2026-10-04\MapFiles\ByArchive\patch-c.mpq\World\Maps\Sirus2\Sirus2_32_32.adt
patch-c.mpq,32_32,10058,14,D:\Sirus\_client\World of Warcraft Sirus\Risen_Depths_Extract_2026-10-04\MapFiles\ByArchive\patch-c.mpq\World\Maps\Sirus2\Sirus2_32_32.adt
patch-c.mpq,32_32,10055,3,D:\Sirus\_client\World of Warcraft Sirus\Risen_Depths_Extract_2026-10-04\MapFiles\ByArchive\patch-c.mpq\World\Maps\Sirus2\Sirus2_32_32.adt
patch-c.mpq,32_32,10052,8,D:\Sirus\_client\World of Warcraft Sirus\Risen_Depths_Extract_2026-10-04\MapFiles\ByArchive\patch-c.mpq\World\Maps\Sirus2\Sirus2_32_32.adt
patch-c.mpq,32_33,10055,4,D:\Sirus\_client\World of Warcraft Sirus\Risen_Depths_Extract_2026-10-04\MapFiles\ByArchive\patch-c.mpq\World\Maps\Sirus2\Sirus2_32_33.adt
patch-c.mpq,32_33,10052,54,D:\Sirus\_client\World of Warcraft Sirus\Risen_Depths_Extract_2026-10-04\MapFiles\ByArchive\patch-c.mpq\World\Maps\Sirus2\Sirus2_32_33.adt
patch-c.mpq,32_33,10058,11,D:\Sirus\_client\World of Warcraft Sirus\Risen_Depths_Extract_2026-10-04\MapFiles\ByArchive\patch-c.mpq\World\Maps\Sirus2\Sirus2_32_33.adt
patch-c.mpq,32_33,10051,73,D:\Sirus\_client\World of Warcraft Sirus\Risen_Depths_Extract_2026-10-04\MapFiles\ByArchive\patch-c.mpq\World\Maps\Sirus2\Sirus2_32_33.adt
patch-c.mpq,32_33,10050,25,D:\Sirus\_client\World of Warcraft Sirus\Risen_Depths_Extract_2026-10-04\MapFiles\ByArchive\patch-c.mpq\World\Maps\Sirus2\Sirus2_32_33.adt
patch-c.mpq,32_33,10056,44,D:\Sirus\_client\World of Warcraft Sirus\Risen_Depths_Extract_2026-10-04\MapFiles\ByArchive\patch-c.mpq\World\Maps\Sirus2\Sirus2_32_33.adt
patch-c.mpq,32_33,10433,45,D:\Sirus\_client\World of Warcraft Sirus\Risen_Depths_Extract_2026-10-04\MapFiles\ByArchive\patch-c.mpq\World\Maps\Sirus2\Sirus2_32_33.adt
patch-c.mpq,32_34,10433,256,D:\Sirus\_client\World of Warcraft Sirus\Risen_Depths_Extract_2026-10-04\MapFiles\ByArchive\patch-c.mpq\World\Maps\Sirus2\Sirus2_32_34.adt
patch-c.mpq,32_35,10433,256,D:\Sirus\_client\World of Warcraft Sirus\Risen_Depths_Extract_2026-10-04\MapFiles\ByArchive\patch-c.mpq\World\Maps\Sirus2\Sirus2_32_35.adt
patch-c.mpq,32_36,10433,256,D:\Sirus\_client\World of Warcraft Sirus\Risen_Depths_Extract_2026-10-04\MapFiles\ByArchive\patch-c.mpq\World\Maps\Sirus2\Sirus2_32_36.adt
patch-c.mpq,33_28,10433,256,D:\Sirus\_client\World of Warcraft Sirus\Risen_Depths_Extract_2026-10-04\MapFiles\ByArchive\patch-c.mpq\World\Maps\Sirus2\Sirus2_33_28.adt
patch-c.mpq,33_29,10433,256,D:\Sirus\_client\World of Warcraft Sirus\Risen_Depths_Extract_2026-10-04\MapFiles\ByArchive\patch-c.mpq\World\Maps\Sirus2\Sirus2_33_29.adt
patch-c.mpq,33_30,10433,198,D:\Sirus\_client\World of Warcraft Sirus\Risen_Depths_Extract_2026-10-04\MapFiles\ByArchive\patch-c.mpq\World\Maps\Sirus2\Sirus2_33_30.adt
patch-c.mpq,33_30,10065,15,D:\Sirus\_client\World of Warcraft Sirus\Risen_Depths_Extract_2026-10-04\MapFiles\ByArchive\patch-c.mpq\World\Maps\Sirus2\Sirus2_33_30.adt
patch-c.mpq,33_30,10066,43,D:\Sirus\_client\World of Warcraft Sirus\Risen_Depths_Extract_2026-10-04\MapFiles\ByArchive\patch-c.mpq\World\Maps\Sirus2\Sirus2_33_30.adt
patch-c.mpq,33_31,10065,37,D:\Sirus\_client\World of Warcraft Sirus\Risen_Depths_Extract_2026-10-04\MapFiles\ByArchive\patch-c.mpq\World\Maps\Sirus2\Sirus2_33_31.adt
patch-c.mpq,33_31,10066,86,D:\Sirus\_client\World of Warcraft Sirus\Risen_Depths_Extract_2026-10-04\MapFiles\ByArchive\patch-c.mpq\World\Maps\Sirus2\Sirus2_33_31.adt
patch-c.mpq,33_31,10433,24,D:\Sirus\_client\World of Warcraft Sirus\Risen_Depths_Extract_2026-10-04\MapFiles\ByArchive\patch-c.mpq\World\Maps\Sirus2\Sirus2_33_31.adt
patch-c.mpq,33_31,10071,99,D:\Sirus\_client\World of Warcraft Sirus\Risen_Depths_Extract_2026-10-04\MapFiles\ByArchive\patch-c.mpq\World\Maps\Sirus2\Sirus2_33_31.adt
patch-c.mpq,33_31,10075,10,D:\Sirus\_client\World of Warcraft Sirus\Risen_Depths_Extract_2026-10-04\MapFiles\ByArchive\patch-c.mpq\World\Maps\Sirus2\Sirus2_33_31.adt
patch-c.mpq,33_32,10075,7,D:\Sirus\_client\World of Warcraft Sirus\Risen_Depths_Extract_2026-10-04\MapFiles\ByArchive\patch-c.mpq\World\Maps\Sirus2\Sirus2_33_32.adt
patch-c.mpq,33_32,10071,30,D:\Sirus\_client\World of Warcraft Sirus\Risen_Depths_Extract_2026-10-04\MapFiles\ByArchive\patch-c.mpq\World\Maps\Sirus2\Sirus2_33_32.adt
patch-c.mpq,33_32,10433,57,D:\Sirus\_client\World of Warcraft Sirus\Risen_Depths_Extract_2026-10-04\MapFiles\ByArchive\patch-c.mpq\World\Maps\Sirus2\Sirus2_33_32.adt
patch-c.mpq,33_32,10050,69,D:\Sirus\_client\World of Warcraft Sirus\Risen_Depths_Extract_2026-10-04\MapFiles\ByArchive\patch-c.mpq\World\Maps\Sirus2\Sirus2_33_32.adt
patch-c.mpq,33_32,10058,63,D:\Sirus\_client\World of Warcraft Sirus\Risen_Depths_Extract_2026-10-04\MapFiles\ByArchive\patch-c.mpq\World\Maps\Sirus2\Sirus2_33_32.adt
patch-c.mpq,33_32,10059,30,D:\Sirus\_client\World of Warcraft Sirus\Risen_Depths_Extract_2026-10-04\MapFiles\ByArchive\patch-c.mpq\World\Maps\Sirus2\Sirus2_33_32.adt
patch-c.mpq,33_33,10058,3,D:\Sirus\_client\World of Warcraft Sirus\Risen_Depths_Extract_2026-10-04\MapFiles\ByArchive\patch-c.mpq\World\Maps\Sirus2\Sirus2_33_33.adt
patch-c.mpq,33_33,10059,74,D:\Sirus\_client\World of Warcraft Sirus\Risen_Depths_Extract_2026-10-04\MapFiles\ByArchive\patch-c.mpq\World\Maps\Sirus2\Sirus2_33_33.adt
patch-c.mpq,33_33,10433,18,D:\Sirus\_client\World of Warcraft Sirus\Risen_Depths_Extract_2026-10-04\MapFiles\ByArchive\patch-c.mpq\World\Maps\Sirus2\Sirus2_33_33.adt
patch-c.mpq,33_33,10050,4,D:\Sirus\_client\World of Warcraft Sirus\Risen_Depths_Extract_2026-10-04\MapFiles\ByArchive\patch-c.mpq\World\Maps\Sirus2\Sirus2_33_33.adt
patch-c.mpq,33_33,10065,7,D:\Sirus\_client\World of Warcraft Sirus\Risen_Depths_Extract_2026-10-04\MapFiles\ByArchive\patch-c.mpq\World\Maps\Sirus2\Sirus2_33_33.adt
patch-c.mpq,33_33,10060,101,D:\Sirus\_client\World of Warcraft Sirus\Risen_Depths_Extract_2026-10-04\MapFiles\ByArchive\patch-c.mpq\World\Maps\Sirus2\Sirus2_33_33.adt
patch-c.mpq,33_33,10056,40,D:\Sirus\_client\World of Warcraft Sirus\Risen_Depths_Extract_2026-10-04\MapFiles\ByArchive\patch-c.mpq\World\Maps\Sirus2\Sirus2_33_33.adt
patch-c.mpq,33_33,10053,9,D:\Sirus\_client\World of Warcraft Sirus\Risen_Depths_Extract_2026-10-04\MapFiles\ByArchive\patch-c.mpq\World\Maps\Sirus2\Sirus2_33_33.adt
patch-c.mpq,33_34,10433,226,D:\Sirus\_client\World of Warcraft Sirus\Risen_Depths_Extract_2026-10-04\MapFiles\ByArchive\patch-c.mpq\World\Maps\Sirus2\Sirus2_33_34.adt
patch-c.mpq,33_34,10060,14,D:\Sirus\_client\World of Warcraft Sirus\Risen_Depths_Extract_2026-10-04\MapFiles\ByArchive\patch-c.mpq\World\Maps\Sirus2\Sirus2_33_34.adt
patch-c.mpq,33_34,10062,16,D:\Sirus\_client\World of Warcraft Sirus\Risen_Depths_Extract_2026-10-04\MapFiles\ByArchive\patch-c.mpq\World\Maps\Sirus2\Sirus2_33_34.adt
patch-c.mpq,33_35,10433,256,D:\Sirus\_client\World of Warcraft Sirus\Risen_Depths_Extract_2026-10-04\MapFiles\ByArchive\patch-c.mpq\World\Maps\Sirus2\Sirus2_33_35.adt
patch-c.mpq,33_36,10433,256,D:\Sirus\_client\World of Warcraft Sirus\Risen_Depths_Extract_2026-10-04\MapFiles\ByArchive\patch-c.mpq\World\Maps\Sirus2\Sirus2_33_36.adt
patch-c.mpq,34_28,10433,256,D:\Sirus\_client\World of Warcraft Sirus\Risen_Depths_Extract_2026-10-04\MapFiles\ByArchive\patch-c.mpq\World\Maps\Sirus2\Sirus2_34_28.adt
patch-c.mpq,34_29,10433,256,D:\Sirus\_client\World of Warcraft Sirus\Risen_Depths_Extract_2026-10-04\MapFiles\ByArchive\patch-c.mpq\World\Maps\Sirus2\Sirus2_34_29.adt
patch-c.mpq,34_30,10433,256,D:\Sirus\_client\World of Warcraft Sirus\Risen_Depths_Extract_2026-10-04\MapFiles\ByArchive\patch-c.mpq\World\Maps\Sirus2\Sirus2_34_30.adt
patch-c.mpq,34_31,10433,256,D:\Sirus\_client\World of Warcraft Sirus\Risen_Depths_Extract_2026-10-04\MapFiles\ByArchive\patch-c.mpq\World\Maps\Sirus2\Sirus2_34_31.adt
patch-c.mpq,34_32,10433,256,D:\Sirus\_client\World of Warcraft Sirus\Risen_Depths_Extract_2026-10-04\MapFiles\ByArchive\patch-c.mpq\World\Maps\Sirus2\Sirus2_34_32.adt
patch-c.mpq,34_33,10433,163,D:\Sirus\_client\World of Warcraft Sirus\Risen_Depths_Extract_2026-10-04\MapFiles\ByArchive\patch-c.mpq\World\Maps\Sirus2\Sirus2_34_33.adt
patch-c.mpq,34_33,10065,35,D:\Sirus\_client\World of Warcraft Sirus\Risen_Depths_Extract_2026-10-04\MapFiles\ByArchive\patch-c.mpq\World\Maps\Sirus2\Sirus2_34_33.adt
patch-c.mpq,34_33,10060,45,D:\Sirus\_client\World of Warcraft Sirus\Risen_Depths_Extract_2026-10-04\MapFiles\ByArchive\patch-c.mpq\World\Maps\Sirus2\Sirus2_34_33.adt
patch-c.mpq,34_33,10062,13,D:\Sirus\_client\World of Warcraft Sirus\Risen_Depths_Extract_2026-10-04\MapFiles\ByArchive\patch-c.mpq\World\Maps\Sirus2\Sirus2_34_33.adt
patch-c.mpq,34_34,10062,85,D:\Sirus\_client\World of Warcraft Sirus\Risen_Depths_Extract_2026-10-04\MapFiles\ByArchive\patch-c.mpq\World\Maps\Sirus2\Sirus2_34_34.adt
patch-c.mpq,34_34,10433,171,D:\Sirus\_client\World of Warcraft Sirus\Risen_Depths_Extract_2026-10-04\MapFiles\ByArchive\patch-c.mpq\World\Maps\Sirus2\Sirus2_34_34.adt
patch-c.mpq,34_35,10433,256,D:\Sirus\_client\World of Warcraft Sirus\Risen_Depths_Extract_2026-10-04\MapFiles\ByArchive\patch-c.mpq\World\Maps\Sirus2\Sirus2_34_35.adt
patch-c.mpq,34_36,10433,256,D:\Sirus\_client\World of Warcraft Sirus\Risen_Depths_Extract_2026-10-04\MapFiles\ByArchive\patch-c.mpq\World\Maps\Sirus2\Sirus2_34_36.adt
patch-c.mpq,35_28,10433,256,D:\Sirus\_client\World of Warcraft Sirus\Risen_Depths_Extract_2026-10-04\MapFiles\ByArchive\patch-c.mpq\World\Maps\Sirus2\Sirus2_35_28.adt
patch-c.mpq,35_29,10433,256,D:\Sirus\_client\World of Warcraft Sirus\Risen_Depths_Extract_2026-10-04\MapFiles\ByArchive\patch-c.mpq\World\Maps\Sirus2\Sirus2_35_29.adt
patch-c.mpq,35_30,10433,256,D:\Sirus\_client\World of Warcraft Sirus\Risen_Depths_Extract_2026-10-04\MapFiles\ByArchive\patch-c.mpq\World\Maps\Sirus2\Sirus2_35_30.adt
patch-c.mpq,35_31,10433,256,D:\Sirus\_client\World of Warcraft Sirus\Risen_Depths_Extract_2026-10-04\MapFiles\ByArchive\patch-c.mpq\World\Maps\Sirus2\Sirus2_35_31.adt
patch-c.mpq,35_32,10433,256,D:\Sirus\_client\World of Warcraft Sirus\Risen_Depths_Extract_2026-10-04\MapFiles\ByArchive\patch-c.mpq\World\Maps\Sirus2\Sirus2_35_32.adt
patch-c.mpq,35_33,10433,256,D:\Sirus\_client\World of Warcraft Sirus\Risen_Depths_Extract_2026-10-04\MapFiles\ByArchive\patch-c.mpq\World\Maps\Sirus2\Sirus2_35_33.adt
patch-c.mpq,35_34,10433,256,D:\Sirus\_client\World of Warcraft Sirus\Risen_Depths_Extract_2026-10-04\MapFiles\ByArchive\patch-c.mpq\World\Maps\Sirus2\Sirus2_35_34.adt
patch-c.mpq,35_35,10433,256,D:\Sirus\_client\World of Warcraft Sirus\Risen_Depths_Extract_2026-10-04\MapFiles\ByArchive\patch-c.mpq\World\Maps\Sirus2\Sirus2_35_35.adt
patch-c.mpq,35_36,10433,256,D:\Sirus\_client\World of Warcraft Sirus\Risen_Depths_Extract_2026-10-04\MapFiles\ByArchive\patch-c.mpq\World\Maps\Sirus2\Sirus2_35_36.adt
patch-c.mpq,36_28,10433,256,D:\Sirus\_client\World of Warcraft Sirus\Risen_Depths_Extract_2026-10-04\MapFiles\ByArchive\patch-c.mpq\World\Maps\Sirus2\Sirus2_36_28.adt
patch-c.mpq,36_29,10433,256,D:\Sirus\_client\World of Warcraft Sirus\Risen_Depths_Extract_2026-10-04\MapFiles\ByArchive\patch-c.mpq\World\Maps\Sirus2\Sirus2_36_29.adt
patch-c.mpq,36_30,10433,256,D:\Sirus\_client\World of Warcraft Sirus\Risen_Depths_Extract_2026-10-04\MapFiles\ByArchive\patch-c.mpq\World\Maps\Sirus2\Sirus2_36_30.adt
patch-c.mpq,36_31,10433,256,D:\Sirus\_client\World of Warcraft Sirus\Risen_Depths_Extract_2026-10-04\MapFiles\ByArchive\patch-c.mpq\World\Maps\Sirus2\Sirus2_36_31.adt
patch-c.mpq,36_32,10433,256,D:\Sirus\_client\World of Warcraft Sirus\Risen_Depths_Extract_2026-10-04\MapFiles\ByArchive\patch-c.mpq\World\Maps\Sirus2\Sirus2_36_32.adt
patch-c.mpq,36_33,10433,256,D:\Sirus\_client\World of Warcraft Sirus\Risen_Depths_Extract_2026-10-04\MapFiles\ByArchive\patch-c.mpq\World\Maps\Sirus2\Sirus2_36_33.adt
patch-c.mpq,36_34,10433,256,D:\Sirus\_client\World of Warcraft Sirus\Risen_Depths_Extract_2026-10-04\MapFiles\ByArchive\patch-c.mpq\World\Maps\Sirus2\Sirus2_36_34.adt
patch-c.mpq,36_35,10433,256,D:\Sirus\_client\World of Warcraft Sirus\Risen_Depths_Extract_2026-10-04\MapFiles\ByArchive\patch-c.mpq\World\Maps\Sirus2\Sirus2_36_35.adt
patch-c.mpq,36_36,10433,256,D:\Sirus\_client\World of Warcraft Sirus\Risen_Depths_Extract_2026-10-04\MapFiles\ByArchive\patch-c.mpq\World\Maps\Sirus2\Sirus2_36_36.adt
patch-d.mpq,31_32,10061,11,D:\Sirus\_client\World of Warcraft Sirus\Risen_Depths_Extract_2026-10-04\MapFiles\ByArchive\patch-d.mpq\World\Maps\Sirus2\Sirus2_31_32.adt
patch-d.mpq,31_32,10070,83,D:\Sirus\_client\World of Warcraft Sirus\Risen_Depths_Extract_2026-10-04\MapFiles\ByArchive\patch-d.mpq\World\Maps\Sirus2\Sirus2_31_32.adt
patch-d.mpq,31_32,10064,7,D:\Sirus\_client\World of Warcraft Sirus\Risen_Depths_Extract_2026-10-04\MapFiles\ByArchive\patch-d.mpq\World\Maps\Sirus2\Sirus2_31_32.adt
patch-d.mpq,31_32,10050,34,D:\Sirus\_client\World of Warcraft Sirus\Risen_Depths_Extract_2026-10-04\MapFiles\ByArchive\patch-d.mpq\World\Maps\Sirus2\Sirus2_31_32.adt
patch-d.mpq,31_32,10065,12,D:\Sirus\_client\World of Warcraft Sirus\Risen_Depths_Extract_2026-10-04\MapFiles\ByArchive\patch-d.mpq\World\Maps\Sirus2\Sirus2_31_32.adt
patch-d.mpq,31_32,0,15,D:\Sirus\_client\World of Warcraft Sirus\Risen_Depths_Extract_2026-10-04\MapFiles\ByArchive\patch-d.mpq\World\Maps\Sirus2\Sirus2_31_32.adt
patch-d.mpq,31_32,10055,44,D:\Sirus\_client\World of Warcraft Sirus\Risen_Depths_Extract_2026-10-04\MapFiles\ByArchive\patch-d.mpq\World\Maps\Sirus2\Sirus2_31_32.adt
patch-d.mpq,31_32,10054,50,D:\Sirus\_client\World of Warcraft Sirus\Risen_Depths_Extract_2026-10-04\MapFiles\ByArchive\patch-d.mpq\World\Maps\Sirus2\Sirus2_31_32.adt
patch-d.mpq,32_31,10069,4,D:\Sirus\_client\World of Warcraft Sirus\Risen_Depths_Extract_2026-10-04\MapFiles\ByArchive\patch-d.mpq\World\Maps\Sirus2\Sirus2_32_31.adt
patch-d.mpq,32_31,10072,73,D:\Sirus\_client\World of Warcraft Sirus\Risen_Depths_Extract_2026-10-04\MapFiles\ByArchive\patch-d.mpq\World\Maps\Sirus2\Sirus2_32_31.adt
patch-d.mpq,32_31,10065,12,D:\Sirus\_client\World of Warcraft Sirus\Risen_Depths_Extract_2026-10-04\MapFiles\ByArchive\patch-d.mpq\World\Maps\Sirus2\Sirus2_32_31.adt
patch-d.mpq,32_31,10433,2,D:\Sirus\_client\World of Warcraft Sirus\Risen_Depths_Extract_2026-10-04\MapFiles\ByArchive\patch-d.mpq\World\Maps\Sirus2\Sirus2_32_31.adt
patch-d.mpq,32_31,10064,69,D:\Sirus\_client\World of Warcraft Sirus\Risen_Depths_Extract_2026-10-04\MapFiles\ByArchive\patch-d.mpq\World\Maps\Sirus2\Sirus2_32_31.adt
patch-d.mpq,32_31,10067,33,D:\Sirus\_client\World of Warcraft Sirus\Risen_Depths_Extract_2026-10-04\MapFiles\ByArchive\patch-d.mpq\World\Maps\Sirus2\Sirus2_32_31.adt
patch-d.mpq,32_31,10066,8,D:\Sirus\_client\World of Warcraft Sirus\Risen_Depths_Extract_2026-10-04\MapFiles\ByArchive\patch-d.mpq\World\Maps\Sirus2\Sirus2_32_31.adt
patch-d.mpq,32_31,10075,55,D:\Sirus\_client\World of Warcraft Sirus\Risen_Depths_Extract_2026-10-04\MapFiles\ByArchive\patch-d.mpq\World\Maps\Sirus2\Sirus2_32_31.adt
patch-d.mpq,33_31,10065,37,D:\Sirus\_client\World of Warcraft Sirus\Risen_Depths_Extract_2026-10-04\MapFiles\ByArchive\patch-d.mpq\World\Maps\Sirus2\Sirus2_33_31.adt
patch-d.mpq,33_31,10066,86,D:\Sirus\_client\World of Warcraft Sirus\Risen_Depths_Extract_2026-10-04\MapFiles\ByArchive\patch-d.mpq\World\Maps\Sirus2\Sirus2_33_31.adt
patch-d.mpq,33_31,10433,24,D:\Sirus\_client\World of Warcraft Sirus\Risen_Depths_Extract_2026-10-04\MapFiles\ByArchive\patch-d.mpq\World\Maps\Sirus2\Sirus2_33_31.adt
patch-d.mpq,33_31,10071,99,D:\Sirus\_client\World of Warcraft Sirus\Risen_Depths_Extract_2026-10-04\MapFiles\ByArchive\patch-d.mpq\World\Maps\Sirus2\Sirus2_33_31.adt
patch-d.mpq,33_31,10075,10,D:\Sirus\_client\World of Warcraft Sirus\Risen_Depths_Extract_2026-10-04\MapFiles\ByArchive\patch-d.mpq\World\Maps\Sirus2\Sirus2_33_31.adt
patch-e.mpq,31_30,10433,118,D:\Sirus\_client\World of Warcraft Sirus\Risen_Depths_Extract_2026-10-04\MapFiles\ByArchive\patch-e.mpq\World\Maps\Sirus2\Sirus2_31_30.adt
patch-e.mpq,31_30,10065,63,D:\Sirus\_client\World of Warcraft Sirus\Risen_Depths_Extract_2026-10-04\MapFiles\ByArchive\patch-e.mpq\World\Maps\Sirus2\Sirus2_31_30.adt
patch-e.mpq,31_30,10074,50,D:\Sirus\_client\World of Warcraft Sirus\Risen_Depths_Extract_2026-10-04\MapFiles\ByArchive\patch-e.mpq\World\Maps\Sirus2\Sirus2_31_30.adt
patch-e.mpq,31_30,10069,25,D:\Sirus\_client\World of Warcraft Sirus\Risen_Depths_Extract_2026-10-04\MapFiles\ByArchive\patch-e.mpq\World\Maps\Sirus2\Sirus2_31_30.adt
patch-e.mpq,31_31,10074,86,D:\Sirus\_client\World of Warcraft Sirus\Risen_Depths_Extract_2026-10-04\MapFiles\ByArchive\patch-e.mpq\World\Maps\Sirus2\Sirus2_31_31.adt
patch-e.mpq,31_31,10069,11,D:\Sirus\_client\World of Warcraft Sirus\Risen_Depths_Extract_2026-10-04\MapFiles\ByArchive\patch-e.mpq\World\Maps\Sirus2\Sirus2_31_31.adt
patch-e.mpq,31_31,10064,52,D:\Sirus\_client\World of Warcraft Sirus\Risen_Depths_Extract_2026-10-04\MapFiles\ByArchive\patch-e.mpq\World\Maps\Sirus2\Sirus2_31_31.adt
patch-e.mpq,31_31,10070,75,D:\Sirus\_client\World of Warcraft Sirus\Risen_Depths_Extract_2026-10-04\MapFiles\ByArchive\patch-e.mpq\World\Maps\Sirus2\Sirus2_31_31.adt
patch-e.mpq,31_31,10068,15,D:\Sirus\_client\World of Warcraft Sirus\Risen_Depths_Extract_2026-10-04\MapFiles\ByArchive\patch-e.mpq\World\Maps\Sirus2\Sirus2_31_31.adt
patch-e.mpq,31_31,10050,1,D:\Sirus\_client\World of Warcraft Sirus\Risen_Depths_Extract_2026-10-04\MapFiles\ByArchive\patch-e.mpq\World\Maps\Sirus2\Sirus2_31_31.adt
patch-e.mpq,31_31,10061,16,D:\Sirus\_client\World of Warcraft Sirus\Risen_Depths_Extract_2026-10-04\MapFiles\ByArchive\patch-e.mpq\World\Maps\Sirus2\Sirus2_31_31.adt
patch-e.mpq,31_32,10061,11,D:\Sirus\_client\World of Warcraft Sirus\Risen_Depths_Extract_2026-10-04\MapFiles\ByArchive\patch-e.mpq\World\Maps\Sirus2\Sirus2_31_32.adt
patch-e.mpq,31_32,10070,83,D:\Sirus\_client\World of Warcraft Sirus\Risen_Depths_Extract_2026-10-04\MapFiles\ByArchive\patch-e.mpq\World\Maps\Sirus2\Sirus2_31_32.adt
patch-e.mpq,31_32,10064,7,D:\Sirus\_client\World of Warcraft Sirus\Risen_Depths_Extract_2026-10-04\MapFiles\ByArchive\patch-e.mpq\World\Maps\Sirus2\Sirus2_31_32.adt
patch-e.mpq,31_32,10050,34,D:\Sirus\_client\World of Warcraft Sirus\Risen_Depths_Extract_2026-10-04\MapFiles\ByArchive\patch-e.mpq\World\Maps\Sirus2\Sirus2_31_32.adt
patch-e.mpq,31_32,10065,12,D:\Sirus\_client\World of Warcraft Sirus\Risen_Depths_Extract_2026-10-04\MapFiles\ByArchive\patch-e.mpq\World\Maps\Sirus2\Sirus2_31_32.adt
patch-e.mpq,31_32,0,15,D:\Sirus\_client\World of Warcraft Sirus\Risen_Depths_Extract_2026-10-04\MapFiles\ByArchive\patch-e.mpq\World\Maps\Sirus2\Sirus2_31_32.adt
patch-e.mpq,31_32,10055,44,D:\Sirus\_client\World of Warcraft Sirus\Risen_Depths_Extract_2026-10-04\MapFiles\ByArchive\patch-e.mpq\World\Maps\Sirus2\Sirus2_31_32.adt
patch-e.mpq,31_32,10054,50,D:\Sirus\_client\World of Warcraft Sirus\Risen_Depths_Extract_2026-10-04\MapFiles\ByArchive\patch-e.mpq\World\Maps\Sirus2\Sirus2_31_32.adt
patch-e.mpq,31_33,10050,35,D:\Sirus\_client\World of Warcraft Sirus\Risen_Depths_Extract_2026-10-04\MapFiles\ByArchive\patch-e.mpq\World\Maps\Sirus2\Sirus2_31_33.adt
patch-e.mpq,31_33,10054,28,D:\Sirus\_client\World of Warcraft Sirus\Risen_Depths_Extract_2026-10-04\MapFiles\ByArchive\patch-e.mpq\World\Maps\Sirus2\Sirus2_31_33.adt
patch-e.mpq,31_33,10055,8,D:\Sirus\_client\World of Warcraft Sirus\Risen_Depths_Extract_2026-10-04\MapFiles\ByArchive\patch-e.mpq\World\Maps\Sirus2\Sirus2_31_33.adt
patch-e.mpq,31_33,10051,87,D:\Sirus\_client\World of Warcraft Sirus\Risen_Depths_Extract_2026-10-04\MapFiles\ByArchive\patch-e.mpq\World\Maps\Sirus2\Sirus2_31_33.adt
patch-e.mpq,31_33,10433,98,D:\Sirus\_client\World of Warcraft Sirus\Risen_Depths_Extract_2026-10-04\MapFiles\ByArchive\patch-e.mpq\World\Maps\Sirus2\Sirus2_31_33.adt
patch-e.mpq,32_30,10433,163,D:\Sirus\_client\World of Warcraft Sirus\Risen_Depths_Extract_2026-10-04\MapFiles\ByArchive\patch-e.mpq\World\Maps\Sirus2\Sirus2_32_30.adt
patch-e.mpq,32_30,10065,55,D:\Sirus\_client\World of Warcraft Sirus\Risen_Depths_Extract_2026-10-04\MapFiles\ByArchive\patch-e.mpq\World\Maps\Sirus2\Sirus2_32_30.adt
patch-e.mpq,32_30,10069,15,D:\Sirus\_client\World of Warcraft Sirus\Risen_Depths_Extract_2026-10-04\MapFiles\ByArchive\patch-e.mpq\World\Maps\Sirus2\Sirus2_32_30.adt
patch-e.mpq,32_30,10072,23,D:\Sirus\_client\World of Warcraft Sirus\Risen_Depths_Extract_2026-10-04\MapFiles\ByArchive\patch-e.mpq\World\Maps\Sirus2\Sirus2_32_30.adt
patch-e.mpq,32_31,10069,4,D:\Sirus\_client\World of Warcraft Sirus\Risen_Depths_Extract_2026-10-04\MapFiles\ByArchive\patch-e.mpq\World\Maps\Sirus2\Sirus2_32_31.adt
patch-e.mpq,32_31,10072,73,D:\Sirus\_client\World of Warcraft Sirus\Risen_Depths_Extract_2026-10-04\MapFiles\ByArchive\patch-e.mpq\World\Maps\Sirus2\Sirus2_32_31.adt
patch-e.mpq,32_31,10065,12,D:\Sirus\_client\World of Warcraft Sirus\Risen_Depths_Extract_2026-10-04\MapFiles\ByArchive\patch-e.mpq\World\Maps\Sirus2\Sirus2_32_31.adt
patch-e.mpq,32_31,10433,2,D:\Sirus\_client\World of Warcraft Sirus\Risen_Depths_Extract_2026-10-04\MapFiles\ByArchive\patch-e.mpq\World\Maps\Sirus2\Sirus2_32_31.adt
patch-e.mpq,32_31,10064,69,D:\Sirus\_client\World of Warcraft Sirus\Risen_Depths_Extract_2026-10-04\MapFiles\ByArchive\patch-e.mpq\World\Maps\Sirus2\Sirus2_32_31.adt
patch-e.mpq,32_31,10067,33,D:\Sirus\_client\World of Warcraft Sirus\Risen_Depths_Extract_2026-10-04\MapFiles\ByArchive\patch-e.mpq\World\Maps\Sirus2\Sirus2_32_31.adt
patch-e.mpq,32_31,10066,8,D:\Sirus\_client\World of Warcraft Sirus\Risen_Depths_Extract_2026-10-04\MapFiles\ByArchive\patch-e.mpq\World\Maps\Sirus2\Sirus2_32_31.adt
patch-e.mpq,32_31,10075,55,D:\Sirus\_client\World of Warcraft Sirus\Risen_Depths_Extract_2026-10-04\MapFiles\ByArchive\patch-e.mpq\World\Maps\Sirus2\Sirus2_32_31.adt
patch-e.mpq,32_32,10064,15,D:\Sirus\_client\World of Warcraft Sirus\Risen_Depths_Extract_2026-10-04\MapFiles\ByArchive\patch-e.mpq\World\Maps\Sirus2\Sirus2_32_32.adt
patch-e.mpq,32_32,10075,70,D:\Sirus\_client\World of Warcraft Sirus\Risen_Depths_Extract_2026-10-04\MapFiles\ByArchive\patch-e.mpq\World\Maps\Sirus2\Sirus2_32_32.adt
patch-e.mpq,32_32,10050,107,D:\Sirus\_client\World of Warcraft Sirus\Risen_Depths_Extract_2026-10-04\MapFiles\ByArchive\patch-e.mpq\World\Maps\Sirus2\Sirus2_32_32.adt
patch-e.mpq,32_32,10073,39,D:\Sirus\_client\World of Warcraft Sirus\Risen_Depths_Extract_2026-10-04\MapFiles\ByArchive\patch-e.mpq\World\Maps\Sirus2\Sirus2_32_32.adt
patch-e.mpq,32_32,10058,14,D:\Sirus\_client\World of Warcraft Sirus\Risen_Depths_Extract_2026-10-04\MapFiles\ByArchive\patch-e.mpq\World\Maps\Sirus2\Sirus2_32_32.adt
patch-e.mpq,32_32,10055,3,D:\Sirus\_client\World of Warcraft Sirus\Risen_Depths_Extract_2026-10-04\MapFiles\ByArchive\patch-e.mpq\World\Maps\Sirus2\Sirus2_32_32.adt
patch-e.mpq,32_32,10052,8,D:\Sirus\_client\World of Warcraft Sirus\Risen_Depths_Extract_2026-10-04\MapFiles\ByArchive\patch-e.mpq\World\Maps\Sirus2\Sirus2_32_32.adt
patch-e.mpq,32_33,10055,4,D:\Sirus\_client\World of Warcraft Sirus\Risen_Depths_Extract_2026-10-04\MapFiles\ByArchive\patch-e.mpq\World\Maps\Sirus2\Sirus2_32_33.adt
patch-e.mpq,32_33,10052,54,D:\Sirus\_client\World of Warcraft Sirus\Risen_Depths_Extract_2026-10-04\MapFiles\ByArchive\patch-e.mpq\World\Maps\Sirus2\Sirus2_32_33.adt
patch-e.mpq,32_33,10058,11,D:\Sirus\_client\World of Warcraft Sirus\Risen_Depths_Extract_2026-10-04\MapFiles\ByArchive\patch-e.mpq\World\Maps\Sirus2\Sirus2_32_33.adt
patch-e.mpq,32_33,10051,73,D:\Sirus\_client\World of Warcraft Sirus\Risen_Depths_Extract_2026-10-04\MapFiles\ByArchive\patch-e.mpq\World\Maps\Sirus2\Sirus2_32_33.adt
patch-e.mpq,32_33,10050,25,D:\Sirus\_client\World of Warcraft Sirus\Risen_Depths_Extract_2026-10-04\MapFiles\ByArchive\patch-e.mpq\World\Maps\Sirus2\Sirus2_32_33.adt
patch-e.mpq,32_33,10056,44,D:\Sirus\_client\World of Warcraft Sirus\Risen_Depths_Extract_2026-10-04\MapFiles\ByArchive\patch-e.mpq\World\Maps\Sirus2\Sirus2_32_33.adt
patch-e.mpq,32_33,10433,45,D:\Sirus\_client\World of Warcraft Sirus\Risen_Depths_Extract_2026-10-04\MapFiles\ByArchive\patch-e.mpq\World\Maps\Sirus2\Sirus2_32_33.adt
patch-e.mpq,33_30,10433,198,D:\Sirus\_client\World of Warcraft Sirus\Risen_Depths_Extract_2026-10-04\MapFiles\ByArchive\patch-e.mpq\World\Maps\Sirus2\Sirus2_33_30.adt
patch-e.mpq,33_30,10065,15,D:\Sirus\_client\World of Warcraft Sirus\Risen_Depths_Extract_2026-10-04\MapFiles\ByArchive\patch-e.mpq\World\Maps\Sirus2\Sirus2_33_30.adt
patch-e.mpq,33_30,10066,43,D:\Sirus\_client\World of Warcraft Sirus\Risen_Depths_Extract_2026-10-04\MapFiles\ByArchive\patch-e.mpq\World\Maps\Sirus2\Sirus2_33_30.adt
patch-e.mpq,33_31,10065,37,D:\Sirus\_client\World of Warcraft Sirus\Risen_Depths_Extract_2026-10-04\MapFiles\ByArchive\patch-e.mpq\World\Maps\Sirus2\Sirus2_33_31.adt
patch-e.mpq,33_31,10066,86,D:\Sirus\_client\World of Warcraft Sirus\Risen_Depths_Extract_2026-10-04\MapFiles\ByArchive\patch-e.mpq\World\Maps\Sirus2\Sirus2_33_31.adt
patch-e.mpq,33_31,10433,24,D:\Sirus\_client\World of Warcraft Sirus\Risen_Depths_Extract_2026-10-04\MapFiles\ByArchive\patch-e.mpq\World\Maps\Sirus2\Sirus2_33_31.adt
patch-e.mpq,33_31,10071,99,D:\Sirus\_client\World of Warcraft Sirus\Risen_Depths_Extract_2026-10-04\MapFiles\ByArchive\patch-e.mpq\World\Maps\Sirus2\Sirus2_33_31.adt
patch-e.mpq,33_31,10075,10,D:\Sirus\_client\World of Warcraft Sirus\Risen_Depths_Extract_2026-10-04\MapFiles\ByArchive\patch-e.mpq\World\Maps\Sirus2\Sirus2_33_31.adt
patch-e.mpq,33_32,10075,7,D:\Sirus\_client\World of Warcraft Sirus\Risen_Depths_Extract_2026-10-04\MapFiles\ByArchive\patch-e.mpq\World\Maps\Sirus2\Sirus2_33_32.adt
patch-e.mpq,33_32,10071,30,D:\Sirus\_client\World of Warcraft Sirus\Risen_Depths_Extract_2026-10-04\MapFiles\ByArchive\patch-e.mpq\World\Maps\Sirus2\Sirus2_33_32.adt
patch-e.mpq,33_32,10433,57,D:\Sirus\_client\World of Warcraft Sirus\Risen_Depths_Extract_2026-10-04\MapFiles\ByArchive\patch-e.mpq\World\Maps\Sirus2\Sirus2_33_32.adt
patch-e.mpq,33_32,10050,69,D:\Sirus\_client\World of Warcraft Sirus\Risen_Depths_Extract_2026-10-04\MapFiles\ByArchive\patch-e.mpq\World\Maps\Sirus2\Sirus2_33_32.adt
patch-e.mpq,33_32,10058,63,D:\Sirus\_client\World of Warcraft Sirus\Risen_Depths_Extract_2026-10-04\MapFiles\ByArchive\patch-e.mpq\World\Maps\Sirus2\Sirus2_33_32.adt
patch-e.mpq,33_32,10059,30,D:\Sirus\_client\World of Warcraft Sirus\Risen_Depths_Extract_2026-10-04\MapFiles\ByArchive\patch-e.mpq\World\Maps\Sirus2\Sirus2_33_32.adt
patch-e.mpq,33_33,10058,3,D:\Sirus\_client\World of Warcraft Sirus\Risen_Depths_Extract_2026-10-04\MapFiles\ByArchive\patch-e.mpq\World\Maps\Sirus2\Sirus2_33_33.adt
patch-e.mpq,33_33,10059,74,D:\Sirus\_client\World of Warcraft Sirus\Risen_Depths_Extract_2026-10-04\MapFiles\ByArchive\patch-e.mpq\World\Maps\Sirus2\Sirus2_33_33.adt
patch-e.mpq,33_33,10433,18,D:\Sirus\_client\World of Warcraft Sirus\Risen_Depths_Extract_2026-10-04\MapFiles\ByArchive\patch-e.mpq\World\Maps\Sirus2\Sirus2_33_33.adt
patch-e.mpq,33_33,10050,4,D:\Sirus\_client\World of Warcraft Sirus\Risen_Depths_Extract_2026-10-04\MapFiles\ByArchive\patch-e.mpq\World\Maps\Sirus2\Sirus2_33_33.adt
patch-e.mpq,33_33,10065,7,D:\Sirus\_client\World of Warcraft Sirus\Risen_Depths_Extract_2026-10-04\MapFiles\ByArchive\patch-e.mpq\World\Maps\Sirus2\Sirus2_33_33.adt
patch-e.mpq,33_33,10060,101,D:\Sirus\_client\World of Warcraft Sirus\Risen_Depths_Extract_2026-10-04\MapFiles\ByArchive\patch-e.mpq\World\Maps\Sirus2\Sirus2_33_33.adt
patch-e.mpq,33_33,10056,40,D:\Sirus\_client\World of Warcraft Sirus\Risen_Depths_Extract_2026-10-04\MapFiles\ByArchive\patch-e.mpq\World\Maps\Sirus2\Sirus2_33_33.adt
patch-e.mpq,33_33,10053,9,D:\Sirus\_client\World of Warcraft Sirus\Risen_Depths_Extract_2026-10-04\MapFiles\ByArchive\patch-e.mpq\World\Maps\Sirus2\Sirus2_33_33.adt
patch-e.mpq,34_30,10433,256,D:\Sirus\_client\World of Warcraft Sirus\Risen_Depths_Extract_2026-10-04\MapFiles\ByArchive\patch-e.mpq\World\Maps\Sirus2\Sirus2_34_30.adt
patch-e.mpq,34_31,10433,256,D:\Sirus\_client\World of Warcraft Sirus\Risen_Depths_Extract_2026-10-04\MapFiles\ByArchive\patch-e.mpq\World\Maps\Sirus2\Sirus2_34_31.adt
patch-e.mpq,34_32,10433,256,D:\Sirus\_client\World of Warcraft Sirus\Risen_Depths_Extract_2026-10-04\MapFiles\ByArchive\patch-e.mpq\World\Maps\Sirus2\Sirus2_34_32.adt
patch-e.mpq,34_33,10433,163,D:\Sirus\_client\World of Warcraft Sirus\Risen_Depths_Extract_2026-10-04\MapFiles\ByArchive\patch-e.mpq\World\Maps\Sirus2\Sirus2_34_33.adt
patch-e.mpq,34_33,10065,35,D:\Sirus\_client\World of Warcraft Sirus\Risen_Depths_Extract_2026-10-04\MapFiles\ByArchive\patch-e.mpq\World\Maps\Sirus2\Sirus2_34_33.adt
patch-e.mpq,34_33,10060,45,D:\Sirus\_client\World of Warcraft Sirus\Risen_Depths_Extract_2026-10-04\MapFiles\ByArchive\patch-e.mpq\World\Maps\Sirus2\Sirus2_34_33.adt
patch-e.mpq,34_33,10062,13,D:\Sirus\_client\World of Warcraft Sirus\Risen_Depths_Extract_2026-10-04\MapFiles\ByArchive\patch-e.mpq\World\Maps\Sirus2\Sirus2_34_33.adt
