Archive,Tile,MCNK,DoodadPlacements,WMOPlacements,Areas,File
patch-9.mpq,28_28,256,2,0,10433:256,D:\Sirus\_client\World of Warcraft Sirus\Risen_Depths_Extract_2026-10-04\MapFiles\ByArchive\patch-9.mpq\World\Maps\Sirus2\Sirus2_28_28.adt
patch-9.mpq,28_29,256,2,0,10433:256,D:\Sirus\_client\World of Warcraft Sirus\Risen_Depths_Extract_2026-10-04\MapFiles\ByArchive\patch-9.mpq\World\Maps\Sirus2\Sirus2_28_29.adt
patch-9.mpq,28_30,256,2,0,10433:256,D:\Sirus\_client\World of Warcraft Sirus\Risen_Depths_Extract_2026-10-04\MapFiles\ByArchive\patch-9.mpq\World\Maps\Sirus2\Sirus2_28_30.adt
patch-9.mpq,28_31,256,2,0,10433:256,D:\Sirus\_client\World of Warcraft Sirus\Risen_Depths_Extract_2026-10-04\MapFiles\ByArchive\patch-9.mpq\World\Maps\Sirus2\Sirus2_28_31.adt
patch-9.mpq,28_32,256,2,0,10433:256,D:\Sirus\_client\World of Warcraft Sirus\Risen_Depths_Extract_2026-10-04\MapFiles\ByArchive\patch-9.mpq\World\Maps\Sirus2\Sirus2_28_32.adt
patch-9.mpq,28_33,256,2,0,10433:256,D:\Sirus\_client\World of Warcraft Sirus\Risen_Depths_Extract_2026-10-04\MapFiles\ByArchive\patch-9.mpq\World\Maps\Sirus2\Sirus2_28_33.adt
patch-9.mpq,28_34,256,2,0,10433:256,D:\Sirus\_client\World of Warcraft Sirus\Risen_Depths_Extract_2026-10-04\MapFiles\ByArchive\patch-9.mpq\World\Maps\Sirus2\Sirus2_28_34.adt
patch-9.mpq,28_35,256,2,0,10433:256,D:\Sirus\_client\World of Warcraft Sirus\Risen_Depths_Extract_2026-10-04\MapFiles\ByArchive\patch-9.mpq\World\Maps\Sirus2\Sirus2_28_35.adt
patch-9.mpq,28_36,256,2,0,10433:256,D:\Sirus\_client\World of Warcraft Sirus\Risen_Depths_Extract_2026-10-04\MapFiles\ByArchive\patch-9.mpq\World\Maps\Sirus2\Sirus2_28_36.adt
patch-9.mpq,29_28,256,2,0,10433:256,D:\Sirus\_client\World of Warcraft Sirus\Risen_Depths_Extract_2026-10-04\MapFiles\ByArchive\patch-9.mpq\World\Maps\Sirus2\Sirus2_29_28.adt
patch-9.mpq,29_29,256,2,0,10433:256,D:\Sirus\_client\World of Warcraft Sirus\Risen_Depths_Extract_2026-10-04\MapFiles\ByArchive\patch-9.mpq\World\Maps\Sirus2\Sirus2_29_29.adt
patch-9.mpq,29_30,256,2,0,10433:256,D:\Sirus\_client\World of Warcraft Sirus\Risen_Depths_Extract_2026-10-04\MapFiles\ByArchive\patch-9.mpq\World\Maps\Sirus2\Sirus2_29_30.adt
patch-9.mpq,29_31,256,2,0,10433:256,D:\Sirus\_client\World of Warcraft Sirus\Risen_Depths_Extract_2026-10-04\MapFiles\ByArchive\patch-9.mpq\World\Maps\Sirus2\Sirus2_29_31.adt
patch-9.mpq,29_32,256,2,0,10433:256,D:\Sirus\_client\World of Warcraft Sirus\Risen_Depths_Extract_2026-10-04\MapFiles\ByArchive\patch-9.mpq\World\Maps\Sirus2\Sirus2_29_32.adt
patch-9.mpq,29_33,256,2,0,10433:256,D:\Sirus\_client\World of Warcraft Sirus\Risen_Depths_Extract_2026-10-04\MapFiles\ByArchive\patch-9.mpq\World\Maps\Sirus2\Sirus2_29_33.adt
patch-9.mpq,29_34,256,2,0,10433:256,D:\Sirus\_client\World of Warcraft Sirus\Risen_Depths_Extract_2026-10-04\MapFiles\ByArchive\patch-9.mpq\World\Maps\Sirus2\Sirus2_29_34.adt
patch-9.mpq,29_35,256,2,0,10433:256,D:\Sirus\_client\World of Warcraft Sirus\Risen_Depths_Extract_2026-10-04\MapFiles\ByArchive\patch-9.mpq\World\Maps\Sirus2\Sirus2_29_35.adt
patch-9.mpq,29_36,256,2,0,10433:256,D:\Sirus\_client\World of Warcraft Sirus\Risen_Depths_Extract_2026-10-04\MapFiles\ByArchive\patch-9.mpq\World\Maps\Sirus2\Sirus2_29_36.adt
patch-9.mpq,30_28,256,2,0,10433:256,D:\Sirus\_client\World of Warcraft Sirus\Risen_Depths_Extract_2026-10-04\MapFiles\ByArchive\patch-9.mpq\World\Maps\Sirus2\Sirus2_30_28.adt
patch-9.mpq,30_29,256,2,0,10433:256,D:\Sirus\_client\World of Warcraft Sirus\Risen_Depths_Extract_2026-10-04\MapFiles\ByArchive\patch-9.mpq\World\Maps\Sirus2\Sirus2_30_29.adt
patch-9.mpq,30_30,256,6,1,10433:234|10065:21|10074:1,D:\Sirus\_client\World of Warcraft Sirus\Risen_Depths_Extract_2026-10-04\MapFiles\ByArchive\patch-9.mpq\World\Maps\Sirus2\Sirus2_30_30.adt
patch-9.mpq,30_31,256,328,6,10433:94|10065:40|10074:25|10050:44|10061:53,D:\Sirus\_client\World of Warcraft Sirus\Risen_Depths_Extract_2026-10-04\MapFiles\ByArchive\patch-9.mpq\World\Maps\Sirus2\Sirus2_30_31.adt
patch-9.mpq,30_32,256,21,2,10433:181|10065:33|10050:30|10061:12,D:\Sirus\_client\World of Warcraft Sirus\Risen_Depths_Extract_2026-10-04\MapFiles\ByArchive\patch-9.mpq\World\Maps\Sirus2\Sirus2_30_32.adt
patch-9.mpq,30_33,256,5,0,10433:249|10065:4|10050:3,D:\Sirus\_client\World of Warcraft Sirus\Risen_Depths_Extract_2026-10-04\MapFiles\ByArchive\patch-9.mpq\World\Maps\Sirus2\Sirus2_30_33.adt
patch-9.mpq,30_34,256,2,0,10433:256,D:\Sirus\_client\World of Warcraft Sirus\Risen_Depths_Extract_2026-10-04\MapFiles\ByArchive\patch-9.mpq\World\Maps\Sirus2\Sirus2_30_34.adt
patch-9.mpq,30_35,256,2,0,10433:256,D:\Sirus\_client\World of Warcraft Sirus\Risen_Depths_Extract_2026-10-04\MapFiles\ByArchive\patch-9.mpq\World\Maps\Sirus2\Sirus2_30_35.adt
patch-9.mpq,30_36,256,2,0,10433:256,D:\Sirus\_client\World of Warcraft Sirus\Risen_Depths_Extract_2026-10-04\MapFiles\ByArchive\patch-9.mpq\World\Maps\Sirus2\Sirus2_30_36.adt
patch-9.mpq,31_28,256,2,0,10433:256,D:\Sirus\_client\World of Warcraft Sirus\Risen_Depths_Extract_2026-10-04\MapFiles\ByArchive\patch-9.mpq\World\Maps\Sirus2\Sirus2_31_28.adt
patch-9.mpq,31_29,256,2,0,10433:256,D:\Sirus\_client\World of Warcraft Sirus\Risen_Depths_Extract_2026-10-04\MapFiles\ByArchive\patch-9.mpq\World\Maps\Sirus2\Sirus2_31_29.adt
patch-9.mpq,31_30,256,91,3,10433:118|10065:63|10074:50|10069:25,D:\Sirus\_client\World of Warcraft Sirus\Risen_Depths_Extract_2026-10-04\MapFiles\ByArchive\patch-9.mpq\World\Maps\Sirus2\Sirus2_31_30.adt
patch-9.mpq,31_31,256,678,10,10074:86|10069:11|10064:52|10070:75|10068:15|10050:1|10061:16,D:\Sirus\_client\World of Warcraft Sirus\Risen_Depths_Extract_2026-10-04\MapFiles\ByArchive\patch-9.mpq\World\Maps\Sirus2\Sirus2_31_31.adt
patch-9.mpq,31_32,256,973,16,10061:11|10070:83|10064:7|10050:34|10065:12|0:15|10055:44|10054:50,D:\Sirus\_client\World of Warcraft Sirus\Risen_Depths_Extract_2026-10-04\MapFiles\ByArchive\patch-9.mpq\World\Maps\Sirus2\Sirus2_31_32.adt
patch-9.mpq,31_33,256,731,12,10050:35|10054:28|10055:8|10051:87|10433:98,D:\Sirus\_client\World of Warcraft Sirus\Risen_Depths_Extract_2026-10-04\MapFiles\ByArchive\patch-9.mpq\World\Maps\Sirus2\Sirus2_31_33.adt
patch-9.mpq,31_34,256,9,0,10433:256,D:\Sirus\_client\World of Warcraft Sirus\Risen_Depths_Extract_2026-10-04\MapFiles\ByArchive\patch-9.mpq\World\Maps\Sirus2\Sirus2_31_34.adt
patch-9.mpq,31_35,256,2,0,10433:256,D:\Sirus\_client\World of Warcraft Sirus\Risen_Depths_Extract_2026-10-04\MapFiles\ByArchive\patch-9.mpq\World\Maps\Sirus2\Sirus2_31_35.adt
patch-9.mpq,31_36,256,2,0,10433:256,D:\Sirus\_client\World of Warcraft Sirus\Risen_Depths_Extract_2026-10-04\MapFiles\ByArchive\patch-9.mpq\World\Maps\Sirus2\Sirus2_31_36.adt
patch-9.mpq,32_28,256,2,0,10433:256,D:\Sirus\_client\World of Warcraft Sirus\Risen_Depths_Extract_2026-10-04\MapFiles\ByArchive\patch-9.mpq\World\Maps\Sirus2\Sirus2_32_28.adt
patch-9.mpq,32_29,256,2,0,10433:256,D:\Sirus\_client\World of Warcraft Sirus\Risen_Depths_Extract_2026-10-04\MapFiles\ByArchive\patch-9.mpq\World\Maps\Sirus2\Sirus2_32_29.adt
patch-9.mpq,32_30,256,57,3,10433:163|10065:55|10069:15|10072:23,D:\Sirus\_client\World of Warcraft Sirus\Risen_Depths_Extract_2026-10-04\MapFiles\ByArchive\patch-9.mpq\World\Maps\Sirus2\Sirus2_32_30.adt
patch-9.mpq,32_31,256,765,19,10069:4|10072:73|10065:12|10433:2|10064:69|10067:33|10066:8|10075:55,D:\Sirus\_client\World of Warcraft Sirus\Risen_Depths_Extract_2026-10-04\MapFiles\ByArchive\patch-9.mpq\World\Maps\Sirus2\Sirus2_32_31.adt
patch-9.mpq,32_32,256,603,23,10064:15|10075:70|10050:107|10073:39|10058:14|10055:3|10052:8,D:\Sirus\_client\World of Warcraft Sirus\Risen_Depths_Extract_2026-10-04\MapFiles\ByArchive\patch-9.mpq\World\Maps\Sirus2\Sirus2_32_32.adt
patch-9.mpq,32_33,256,756,22,10055:4|10052:54|10058:11|10051:73|10050:25|10056:44|10433:45,D:\Sirus\_client\World of Warcraft Sirus\Risen_Depths_Extract_2026-10-04\MapFiles\ByArchive\patch-9.mpq\World\Maps\Sirus2\Sirus2_32_33.adt
patch-9.mpq,32_34,256,15,0,10433:256,D:\Sirus\_client\World of Warcraft Sirus\Risen_Depths_Extract_2026-10-04\MapFiles\ByArchive\patch-9.mpq\World\Maps\Sirus2\Sirus2_32_34.adt
patch-9.mpq,32_35,256,2,0,10433:256,D:\Sirus\_client\World of Warcraft Sirus\Risen_Depths_Extract_2026-10-04\MapFiles\ByArchive\patch-9.mpq\World\Maps\Sirus2\Sirus2_32_35.adt
patch-9.mpq,32_36,256,2,0,10433:256,D:\Sirus\_client\World of Warcraft Sirus\Risen_Depths_Extract_2026-10-04\MapFiles\ByArchive\patch-9.mpq\World\Maps\Sirus2\Sirus2_32_36.adt
patch-9.mpq,33_28,256,2,0,10433:256,D:\Sirus\_client\World of Warcraft Sirus\Risen_Depths_Extract_2026-10-04\MapFiles\ByArchive\patch-9.mpq\World\Maps\Sirus2\Sirus2_33_28.adt
patch-9.mpq,33_29,256,2,0,10433:256,D:\Sirus\_client\World of Warcraft Sirus\Risen_Depths_Extract_2026-10-04\MapFiles\ByArchive\patch-9.mpq\World\Maps\Sirus2\Sirus2_33_29.adt
patch-9.mpq,33_30,256,222,4,10433:198|10065:15|10066:43,D:\Sirus\_client\World of Warcraft Sirus\Risen_Depths_Extract_2026-10-04\MapFiles\ByArchive\patch-9.mpq\World\Maps\Sirus2\Sirus2_33_30.adt
patch-9.mpq,33_31,256,822,13,10065:37|10066:86|10433:24|10071:99|10075:10,D:\Sirus\_client\World of Warcraft Sirus\Risen_Depths_Extract_2026-10-04\MapFiles\ByArchive\patch-9.mpq\World\Maps\Sirus2\Sirus2_33_31.adt
patch-9.mpq,33_32,256,437,5,10075:7|10071:30|10433:57|10050:69|10058:63|10059:30,D:\Sirus\_client\World of Warcraft Sirus\Risen_Depths_Extract_2026-10-04\MapFiles\ByArchive\patch-9.mpq\World\Maps\Sirus2\Sirus2_33_32.adt
patch-9.mpq,33_33,256,956,11,10058:3|10059:74|10433:18|10050:4|10065:7|10060:101|10056:40|10053:9,D:\Sirus\_client\World of Warcraft Sirus\Risen_Depths_Extract_2026-10-04\MapFiles\ByArchive\patch-9.mpq\World\Maps\Sirus2\Sirus2_33_33.adt
patch-9.mpq,33_34,256,105,1,10433:226|10060:14|10062:16,D:\Sirus\_client\World of Warcraft Sirus\Risen_Depths_Extract_2026-10-04\MapFiles\ByArchive\patch-9.mpq\World\Maps\Sirus2\Sirus2_33_34.adt
patch-9.mpq,33_35,256,2,0,10433:256,D:\Sirus\_client\World of Warcraft Sirus\Risen_Depths_Extract_2026-10-04\MapFiles\ByArchive\patch-9.mpq\World\Maps\Sirus2\Sirus2_33_35.adt
patch-9.mpq,33_36,256,2,0,10433:256,D:\Sirus\_client\World of Warcraft Sirus\Risen_Depths_Extract_2026-10-04\MapFiles\ByArchive\patch-9.mpq\World\Maps\Sirus2\Sirus2_33_36.adt
patch-9.mpq,34_28,256,2,0,10433:256,D:\Sirus\_client\World of Warcraft Sirus\Risen_Depths_Extract_2026-10-04\MapFiles\ByArchive\patch-9.mpq\World\Maps\Sirus2\Sirus2_34_28.adt
patch-9.mpq,34_29,256,2,0,10433:256,D:\Sirus\_client\World of Warcraft Sirus\Risen_Depths_Extract_2026-10-04\MapFiles\ByArchive\patch-9.mpq\World\Maps\Sirus2\Sirus2_34_29.adt
patch-9.mpq,34_30,256,2,0,10433:256,D:\Sirus\_client\World of Warcraft Sirus\Risen_Depths_Extract_2026-10-04\MapFiles\ByArchive\patch-9.mpq\World\Maps\Sirus2\Sirus2_34_30.adt
patch-9.mpq,34_31,256,3,0,10433:256,D:\Sirus\_client\World of Warcraft Sirus\Risen_Depths_Extract_2026-10-04\MapFiles\ByArchive\patch-9.mpq\World\Maps\Sirus2\Sirus2_34_31.adt
patch-9.mpq,34_32,256,2,0,10433:256,D:\Sirus\_client\World of Warcraft Sirus\Risen_Depths_Extract_2026-10-04\MapFiles\ByArchive\patch-9.mpq\World\Maps\Sirus2\Sirus2_34_32.adt
patch-9.mpq,34_33,256,214,3,10433:163|10065:35|10060:45|10062:13,D:\Sirus\_client\World of Warcraft Sirus\Risen_Depths_Extract_2026-10-04\MapFiles\ByArchive\patch-9.mpq\World\Maps\Sirus2\Sirus2_34_33.adt
patch-9.mpq,34_34,256,600,1,10062:85|10433:171,D:\Sirus\_client\World of Warcraft Sirus\Risen_Depths_Extract_2026-10-04\MapFiles\ByArchive\patch-9.mpq\World\Maps\Sirus2\Sirus2_34_34.adt
patch-9.mpq,34_35,256,2,0,10433:256,D:\Sirus\_client\World of Warcraft Sirus\Risen_Depths_Extract_2026-10-04\MapFiles\ByArchive\patch-9.mpq\World\Maps\Sirus2\Sirus2_34_35.adt
patch-9.mpq,34_36,256,2,0,10433:256,D:\Sirus\_client\World of Warcraft Sirus\Risen_Depths_Extract_2026-10-04\MapFiles\ByArchive\patch-9.mpq\World\Maps\Sirus2\Sirus2_34_36.adt
patch-9.mpq,35_28,256,2,0,10433:256,D:\Sirus\_client\World of Warcraft Sirus\Risen_Depths_Extract_2026-10-04\MapFiles\ByArchive\patch-9.mpq\World\Maps\Sirus2\Sirus2_35_28.adt
patch-9.mpq,35_29,256,2,0,10433:256,D:\Sirus\_client\World of Warcraft Sirus\Risen_Depths_Extract_2026-10-04\MapFiles\ByArchive\patch-9.mpq\World\Maps\Sirus2\Sirus2_35_29.adt
patch-9.mpq,35_30,256,2,0,10433:256,D:\Sirus\_client\World of Warcraft Sirus\Risen_Depths_Extract_2026-10-04\MapFiles\ByArchive\patch-9.mpq\World\Maps\Sirus2\Sirus2_35_30.adt
patch-9.mpq,35_31,256,2,0,10433:256,D:\Sirus\_client\World of Warcraft Sirus\Risen_Depths_Extract_2026-10-04\MapFiles\ByArchive\patch-9.mpq\World\Maps\Sirus2\Sirus2_35_31.adt
patch-9.mpq,35_32,256,2,0,10433:256,D:\Sirus\_client\World of Warcraft Sirus\Risen_Depths_Extract_2026-10-04\MapFiles\ByArchive\patch-9.mpq\World\Maps\Sirus2\Sirus2_35_32.adt
patch-9.mpq,35_33,256,2,0,10433:256,D:\Sirus\_client\World of Warcraft Sirus\Risen_Depths_Extract_2026-10-04\MapFiles\ByArchive\patch-9.mpq\World\Maps\Sirus2\Sirus2_35_33.adt
patch-9.mpq,35_34,256,2,0,10433:256,D:\Sirus\_client\World of Warcraft Sirus\Risen_Depths_Extract_2026-10-04\MapFiles\ByArchive\patch-9.mpq\World\Maps\Sirus2\Sirus2_35_34.adt
patch-9.mpq,35_35,256,2,0,10433:256,D:\Sirus\_client\World of Warcraft Sirus\Risen_Depths_Extract_2026-10-04\MapFiles\ByArchive\patch-9.mpq\World\Maps\Sirus2\Sirus2_35_35.adt
patch-9.mpq,35_36,256,2,0,10433:256,D:\Sirus\_client\World of Warcraft Sirus\Risen_Depths_Extract_2026-10-04\MapFiles\ByArchive\patch-9.mpq\World\Maps\Sirus2\Sirus2_35_36.adt
patch-9.mpq,36_28,256,2,0,10433:256,D:\Sirus\_client\World of Warcraft Sirus\Risen_Depths_Extract_2026-10-04\MapFiles\ByArchive\patch-9.mpq\World\Maps\Sirus2\Sirus2_36_28.adt
patch-9.mpq,36_29,256,2,0,10433:256,D:\Sirus\_client\World of Warcraft Sirus\Risen_Depths_Extract_2026-10-04\MapFiles\ByArchive\patch-9.mpq\World\Maps\Sirus2\Sirus2_36_29.adt
patch-9.mpq,36_30,256,2,0,10433:256,D:\Sirus\_client\World of Warcraft Sirus\Risen_Depths_Extract_2026-10-04\MapFiles\ByArchive\patch-9.mpq\World\Maps\Sirus2\Sirus2_36_30.adt
patch-9.mpq,36_31,256,2,0,10433:256,D:\Sirus\_client\World of Warcraft Sirus\Risen_Depths_Extract_2026-10-04\MapFiles\ByArchive\patch-9.mpq\World\Maps\Sirus2\Sirus2_36_31.adt
patch-9.mpq,36_32,256,2,0,10433:256,D:\Sirus\_client\World of Warcraft Sirus\Risen_Depths_Extract_2026-10-04\MapFiles\ByArchive\patch-9.mpq\World\Maps\Sirus2\Sirus2_36_32.adt
patch-9.mpq,36_33,256,2,0,10433:256,D:\Sirus\_client\World of Warcraft Sirus\Risen_Depths_Extract_2026-10-04\MapFiles\ByArchive\patch-9.mpq\World\Maps\Sirus2\Sirus2_36_33.adt
patch-9.mpq,36_34,256,2,0,10433:256,D:\Sirus\_client\World of Warcraft Sirus\Risen_Depths_Extract_2026-10-04\MapFiles\ByArchive\patch-9.mpq\World\Maps\Sirus2\Sirus2_36_34.adt
patch-9.mpq,36_35,256,2,0,10433:256,D:\Sirus\_client\World of Warcraft Sirus\Risen_Depths_Extract_2026-10-04\MapFiles\ByArchive\patch-9.mpq\World\Maps\Sirus2\Sirus2_36_35.adt
patch-9.mpq,36_36,256,2,0,10433:256,D:\Sirus\_client\World of Warcraft Sirus\Risen_Depths_Extract_2026-10-04\MapFiles\ByArchive\patch-9.mpq\World\Maps\Sirus2\Sirus2_36_36.adt
patch-c.mpq,28_28,256,2,0,10433:256,D:\Sirus\_client\World of Warcraft Sirus\Risen_Depths_Extract_2026-10-04\MapFiles\ByArchive\patch-c.mpq\World\Maps\Sirus2\Sirus2_28_28.adt
patch-c.mpq,28_29,256,2,0,10433:256,D:\Sirus\_client\World of Warcraft Sirus\Risen_Depths_Extract_2026-10-04\MapFiles\ByArchive\patch-c.mpq\World\Maps\Sirus2\Sirus2_28_29.adt
patch-c.mpq,28_30,256,2,0,10433:256,D:\Sirus\_client\World of Warcraft Sirus\Risen_Depths_Extract_2026-10-04\MapFiles\ByArchive\patch-c.mpq\World\Maps\Sirus2\Sirus2_28_30.adt
patch-c.mpq,28_31,256,2,0,10433:256,D:\Sirus\_client\World of Warcraft Sirus\Risen_Depths_Extract_2026-10-04\MapFiles\ByArchive\patch-c.mpq\World\Maps\Sirus2\Sirus2_28_31.adt
patch-c.mpq,28_32,256,2,0,10433:256,D:\Sirus\_client\World of Warcraft Sirus\Risen_Depths_Extract_2026-10-04\MapFiles\ByArchive\patch-c.mpq\World\Maps\Sirus2\Sirus2_28_32.adt
patch-c.mpq,28_33,256,2,0,10433:256,D:\Sirus\_client\World of Warcraft Sirus\Risen_Depths_Extract_2026-10-04\MapFiles\ByArchive\patch-c.mpq\World\Maps\Sirus2\Sirus2_28_33.adt
patch-c.mpq,28_34,256,2,0,10433:256,D:\Sirus\_client\World of Warcraft Sirus\Risen_Depths_Extract_2026-10-04\MapFiles\ByArchive\patch-c.mpq\World\Maps\Sirus2\Sirus2_28_34.adt
patch-c.mpq,28_35,256,2,0,10433:256,D:\Sirus\_client\World of Warcraft Sirus\Risen_Depths_Extract_2026-10-04\MapFiles\ByArchive\patch-c.mpq\World\Maps\Sirus2\Sirus2_28_35.adt
patch-c.mpq,28_36,256,2,0,10433:256,D:\Sirus\_client\World of Warcraft Sirus\Risen_Depths_Extract_2026-10-04\MapFiles\ByArchive\patch-c.mpq\World\Maps\Sirus2\Sirus2_28_36.adt
patch-c.mpq,29_28,256,2,0,10433:256,D:\Sirus\_client\World of Warcraft Sirus\Risen_Depths_Extract_2026-10-04\MapFiles\ByArchive\patch-c.mpq\World\Maps\Sirus2\Sirus2_29_28.adt
patch-c.mpq,29_29,256,2,0,10433:256,D:\Sirus\_client\World of Warcraft Sirus\Risen_Depths_Extract_2026-10-04\MapFiles\ByArchive\patch-c.mpq\World\Maps\Sirus2\Sirus2_29_29.adt
patch-c.mpq,29_30,256,2,0,10433:256,D:\Sirus\_client\World of Warcraft Sirus\Risen_Depths_Extract_2026-10-04\MapFiles\ByArchive\patch-c.mpq\World\Maps\Sirus2\Sirus2_29_30.adt
patch-c.mpq,29_31,256,2,0,10433:256,D:\Sirus\_client\World of Warcraft Sirus\Risen_Depths_Extract_2026-10-04\MapFiles\ByArchive\patch-c.mpq\World\Maps\Sirus2\Sirus2_29_31.adt
patch-c.mpq,29_32,256,2,0,10433:256,D:\Sirus\_client\World of Warcraft Sirus\Risen_Depths_Extract_2026-10-04\MapFiles\ByArchive\patch-c.mpq\World\Maps\Sirus2\Sirus2_29_32.adt
patch-c.mpq,29_33,256,2,0,10433:256,D:\Sirus\_client\World of Warcraft Sirus\Risen_Depths_Extract_2026-10-04\MapFiles\ByArchive\patch-c.mpq\World\Maps\Sirus2\Sirus2_29_33.adt
patch-c.mpq,29_34,256,2,0,10433:256,D:\Sirus\_client\World of Warcraft Sirus\Risen_Depths_Extract_2026-10-04\MapFiles\ByArchive\patch-c.mpq\World\Maps\Sirus2\Sirus2_29_34.adt
patch-c.mpq,29_35,256,2,0,10433:256,D:\Sirus\_client\World of Warcraft Sirus\Risen_Depths_Extract_2026-10-04\MapFiles\ByArchive\patch-c.mpq\World\Maps\Sirus2\Sirus2_29_35.adt
patch-c.mpq,29_36,256,2,0,10433:256,D:\Sirus\_client\World of Warcraft Sirus\Risen_Depths_Extract_2026-10-04\MapFiles\ByArchive\patch-c.mpq\World\Maps\Sirus2\Sirus2_29_36.adt
patch-c.mpq,30_28,256,2,0,10433:256,D:\Sirus\_client\World of Warcraft Sirus\Risen_Depths_Extract_2026-10-04\MapFiles\ByArchive\patch-c.mpq\World\Maps\Sirus2\Sirus2_30_28.adt
patch-c.mpq,30_29,256,2,0,10433:256,D:\Sirus\_client\World of Warcraft Sirus\Risen_Depths_Extract_2026-10-04\MapFiles\ByArchive\patch-c.mpq\World\Maps\Sirus2\Sirus2_30_29.adt
patch-c.mpq,30_30,256,6,1,10433:234|10065:21|10074:1,D:\Sirus\_client\World of Warcraft Sirus\Risen_Depths_Extract_2026-10-04\MapFiles\ByArchive\patch-c.mpq\World\Maps\Sirus2\Sirus2_30_30.adt
patch-c.mpq,30_31,256,328,6,10433:94|10065:40|10074:25|10050:44|10061:53,D:\Sirus\_client\World of Warcraft Sirus\Risen_Depths_Extract_2026-10-04\MapFiles\ByArchive\patch-c.mpq\World\Maps\Sirus2\Sirus2_30_31.adt
patch-c.mpq,30_32,256,21,2,10433:181|10065:33|10050:30|10061:12,D:\Sirus\_client\World of Warcraft Sirus\Risen_Depths_Extract_2026-10-04\MapFiles\ByArchive\patch-c.mpq\World\Maps\Sirus2\Sirus2_30_32.adt
patch-c.mpq,30_33,256,5,0,10433:249|10065:4|10050:3,D:\Sirus\_client\World of Warcraft Sirus\Risen_Depths_Extract_2026-10-04\MapFiles\ByArchive\patch-c.mpq\World\Maps\Sirus2\Sirus2_30_33.adt
patch-c.mpq,30_34,256,2,0,10433:256,D:\Sirus\_client\World of Warcraft Sirus\Risen_Depths_Extract_2026-10-04\MapFiles\ByArchive\patch-c.mpq\World\Maps\Sirus2\Sirus2_30_34.adt
patch-c.mpq,30_35,256,2,0,10433:256,D:\Sirus\_client\World of Warcraft Sirus\Risen_Depths_Extract_2026-10-04\MapFiles\ByArchive\patch-c.mpq\World\Maps\Sirus2\Sirus2_30_35.adt
patch-c.mpq,30_36,256,2,0,10433:256,D:\Sirus\_client\World of Warcraft Sirus\Risen_Depths_Extract_2026-10-04\MapFiles\ByArchive\patch-c.mpq\World\Maps\Sirus2\Sirus2_30_36.adt
patch-c.mpq,31_28,256,2,0,10433:256,D:\Sirus\_client\World of Warcraft Sirus\Risen_Depths_Extract_2026-10-04\MapFiles\ByArchive\patch-c.mpq\World\Maps\Sirus2\Sirus2_31_28.adt
patch-c.mpq,31_29,256,2,0,10433:256,D:\Sirus\_client\World of Warcraft Sirus\Risen_Depths_Extract_2026-10-04\MapFiles\ByArchive\patch-c.mpq\World\Maps\Sirus2\Sirus2_31_29.adt
patch-c.mpq,31_30,256,91,3,10433:118|10065:63|10074:50|10069:25,D:\Sirus\_client\World of Warcraft Sirus\Risen_Depths_Extract_2026-10-04\MapFiles\ByArchive\patch-c.mpq\World\Maps\Sirus2\Sirus2_31_30.adt
patch-c.mpq,31_31,256,678,10,10074:86|10069:11|10064:52|10070:75|10068:15|10050:1|10061:16,D:\Sirus\_client\World of Warcraft Sirus\Risen_Depths_Extract_2026-10-04\MapFiles\ByArchive\patch-c.mpq\World\Maps\Sirus2\Sirus2_31_31.adt
patch-c.mpq,31_32,256,973,16,10061:11|10070:83|10064:7|10050:34|10065:12|0:15|10055:44|10054:50,D:\Sirus\_client\World of Warcraft Sirus\Risen_Depths_Extract_2026-10-04\MapFiles\ByArchive\patch-c.mpq\World\Maps\Sirus2\Sirus2_31_32.adt
patch-c.mpq,31_33,256,731,12,10050:35|10054:28|10055:8|10051:87|10433:98,D:\Sirus\_client\World of Warcraft Sirus\Risen_Depths_Extract_2026-10-04\MapFiles\ByArchive\patch-c.mpq\World\Maps\Sirus2\Sirus2_31_33.adt
patch-c.mpq,31_34,256,9,0,10433:256,D:\Sirus\_client\World of Warcraft Sirus\Risen_Depths_Extract_2026-10-04\MapFiles\ByArchive\patch-c.mpq\World\Maps\Sirus2\Sirus2_31_34.adt
patch-c.mpq,31_35,256,2,0,10433:256,D:\Sirus\_client\World of Warcraft Sirus\Risen_Depths_Extract_2026-10-04\MapFiles\ByArchive\patch-c.mpq\World\Maps\Sirus2\Sirus2_31_35.adt
patch-c.mpq,31_36,256,2,0,10433:256,D:\Sirus\_client\World of Warcraft Sirus\Risen_Depths_Extract_2026-10-04\MapFiles\ByArchive\patch-c.mpq\World\Maps\Sirus2\Sirus2_31_36.adt
patch-c.mpq,32_28,256,2,0,10433:256,D:\Sirus\_client\World of Warcraft Sirus\Risen_Depths_Extract_2026-10-04\MapFiles\ByArchive\patch-c.mpq\World\Maps\Sirus2\Sirus2_32_28.adt
patch-c.mpq,32_29,256,2,0,10433:256,D:\Sirus\_client\World of Warcraft Sirus\Risen_Depths_Extract_2026-10-04\MapFiles\ByArchive\patch-c.mpq\World\Maps\Sirus2\Sirus2_32_29.adt
patch-c.mpq,32_30,256,57,3,10433:163|10065:55|10069:15|10072:23,D:\Sirus\_client\World of Warcraft Sirus\Risen_Depths_Extract_2026-10-04\MapFiles\ByArchive\patch-c.mpq\World\Maps\Sirus2\Sirus2_32_30.adt
patch-c.mpq,32_31,256,765,19,10069:4|10072:73|10065:12|10433:2|10064:69|10067:33|10066:8|10075:55,D:\Sirus\_client\World of Warcraft Sirus\Risen_Depths_Extract_2026-10-04\MapFiles\ByArchive\patch-c.mpq\World\Maps\Sirus2\Sirus2_32_31.adt
patch-c.mpq,32_32,256,603,23,10064:15|10075:70|10050:107|10073:39|10058:14|10055:3|10052:8,D:\Sirus\_client\World of Warcraft Sirus\Risen_Depths_Extract_2026-10-04\MapFiles\ByArchive\patch-c.mpq\World\Maps\Sirus2\Sirus2_32_32.adt
patch-c.mpq,32_33,256,756,22,10055:4|10052:54|10058:11|10051:73|10050:25|10056:44|10433:45,D:\Sirus\_client\World of Warcraft Sirus\Risen_Depths_Extract_2026-10-04\MapFiles\ByArchive\patch-c.mpq\World\Maps\Sirus2\Sirus2_32_33.adt
patch-c.mpq,32_34,256,15,0,10433:256,D:\Sirus\_client\World of Warcraft Sirus\Risen_Depths_Extract_2026-10-04\MapFiles\ByArchive\patch-c.mpq\World\Maps\Sirus2\Sirus2_32_34.adt
patch-c.mpq,32_35,256,2,0,10433:256,D:\Sirus\_client\World of Warcraft Sirus\Risen_Depths_Extract_2026-10-04\MapFiles\ByArchive\patch-c.mpq\World\Maps\Sirus2\Sirus2_32_35.adt
patch-c.mpq,32_36,256,2,0,10433:256,D:\Sirus\_client\World of Warcraft Sirus\Risen_Depths_Extract_2026-10-04\MapFiles\ByArchive\patch-c.mpq\World\Maps\Sirus2\Sirus2_32_36.adt
patch-c.mpq,33_28,256,2,0,10433:256,D:\Sirus\_client\World of Warcraft Sirus\Risen_Depths_Extract_2026-10-04\MapFiles\ByArchive\patch-c.mpq\World\Maps\Sirus2\Sirus2_33_28.adt
patch-c.mpq,33_29,256,2,0,10433:256,D:\Sirus\_client\World of Warcraft Sirus\Risen_Depths_Extract_2026-10-04\MapFiles\ByArchive\patch-c.mpq\World\Maps\Sirus2\Sirus2_33_29.adt
patch-c.mpq,33_30,256,222,4,10433:198|10065:15|10066:43,D:\Sirus\_client\World of Warcraft Sirus\Risen_Depths_Extract_2026-10-04\MapFiles\ByArchive\patch-c.mpq\World\Maps\Sirus2\Sirus2_33_30.adt
patch-c.mpq,33_31,256,822,13,10065:37|10066:86|10433:24|10071:99|10075:10,D:\Sirus\_client\World of Warcraft Sirus\Risen_Depths_Extract_2026-10-04\MapFiles\ByArchive\patch-c.mpq\World\Maps\Sirus2\Sirus2_33_31.adt
patch-c.mpq,33_32,256,437,5,10075:7|10071:30|10433:57|10050:69|10058:63|10059:30,D:\Sirus\_client\World of Warcraft Sirus\Risen_Depths_Extract_2026-10-04\MapFiles\ByArchive\patch-c.mpq\World\Maps\Sirus2\Sirus2_33_32.adt
patch-c.mpq,33_33,256,956,11,10058:3|10059:74|10433:18|10050:4|10065:7|10060:101|10056:40|10053:9,D:\Sirus\_client\World of Warcraft Sirus\Risen_Depths_Extract_2026-10-04\MapFiles\ByArchive\patch-c.mpq\World\Maps\Sirus2\Sirus2_33_33.adt
patch-c.mpq,33_34,256,105,1,10433:226|10060:14|10062:16,D:\Sirus\_client\World of Warcraft Sirus\Risen_Depths_Extract_2026-10-04\MapFiles\ByArchive\patch-c.mpq\World\Maps\Sirus2\Sirus2_33_34.adt
patch-c.mpq,33_35,256,2,0,10433:256,D:\Sirus\_client\World of Warcraft Sirus\Risen_Depths_Extract_2026-10-04\MapFiles\ByArchive\patch-c.mpq\World\Maps\Sirus2\Sirus2_33_35.adt
patch-c.mpq,33_36,256,2,0,10433:256,D:\Sirus\_client\World of Warcraft Sirus\Risen_Depths_Extract_2026-10-04\MapFiles\ByArchive\patch-c.mpq\World\Maps\Sirus2\Sirus2_33_36.adt
patch-c.mpq,34_28,256,2,0,10433:256,D:\Sirus\_client\World of Warcraft Sirus\Risen_Depths_Extract_2026-10-04\MapFiles\ByArchive\patch-c.mpq\World\Maps\Sirus2\Sirus2_34_28.adt
patch-c.mpq,34_29,256,2,0,10433:256,D:\Sirus\_client\World of Warcraft Sirus\Risen_Depths_Extract_2026-10-04\MapFiles\ByArchive\patch-c.mpq\World\Maps\Sirus2\Sirus2_34_29.adt
patch-c.mpq,34_30,256,2,0,10433:256,D:\Sirus\_client\World of Warcraft Sirus\Risen_Depths_Extract_2026-10-04\MapFiles\ByArchive\patch-c.mpq\World\Maps\Sirus2\Sirus2_34_30.adt
patch-c.mpq,34_31,256,3,0,10433:256,D:\Sirus\_client\World of Warcraft Sirus\Risen_Depths_Extract_2026-10-04\MapFiles\ByArchive\patch-c.mpq\World\Maps\Sirus2\Sirus2_34_31.adt
patch-c.mpq,34_32,256,2,0,10433:256,D:\Sirus\_client\World of Warcraft Sirus\Risen_Depths_Extract_2026-10-04\MapFiles\ByArchive\patch-c.mpq\World\Maps\Sirus2\Sirus2_34_32.adt
patch-c.mpq,34_33,256,214,3,10433:163|10065:35|10060:45|10062:13,D:\Sirus\_client\World of Warcraft Sirus\Risen_Depths_Extract_2026-10-04\MapFiles\ByArchive\patch-c.mpq\World\Maps\Sirus2\Sirus2_34_33.adt
patch-c.mpq,34_34,256,600,1,10062:85|10433:171,D:\Sirus\_client\World of Warcraft Sirus\Risen_Depths_Extract_2026-10-04\MapFiles\ByArchive\patch-c.mpq\World\Maps\Sirus2\Sirus2_34_34.adt
patch-c.mpq,34_35,256,2,0,10433:256,D:\Sirus\_client\World of Warcraft Sirus\Risen_Depths_Extract_2026-10-04\MapFiles\ByArchive\patch-c.mpq\World\Maps\Sirus2\Sirus2_34_35.adt
patch-c.mpq,34_36,256,2,0,10433:256,D:\Sirus\_client\World of Warcraft Sirus\Risen_Depths_Extract_2026-10-04\MapFiles\ByArchive\patch-c.mpq\World\Maps\Sirus2\Sirus2_34_36.adt
patch-c.mpq,35_28,256,2,0,10433:256,D:\Sirus\_client\World of Warcraft Sirus\Risen_Depths_Extract_2026-10-04\MapFiles\ByArchive\patch-c.mpq\World\Maps\Sirus2\Sirus2_35_28.adt
patch-c.mpq,35_29,256,2,0,10433:256,D:\Sirus\_client\World of Warcraft Sirus\Risen_Depths_Extract_2026-10-04\MapFiles\ByArchive\patch-c.mpq\World\Maps\Sirus2\Sirus2_35_29.adt
patch-c.mpq,35_30,256,2,0,10433:256,D:\Sirus\_client\World of Warcraft Sirus\Risen_Depths_Extract_2026-10-04\MapFiles\ByArchive\patch-c.mpq\World\Maps\Sirus2\Sirus2_35_30.adt
patch-c.mpq,35_31,256,2,0,10433:256,D:\Sirus\_client\World of Warcraft Sirus\Risen_Depths_Extract_2026-10-04\MapFiles\ByArchive\patch-c.mpq\World\Maps\Sirus2\Sirus2_35_31.adt
patch-c.mpq,35_32,256,2,0,10433:256,D:\Sirus\_client\World of Warcraft Sirus\Risen_Depths_Extract_2026-10-04\MapFiles\ByArchive\patch-c.mpq\World\Maps\Sirus2\Sirus2_35_32.adt
patch-c.mpq,35_33,256,2,0,10433:256,D:\Sirus\_client\World of Warcraft Sirus\Risen_Depths_Extract_2026-10-04\MapFiles\ByArchive\patch-c.mpq\World\Maps\Sirus2\Sirus2_35_33.adt
patch-c.mpq,35_34,256,2,0,10433:256,D:\Sirus\_client\World of Warcraft Sirus\Risen_Depths_Extract_2026-10-04\MapFiles\ByArchive\patch-c.mpq\World\Maps\Sirus2\Sirus2_35_34.adt
patch-c.mpq,35_35,256,2,0,10433:256,D:\Sirus\_client\World of Warcraft Sirus\Risen_Depths_Extract_2026-10-04\MapFiles\ByArchive\patch-c.mpq\World\Maps\Sirus2\Sirus2_35_35.adt
patch-c.mpq,35_36,256,2,0,10433:256,D:\Sirus\_client\World of Warcraft Sirus\Risen_Depths_Extract_2026-10-04\MapFiles\ByArchive\patch-c.mpq\World\Maps\Sirus2\Sirus2_35_36.adt
patch-c.mpq,36_28,256,2,0,10433:256,D:\Sirus\_client\World of Warcraft Sirus\Risen_Depths_Extract_2026-10-04\MapFiles\ByArchive\patch-c.mpq\World\Maps\Sirus2\Sirus2_36_28.adt
patch-c.mpq,36_29,256,2,0,10433:256,D:\Sirus\_client\World of Warcraft Sirus\Risen_Depths_Extract_2026-10-04\MapFiles\ByArchive\patch-c.mpq\World\Maps\Sirus2\Sirus2_36_29.adt
patch-c.mpq,36_30,256,2,0,10433:256,D:\Sirus\_client\World of Warcraft Sirus\Risen_Depths_Extract_2026-10-04\MapFiles\ByArchive\patch-c.mpq\World\Maps\Sirus2\Sirus2_36_30.adt
patch-c.mpq,36_31,256,2,0,10433:256,D:\Sirus\_client\World of Warcraft Sirus\Risen_Depths_Extract_2026-10-04\MapFiles\ByArchive\patch-c.mpq\World\Maps\Sirus2\Sirus2_36_31.adt
patch-c.mpq,36_32,256,2,0,10433:256,D:\Sirus\_client\World of Warcraft Sirus\Risen_Depths_Extract_2026-10-04\MapFiles\ByArchive\patch-c.mpq\World\Maps\Sirus2\Sirus2_36_32.adt
patch-c.mpq,36_33,256,2,0,10433:256,D:\Sirus\_client\World of Warcraft Sirus\Risen_Depths_Extract_2026-10-04\MapFiles\ByArchive\patch-c.mpq\World\Maps\Sirus2\Sirus2_36_33.adt
patch-c.mpq,36_34,256,2,0,10433:256,D:\Sirus\_client\World of Warcraft Sirus\Risen_Depths_Extract_2026-10-04\MapFiles\ByArchive\patch-c.mpq\World\Maps\Sirus2\Sirus2_36_34.adt
patch-c.mpq,36_35,256,2,0,10433:256,D:\Sirus\_client\World of Warcraft Sirus\Risen_Depths_Extract_2026-10-04\MapFiles\ByArchive\patch-c.mpq\World\Maps\Sirus2\Sirus2_36_35.adt
patch-c.mpq,36_36,256,2,0,10433:256,D:\Sirus\_client\World of Warcraft Sirus\Risen_Depths_Extract_2026-10-04\MapFiles\ByArchive\patch-c.mpq\World\Maps\Sirus2\Sirus2_36_36.adt
patch-d.mpq,31_32,256,973,16,10061:11|10070:83|10064:7|10050:34|10065:12|0:15|10055:44|10054:50,D:\Sirus\_client\World of Warcraft Sirus\Risen_Depths_Extract_2026-10-04\MapFiles\ByArchive\patch-d.mpq\World\Maps\Sirus2\Sirus2_31_32.adt
patch-d.mpq,32_31,256,765,19,10069:4|10072:73|10065:12|10433:2|10064:69|10067:33|10066:8|10075:55,D:\Sirus\_client\World of Warcraft Sirus\Risen_Depths_Extract_2026-10-04\MapFiles\ByArchive\patch-d.mpq\World\Maps\Sirus2\Sirus2_32_31.adt
patch-d.mpq,33_31,256,822,13,10065:37|10066:86|10433:24|10071:99|10075:10,D:\Sirus\_client\World of Warcraft Sirus\Risen_Depths_Extract_2026-10-04\MapFiles\ByArchive\patch-d.mpq\World\Maps\Sirus2\Sirus2_33_31.adt
patch-e.mpq,31_30,256,91,3,10433:118|10065:63|10074:50|10069:25,D:\Sirus\_client\World of Warcraft Sirus\Risen_Depths_Extract_2026-10-04\MapFiles\ByArchive\patch-e.mpq\World\Maps\Sirus2\Sirus2_31_30.adt
patch-e.mpq,31_31,256,678,10,10074:86|10069:11|10064:52|10070:75|10068:15|10050:1|10061:16,D:\Sirus\_client\World of Warcraft Sirus\Risen_Depths_Extract_2026-10-04\MapFiles\ByArchive\patch-e.mpq\World\Maps\Sirus2\Sirus2_31_31.adt
patch-e.mpq,31_32,256,973,16,10061:11|10070:83|10064:7|10050:34|10065:12|0:15|10055:44|10054:50,D:\Sirus\_client\World of Warcraft Sirus\Risen_Depths_Extract_2026-10-04\MapFiles\ByArchive\patch-e.mpq\World\Maps\Sirus2\Sirus2_31_32.adt
patch-e.mpq,31_33,256,731,12,10050:35|10054:28|10055:8|10051:87|10433:98,D:\Sirus\_client\World of Warcraft Sirus\Risen_Depths_Extract_2026-10-04\MapFiles\ByArchive\patch-e.mpq\World\Maps\Sirus2\Sirus2_31_33.adt
patch-e.mpq,32_30,256,57,3,10433:163|10065:55|10069:15|10072:23,D:\Sirus\_client\World of Warcraft Sirus\Risen_Depths_Extract_2026-10-04\MapFiles\ByArchive\patch-e.mpq\World\Maps\Sirus2\Sirus2_32_30.adt
patch-e.mpq,32_31,256,765,19,10069:4|10072:73|10065:12|10433:2|10064:69|10067:33|10066:8|10075:55,D:\Sirus\_client\World of Warcraft Sirus\Risen_Depths_Extract_2026-10-04\MapFiles\ByArchive\patch-e.mpq\World\Maps\Sirus2\Sirus2_32_31.adt
patch-e.mpq,32_32,256,603,23,10064:15|10075:70|10050:107|10073:39|10058:14|10055:3|10052:8,D:\Sirus\_client\World of Warcraft Sirus\Risen_Depths_Extract_2026-10-04\MapFiles\ByArchive\patch-e.mpq\World\Maps\Sirus2\Sirus2_32_32.adt
patch-e.mpq,32_33,256,756,22,10055:4|10052:54|10058:11|10051:73|10050:25|10056:44|10433:45,D:\Sirus\_client\World of Warcraft Sirus\Risen_Depths_Extract_2026-10-04\MapFiles\ByArchive\patch-e.mpq\World\Maps\Sirus2\Sirus2_32_33.adt
patch-e.mpq,33_30,256,222,4,10433:198|10065:15|10066:43,D:\Sirus\_client\World of Warcraft Sirus\Risen_Depths_Extract_2026-10-04\MapFiles\ByArchive\patch-e.mpq\World\Maps\Sirus2\Sirus2_33_30.adt
patch-e.mpq,33_31,256,822,13,10065:37|10066:86|10433:24|10071:99|10075:10,D:\Sirus\_client\World of Warcraft Sirus\Risen_Depths_Extract_2026-10-04\MapFiles\ByArchive\patch-e.mpq\World\Maps\Sirus2\Sirus2_33_31.adt
patch-e.mpq,33_32,256,437,5,10075:7|10071:30|10433:57|10050:69|10058:63|10059:30,D:\Sirus\_client\World of Warcraft Sirus\Risen_Depths_Extract_2026-10-04\MapFiles\ByArchive\patch-e.mpq\World\Maps\Sirus2\Sirus2_33_32.adt
patch-e.mpq,33_33,256,956,11,10058:3|10059:74|10433:18|10050:4|10065:7|10060:101|10056:40|10053:9,D:\Sirus\_client\World of Warcraft Sirus\Risen_Depths_Extract_2026-10-04\MapFiles\ByArchive\patch-e.mpq\World\Maps\Sirus2\Sirus2_33_33.adt
patch-e.mpq,34_30,256,2,0,10433:256,D:\Sirus\_client\World of Warcraft Sirus\Risen_Depths_Extract_2026-10-04\MapFiles\ByArchive\patch-e.mpq\World\Maps\Sirus2\Sirus2_34_30.adt
patch-e.mpq,34_31,256,3,0,10433:256,D:\Sirus\_client\World of Warcraft Sirus\Risen_Depths_Extract_2026-10-04\MapFiles\ByArchive\patch-e.mpq\World\Maps\Sirus2\Sirus2_34_31.adt
patch-e.mpq,34_32,256,2,0,10433:256,D:\Sirus\_client\World of Warcraft Sirus\Risen_Depths_Extract_2026-10-04\MapFiles\ByArchive\patch-e.mpq\World\Maps\Sirus2\Sirus2_34_32.adt
patch-e.mpq,34_33,256,214,3,10433:163|10065:35|10060:45|10062:13,D:\Sirus\_client\World of Warcraft Sirus\Risen_Depths_Extract_2026-10-04\MapFiles\ByArchive\patch-e.mpq\World\Maps\Sirus2\Sirus2_34_33.adt
