AreaID,MapID,ParentZoneID,ExploreFlag,Flags,AreaLevel,Name,AllLocalizedNames,PresentInADT,UniqueTileCount,Tiles
10004,10001,10050,0,0x40,0,Укрытие,11:Shelter|19:Укрытие,no,0,
10050,10001,0,2980,0x40,0,Поднявшиеся глубины,19:Поднявшиеся глубины,yes,10,30_31|30_32|30_33|31_31|31_32|31_33|32_32|32_33|33_32|33_33
10051,10001,10050,2981,0x40,0,Затопленные руины,19:Затопленные руины,yes,2,31_33|32_33
10052,10001,10050,2982,0x40,0,Нерестилище,19:Нерестилище,yes,2,32_32|32_33
10053,10001,10050,2983,0x40,0,Логово Карибдис,19:Логово Карибдис,yes,1,33_33
10054,10001,10050,2984,0x40,0,Земли Жемчужного Плавника,19:Земли Жемчужного Плавника,yes,2,31_32|31_33
10055,10001,10050,2985,0x40,0,Ржавое ущелье,19:Ржавое ущелье,yes,4,31_32|31_33|32_32|32_33
10056,10001,10050,2986,0x40,0,Аммонитовый риф,19:Аммонитовый риф,yes,2,32_33|33_33
10058,10001,10050,2987,0x40,0,Молниевая Лагуна,19:Молниевая Лагуна,yes,4,32_32|32_33|33_32|33_33
10059,10001,10050,2988,0x40,0,Туманная отмель,19:Туманная отмель,yes,2,33_32|33_33
10060,10001,10050,2989,0x40,0,Остров Проклятых,19:Остров Проклятых,yes,3,33_33|33_34|34_33
10061,10001,10050,2991,0x40,0,Остров Кровавого Прилива,19:Остров Кровавого Прилива,yes,4,30_31|30_32|31_31|31_32
10062,10001,10050,2990,0x40,0,Сердце Мглы,19:Сердце Мглы,yes,3,33_34|34_33|34_34
10064,10001,10050,2992,0x40,0,Гряда Аквариона,19:Гряда Аквариона,yes,4,31_31|31_32|32_31|32_32
10065,10001,10050,2993,0x40,0,Бездна,19:Бездна,yes,12,30_30|30_31|30_32|30_33|31_30|31_32|32_30|32_31|33_30|33_31|33_33|34_33
10066,10001,10050,2994,0x40,0,Остров Кораллового Когтя,19:Остров Кораллового Когтя,yes,3,32_31|33_30|33_31
10067,10001,10050,2995,0x40,0,Стоянка Элементалей,19:Стоянка Элементалей,yes,1,32_31
10068,10001,10050,2996,0x40,0,Ведьмин остров,19:Ведьмин остров,yes,1,31_31
10069,10001,10050,2997,0x40,0,Проклятый Корабль,19:Проклятый Корабль,yes,4,31_30|31_31|32_30|32_31
10070,10001,10050,2998,0x40,0,Хищный Риф,19:Хищный Риф,yes,2,31_31|31_32
10071,10001,10050,2999,0x40,0,Мемориал Кало'теры,19:Мемориал Кало'теры,yes,2,33_31|33_32
10072,10001,10050,3000,0x40,0,Храм Тел'серай ,19:Храм Тел'серай ,yes,2,32_30|32_31
10073,10001,10050,3001,0x40,0,Ставка Наместницы,19:Ставка Наместницы,yes,1,32_32
10074,10001,10050,3002,0x40,0,Усыпальница Кракена,19:Усыпальница Кракена,yes,4,30_30|30_31|31_30|31_31
10075,10001,10050,3003,0x40,0,Руины Хажири,19:Руины Хажири,yes,4,32_31|32_32|33_31|33_32
10433,10001,0,2980,0x40,0,Бескрайние глубины,19:Бескрайние глубины,yes,78,28_28|28_29|28_30|28_31|28_32|28_33|28_34|28_35|28_36|29_28|29_29|29_30|29_31|29_32|29_33|29_34|29_35|29_36|30_28|30_29|30_30|30_31|30_32|30_33|30_34|30_35|30_36|31_28|31_29|31_30|31_33|31_34|31_35|31_36|32_28|32_29|32_30|32_31|32_33|32_34|32_35|32_36|33_28|33_29|33_30|33_31|33_32|33_33|33_34|33_35|33_36|34_28|34_29|34_30|34_31|34_32|34_33|34_34|34_35|34_36|35_28|35_29|35_30|35_31|35_32|35_33|35_34|35_35|35_36|36_28|36_29|36_30|36_31|36_32|36_33|36_34|36_35|36_36
10465,10001,10050,0,0x40,0,Логово сектантов,19:Логово сектантов,no,0,
