Archive,MPQPath,Kind,Size,SHA1,OutputPath
common.mpq,XTEXTURES\ocean\ocean_h.1.blp,liquid-ocean-render-texture,88580,1EAEDFE0F8E0B595EED48E7B8789968407BB492B,D:\Sirus\_client\World of Warcraft Sirus\Risen_Depths_Extract_2026-10-04\LiquidAssets\ByArchive\common.mpq\XTEXTURES\ocean\ocean_h.1.blp
common.mpq,XTEXTURES\ocean\ocean_h.10.blp,liquid-ocean-render-texture,88580,5F44D1315E5E244B305AB39A04B436FC73A66476,D:\Sirus\_client\World of Warcraft Sirus\Risen_Depths_Extract_2026-10-04\LiquidAssets\ByArchive\common.mpq\XTEXTURES\ocean\ocean_h.10.blp
common.mpq,XTEXTURES\ocean\ocean_h.11.blp,liquid-ocean-render-texture,88580,A5C5CE38B63812F6E65ACFEC6F1ED50EE7A0E7AF,D:\Sirus\_client\World of Warcraft Sirus\Risen_Depths_Extract_2026-10-04\LiquidAssets\ByArchive\common.mpq\XTEXTURES\ocean\ocean_h.11.blp
common.mpq,XTEXTURES\ocean\ocean_h.12.blp,liquid-ocean-render-texture,88580,7B7B72013C3A7A28CBCA1182225C7B1E79F707A2,D:\Sirus\_client\World of Warcraft Sirus\Risen_Depths_Extract_2026-10-04\LiquidAssets\ByArchive\common.mpq\XTEXTURES\ocean\ocean_h.12.blp
common.mpq,XTEXTURES\ocean\ocean_h.13.blp,liquid-ocean-render-texture,88580,EE7B5DE13E2692868E302815197652A1F4098A71,D:\Sirus\_client\World of Warcraft Sirus\Risen_Depths_Extract_2026-10-04\LiquidAssets\ByArchive\common.mpq\XTEXTURES\ocean\ocean_h.13.blp
common.mpq,XTEXTURES\ocean\ocean_h.14.blp,liquid-ocean-render-texture,88580,688AD105043CC5DB89E031FDD132D7DBD1D14DC6,D:\Sirus\_client\World of Warcraft Sirus\Risen_Depths_Extract_2026-10-04\LiquidAssets\ByArchive\common.mpq\XTEXTURES\ocean\ocean_h.14.blp
common.mpq,XTEXTURES\ocean\ocean_h.15.blp,liquid-ocean-render-texture,88580,58C8945AFEDA029506161AA9E23DD63C177DEEAF,D:\Sirus\_client\World of Warcraft Sirus\Risen_Depths_Extract_2026-10-04\LiquidAssets\ByArchive\common.mpq\XTEXTURES\ocean\ocean_h.15.blp
common.mpq,XTEXTURES\ocean\ocean_h.16.blp,liquid-ocean-render-texture,88580,6BBBD821A1AAA9E015BEF435EAFABD288C91F6F3,D:\Sirus\_client\World of Warcraft Sirus\Risen_Depths_Extract_2026-10-04\LiquidAssets\ByArchive\common.mpq\XTEXTURES\ocean\ocean_h.16.blp
common.mpq,XTEXTURES\ocean\ocean_h.17.blp,liquid-ocean-render-texture,88580,13CF7E90B4CD4B6D60517615AE84F6F74E78A8D7,D:\Sirus\_client\World of Warcraft Sirus\Risen_Depths_Extract_2026-10-04\LiquidAssets\ByArchive\common.mpq\XTEXTURES\ocean\ocean_h.17.blp
common.mpq,XTEXTURES\ocean\ocean_h.18.blp,liquid-ocean-render-texture,88580,389964DDAE29003B9388A24A7917B195A3505264,D:\Sirus\_client\World of Warcraft Sirus\Risen_Depths_Extract_2026-10-04\LiquidAssets\ByArchive\common.mpq\XTEXTURES\ocean\ocean_h.18.blp
common.mpq,XTEXTURES\ocean\ocean_h.19.blp,liquid-ocean-render-texture,88580,38F3B89C3B814AD5AF3B71781EE2D7CA8F5A0144,D:\Sirus\_client\World of Warcraft Sirus\Risen_Depths_Extract_2026-10-04\LiquidAssets\ByArchive\common.mpq\XTEXTURES\ocean\ocean_h.19.blp
common.mpq,XTEXTURES\ocean\ocean_h.2.blp,liquid-ocean-render-texture,88580,FBCF0CBC2E3C03BFFAEC256FF2037FB2A5527EC2,D:\Sirus\_client\World of Warcraft Sirus\Risen_Depths_Extract_2026-10-04\LiquidAssets\ByArchive\common.mpq\XTEXTURES\ocean\ocean_h.2.blp
common.mpq,XTEXTURES\ocean\ocean_h.20.blp,liquid-ocean-render-texture,88580,5CD9F6AD4AE6129F71B0A23CF49E076182A2468D,D:\Sirus\_client\World of Warcraft Sirus\Risen_Depths_Extract_2026-10-04\LiquidAssets\ByArchive\common.mpq\XTEXTURES\ocean\ocean_h.20.blp
common.mpq,XTEXTURES\ocean\ocean_h.21.blp,liquid-ocean-render-texture,88580,EB89FA0A1525ED57E0306AAC7162CA37AB10E417,D:\Sirus\_client\World of Warcraft Sirus\Risen_Depths_Extract_2026-10-04\LiquidAssets\ByArchive\common.mpq\XTEXTURES\ocean\ocean_h.21.blp
common.mpq,XTEXTURES\ocean\ocean_h.22.blp,liquid-ocean-render-texture,88580,D719D8D3970BE6A6826A75B14097AB3C04BFA7E0,D:\Sirus\_client\World of Warcraft Sirus\Risen_Depths_Extract_2026-10-04\LiquidAssets\ByArchive\common.mpq\XTEXTURES\ocean\ocean_h.22.blp
common.mpq,XTEXTURES\ocean\ocean_h.23.blp,liquid-ocean-render-texture,88580,BA259344CD97FC703626673F2E40E0463D6D0F10,D:\Sirus\_client\World of Warcraft Sirus\Risen_Depths_Extract_2026-10-04\LiquidAssets\ByArchive\common.mpq\XTEXTURES\ocean\ocean_h.23.blp
common.mpq,XTEXTURES\ocean\ocean_h.24.blp,liquid-ocean-render-texture,88580,4B4B57E89DF849ABDD2B38E03E6540873D961310,D:\Sirus\_client\World of Warcraft Sirus\Risen_Depths_Extract_2026-10-04\LiquidAssets\ByArchive\common.mpq\XTEXTURES\ocean\ocean_h.24.blp
common.mpq,XTEXTURES\ocean\ocean_h.25.blp,liquid-ocean-render-texture,88580,FD53E17A5320D1A8E63FA0A97985192054142F35,D:\Sirus\_client\World of Warcraft Sirus\Risen_Depths_Extract_2026-10-04\LiquidAssets\ByArchive\common.mpq\XTEXTURES\ocean\ocean_h.25.blp
common.mpq,XTEXTURES\ocean\ocean_h.26.blp,liquid-ocean-render-texture,88580,83576A4F13E15EC31AC980939C782E986FB146FF,D:\Sirus\_client\World of Warcraft Sirus\Risen_Depths_Extract_2026-10-04\LiquidAssets\ByArchive\common.mpq\XTEXTURES\ocean\ocean_h.26.blp
common.mpq,XTEXTURES\ocean\ocean_h.27.blp,liquid-ocean-render-texture,88580,7A9B7B7095F7050CAB0101F88357C8E3FAA5A20F,D:\Sirus\_client\World of Warcraft Sirus\Risen_Depths_Extract_2026-10-04\LiquidAssets\ByArchive\common.mpq\XTEXTURES\ocean\ocean_h.27.blp
common.mpq,XTEXTURES\ocean\ocean_h.28.blp,liquid-ocean-render-texture,88580,625FC6D5E707205D49AA457647649896B9144C06,D:\Sirus\_client\World of Warcraft Sirus\Risen_Depths_Extract_2026-10-04\LiquidAssets\ByArchive\common.mpq\XTEXTURES\ocean\ocean_h.28.blp
common.mpq,XTEXTURES\ocean\ocean_h.29.blp,liquid-ocean-render-texture,88580,08AB12A3D743763FB6A2044278E10FF885623BC4,D:\Sirus\_client\World of Warcraft Sirus\Risen_Depths_Extract_2026-10-04\LiquidAssets\ByArchive\common.mpq\XTEXTURES\ocean\ocean_h.29.blp
common.mpq,XTEXTURES\ocean\ocean_h.3.blp,liquid-ocean-render-texture,88580,0383A630259140D81E9044AC7CCFDA9A77513139,D:\Sirus\_client\World of Warcraft Sirus\Risen_Depths_Extract_2026-10-04\LiquidAssets\ByArchive\common.mpq\XTEXTURES\ocean\ocean_h.3.blp
common.mpq,XTEXTURES\ocean\ocean_h.30.blp,liquid-ocean-render-texture,88580,11F29527F3BB81DCD799034B1E79D29305E7E515,D:\Sirus\_client\World of Warcraft Sirus\Risen_Depths_Extract_2026-10-04\LiquidAssets\ByArchive\common.mpq\XTEXTURES\ocean\ocean_h.30.blp
common.mpq,XTEXTURES\ocean\ocean_h.4.blp,liquid-ocean-render-texture,88580,7E1EA3B288FE16B8A3BF673DD55B7779C1171FC9,D:\Sirus\_client\World of Warcraft Sirus\Risen_Depths_Extract_2026-10-04\LiquidAssets\ByArchive\common.mpq\XTEXTURES\ocean\ocean_h.4.blp
common.mpq,XTEXTURES\ocean\ocean_h.5.blp,liquid-ocean-render-texture,88580,78271C9074BB304CF3712C9BA38F7FEFDCFFE30B,D:\Sirus\_client\World of Warcraft Sirus\Risen_Depths_Extract_2026-10-04\LiquidAssets\ByArchive\common.mpq\XTEXTURES\ocean\ocean_h.5.blp
common.mpq,XTEXTURES\ocean\ocean_h.6.blp,liquid-ocean-render-texture,88580,F3196F01A6360542FEAE1F9151EB6433EEA604E7,D:\Sirus\_client\World of Warcraft Sirus\Risen_Depths_Extract_2026-10-04\LiquidAssets\ByArchive\common.mpq\XTEXTURES\ocean\ocean_h.6.blp
common.mpq,XTEXTURES\ocean\ocean_h.7.blp,liquid-ocean-render-texture,88580,AE8F91A6EBD900D9995DC32DD156BFDC84D3A6E7,D:\Sirus\_client\World of Warcraft Sirus\Risen_Depths_Extract_2026-10-04\LiquidAssets\ByArchive\common.mpq\XTEXTURES\ocean\ocean_h.7.blp
common.mpq,XTEXTURES\ocean\ocean_h.8.blp,liquid-ocean-render-texture,88580,138B6449DC3920A50FE802AC689AF4732426FB01,D:\Sirus\_client\World of Warcraft Sirus\Risen_Depths_Extract_2026-10-04\LiquidAssets\ByArchive\common.mpq\XTEXTURES\ocean\ocean_h.8.blp
common.mpq,XTEXTURES\ocean\ocean_h.9.blp,liquid-ocean-render-texture,88580,04EF38F50A192AEBE45BA5244B464D7013F2E395,D:\Sirus\_client\World of Warcraft Sirus\Risen_Depths_Extract_2026-10-04\LiquidAssets\ByArchive\common.mpq\XTEXTURES\ocean\ocean_h.9.blp
patch-6.MPQ,XTextures\procWater\advancedReflectionMap.1.blp,liquid-dbc-reference,132324,F40F60B9C698447FD737AD5E9BACD124D518DE8C,D:\Sirus\_client\World of Warcraft Sirus\Risen_Depths_Extract_2026-10-04\LiquidAssets\ByArchive\patch-6.MPQ\XTextures\procWater\advancedReflectionMap.1.blp
patch-u.mpq,XTEXTURES\ocean\OCEANBUMP.BLP,liquid-ocean-render-texture,350696,139BCA8FDD23C72C64EDCE8131119AE33E21729A,D:\Sirus\_client\World of Warcraft Sirus\Risen_Depths_Extract_2026-10-04\LiquidAssets\ByArchive\patch-u.mpq\XTEXTURES\ocean\OCEANBUMP.BLP
patch-u.mpq,XTextures\ocean\newoceanbump.blp,liquid-dbc-reference,1399272,766D9BEB891AADABF7BB32ED2FCE9914E9E7CF81,D:\Sirus\_client\World of Warcraft Sirus\Risen_Depths_Extract_2026-10-04\LiquidAssets\ByArchive\patch-u.mpq\XTextures\ocean\newoceanbump.blp
patch-u.mpq,XTextures\procWater\neutralRefractionMap.blp,liquid-dbc-reference,132324,5F75E78AAD34C63846898C775C48C60D3B4DA1A9,D:\Sirus\_client\World of Warcraft Sirus\Risen_Depths_Extract_2026-10-04\LiquidAssets\ByArchive\patch-u.mpq\XTextures\procWater\neutralRefractionMap.blp
