Archive,MPQPath,Size,CompressedSize,Flags,SHA1,OutputPath
patch-9.mpq,World\Maps\Sirus2\Sirus2.wdt,32828,338,0x80010200,1D2011AA7C6A0924E94A5C062F59D7C011ED8C3D,D:\Sirus\_client\World of Warcraft Sirus\Risen_Depths_Extract_2026-10-04\MapFiles\ByArchive\patch-9.mpq\World\Maps\Sirus2\Sirus2.wdt
patch-9.mpq,World\Maps\Sirus2\Sirus2.wdl,43878,15106,0x80010200,99B483AAA2467A625B8B281EED775011145479A1,D:\Sirus\_client\World of Warcraft Sirus\Risen_Depths_Extract_2026-10-04\MapFiles\ByArchive\patch-9.mpq\World\Maps\Sirus2\Sirus2.wdl
patch-9.mpq,World\Maps\Sirus2\Sirus2_28_28.adt,1634877,181351,0x80010200,4B52746353038E6755C6ED74000BFD3EA435E3D0,D:\Sirus\_client\World of Warcraft Sirus\Risen_Depths_Extract_2026-10-04\MapFiles\ByArchive\patch-9.mpq\World\Maps\Sirus2\Sirus2_28_28.adt
patch-9.mpq,World\Maps\Sirus2\Sirus2_29_28.adt,1692760,259234,0x80010200,38FA344D7CEFC2FF89C09EAD6609526F5A6609C3,D:\Sirus\_client\World of Warcraft Sirus\Risen_Depths_Extract_2026-10-04\MapFiles\ByArchive\patch-9.mpq\World\Maps\Sirus2\Sirus2_29_28.adt
patch-9.mpq,World\Maps\Sirus2\Sirus2_30_28.adt,1721656,279262,0x80010200,D473B1995CF832FFB24BB6F73848E104C3E55585,D:\Sirus\_client\World of Warcraft Sirus\Risen_Depths_Extract_2026-10-04\MapFiles\ByArchive\patch-9.mpq\World\Maps\Sirus2\Sirus2_30_28.adt
patch-9.mpq,World\Maps\Sirus2\Sirus2_31_28.adt,1698952,277029,0x80010200,3A11F02C08E03EE85F7517906B2DEAA16C4B91BF,D:\Sirus\_client\World of Warcraft Sirus\Risen_Depths_Extract_2026-10-04\MapFiles\ByArchive\patch-9.mpq\World\Maps\Sirus2\Sirus2_31_28.adt
patch-9.mpq,World\Maps\Sirus2\Sirus2_32_28.adt,1692760,275653,0x80010200,9218E56C4512E7D6609E35AFF879809AA3FAE102,D:\Sirus\_client\World of Warcraft Sirus\Risen_Depths_Extract_2026-10-04\MapFiles\ByArchive\patch-9.mpq\World\Maps\Sirus2\Sirus2_32_28.adt
patch-9.mpq,World\Maps\Sirus2\Sirus2_33_28.adt,1688632,256436,0x80010200,DC6F85416661A4A8935E36016B8E0BCE6D2F2C74,D:\Sirus\_client\World of Warcraft Sirus\Risen_Depths_Extract_2026-10-04\MapFiles\ByArchive\patch-9.mpq\World\Maps\Sirus2\Sirus2_33_28.adt
patch-9.mpq,World\Maps\Sirus2\Sirus2_34_28.adt,1661800,224004,0x80010200,D3BEE24DBC7BFF02BA11A48E958F0A16062C3E97,D:\Sirus\_client\World of Warcraft Sirus\Risen_Depths_Extract_2026-10-04\MapFiles\ByArchive\patch-9.mpq\World\Maps\Sirus2\Sirus2_34_28.adt
patch-9.mpq,World\Maps\Sirus2\Sirus2_35_28.adt,1634968,215921,0x80010200,E01E0F313E02121B2A456CED3230FFCA49F476D0,D:\Sirus\_client\World of Warcraft Sirus\Risen_Depths_Extract_2026-10-04\MapFiles\ByArchive\patch-9.mpq\World\Maps\Sirus2\Sirus2_35_28.adt
patch-9.mpq,World\Maps\Sirus2\Sirus2_36_28.adt,1616301,165833,0x80010200,2F47C9942CD5DE511FDDA6D860DEE66AB6628FB6,D:\Sirus\_client\World of Warcraft Sirus\Risen_Depths_Extract_2026-10-04\MapFiles\ByArchive\patch-9.mpq\World\Maps\Sirus2\Sirus2_36_28.adt
patch-9.mpq,World\Maps\Sirus2\Sirus2_28_29.adt,1645288,217206,0x80010200,F26E7507965634ADDF8687A5257A844BDDD50AA0,D:\Sirus\_client\World of Warcraft Sirus\Risen_Depths_Extract_2026-10-04\MapFiles\ByArchive\patch-9.mpq\World\Maps\Sirus2\Sirus2_28_29.adt
patch-9.mpq,World\Maps\Sirus2\Sirus2_29_29.adt,2140648,423584,0x80010200,2AE97A29313E62ECBC85595921CCEFD9952C5E5D,D:\Sirus\_client\World of Warcraft Sirus\Risen_Depths_Extract_2026-10-04\MapFiles\ByArchive\patch-9.mpq\World\Maps\Sirus2\Sirus2_29_29.adt
patch-9.mpq,World\Maps\Sirus2\Sirus2_30_29.adt,2165390,416205,0x80010200,CCB39923D38546C1219DA519BC5443C96E101B0A,D:\Sirus\_client\World of Warcraft Sirus\Risen_Depths_Extract_2026-10-04\MapFiles\ByArchive\patch-9.mpq\World\Maps\Sirus2\Sirus2_30_29.adt
patch-9.mpq,World\Maps\Sirus2\Sirus2_31_29.adt,2099342,421195,0x80010200,BBF0C113FCF80F261AA870E11A80307E05CC758E,D:\Sirus\_client\World of Warcraft Sirus\Risen_Depths_Extract_2026-10-04\MapFiles\ByArchive\patch-9.mpq\World\Maps\Sirus2\Sirus2_31_29.adt
patch-9.mpq,World\Maps\Sirus2\Sirus2_32_29.adt,2169518,426871,0x80010200,46DCEA52A29E773470D156AC696A70A5175C23A5,D:\Sirus\_client\World of Warcraft Sirus\Risen_Depths_Extract_2026-10-04\MapFiles\ByArchive\patch-9.mpq\World\Maps\Sirus2\Sirus2_32_29.adt
patch-9.mpq,World\Maps\Sirus2\Sirus2_33_29.adt,2173646,432368,0x80010200,1E2A87834088169850FDC74FA2695FC121FB2C0A,D:\Sirus\_client\World of Warcraft Sirus\Risen_Depths_Extract_2026-10-04\MapFiles\ByArchive\patch-9.mpq\World\Maps\Sirus2\Sirus2_33_29.adt
patch-9.mpq,World\Maps\Sirus2\Sirus2_34_29.adt,2173646,426813,0x80010200,3B997A713C10A05FE1F9D44C11079613B5537268,D:\Sirus\_client\World of Warcraft Sirus\Risen_Depths_Extract_2026-10-04\MapFiles\ByArchive\patch-9.mpq\World\Maps\Sirus2\Sirus2_34_29.adt
patch-9.mpq,World\Maps\Sirus2\Sirus2_35_29.adt,2101432,417108,0x80010200,E156FF84F01F71826F75A80CEEFC4317D1913F3C,D:\Sirus\_client\World of Warcraft Sirus\Risen_Depths_Extract_2026-10-04\MapFiles\ByArchive\patch-9.mpq\World\Maps\Sirus2\Sirus2_35_29.adt
patch-9.mpq,World\Maps\Sirus2\Sirus2_36_29.adt,1653544,265461,0x80010200,68E15078B83FAFA026D2F81CA86262D3A9D3E9A4,D:\Sirus\_client\World of Warcraft Sirus\Risen_Depths_Extract_2026-10-04\MapFiles\ByArchive\patch-9.mpq\World\Maps\Sirus2\Sirus2_36_29.adt
patch-9.mpq,World\Maps\Sirus2\Sirus2_28_30.adt,1690696,207592,0x80010200,B390E7E7B7C07C403E33A01449842BD706F70099,D:\Sirus\_client\World of Warcraft Sirus\Risen_Depths_Extract_2026-10-04\MapFiles\ByArchive\patch-9.mpq\World\Maps\Sirus2\Sirus2_28_30.adt
patch-9.mpq,World\Maps\Sirus2\Sirus2_29_30.adt,2173643,421446,0x80010200,F4DD9DA3C71F7E7E178AFF28F92C9F030760CC1A,D:\Sirus\_client\World of Warcraft Sirus\Risen_Depths_Extract_2026-10-04\MapFiles\ByArchive\patch-9.mpq\World\Maps\Sirus2\Sirus2_29_30.adt
patch-9.mpq,World\Maps\Sirus2\Sirus2_30_30.adt,2099805,405878,0x80010200,8AA27E9308BB634037BBCD10145150AA62039CB2,D:\Sirus\_client\World of Warcraft Sirus\Risen_Depths_Extract_2026-10-04\MapFiles\ByArchive\patch-9.mpq\World\Maps\Sirus2\Sirus2_30_30.adt
patch-9.mpq,World\Maps\Sirus2\Sirus2_31_30.adt,1779737,483393,0x80010200,CC06B13625034F17A2D7EE03D09A52C2C72A3333,D:\Sirus\_client\World of Warcraft Sirus\Risen_Depths_Extract_2026-10-04\MapFiles\ByArchive\patch-9.mpq\World\Maps\Sirus2\Sirus2_31_30.adt
patch-9.mpq,World\Maps\Sirus2\Sirus2_32_30.adt,1996114,487025,0x80010200,0704C0F7C06B626B332D59D356FB61C6F31FCFA0,D:\Sirus\_client\World of Warcraft Sirus\Risen_Depths_Extract_2026-10-04\MapFiles\ByArchive\patch-9.mpq\World\Maps\Sirus2\Sirus2_32_30.adt
patch-9.mpq,World\Maps\Sirus2\Sirus2_33_30.adt,2058156,526397,0x80010200,9310BFA2BFF690A4FC716D541169F64A19278E31,D:\Sirus\_client\World of Warcraft Sirus\Risen_Depths_Extract_2026-10-04\MapFiles\ByArchive\patch-9.mpq\World\Maps\Sirus2\Sirus2_33_30.adt
patch-9.mpq,World\Maps\Sirus2\Sirus2_34_30.adt,2173662,429077,0x80010200,9F9CEBFBC97259D67110EBEE213AE83722E926B1,D:\Sirus\_client\World of Warcraft Sirus\Risen_Depths_Extract_2026-10-04\MapFiles\ByArchive\patch-9.mpq\World\Maps\Sirus2\Sirus2_34_30.adt
patch-9.mpq,World\Maps\Sirus2\Sirus2_35_30.adt,2173646,419103,0x80010200,DBE856142B22396F82DB44653A70507BA8ED6B15,D:\Sirus\_client\World of Warcraft Sirus\Risen_Depths_Extract_2026-10-04\MapFiles\ByArchive\patch-9.mpq\World\Maps\Sirus2\Sirus2_35_30.adt
patch-9.mpq,World\Maps\Sirus2\Sirus2_36_30.adt,1690696,279072,0x80010200,FBA8B84FB5FA1571E7C216775D45FD8BA81643CC,D:\Sirus\_client\World of Warcraft Sirus\Risen_Depths_Extract_2026-10-04\MapFiles\ByArchive\patch-9.mpq\World\Maps\Sirus2\Sirus2_36_30.adt
patch-9.mpq,World\Maps\Sirus2\Sirus2_28_31.adt,1709272,208164,0x80010200,9ABD444963D09A1EA019DEAEDE0FE462946C6938,D:\Sirus\_client\World of Warcraft Sirus\Risen_Depths_Extract_2026-10-04\MapFiles\ByArchive\patch-9.mpq\World\Maps\Sirus2\Sirus2_28_31.adt
patch-9.mpq,World\Maps\Sirus2\Sirus2_29_31.adt,2173643,417910,0x80010200,B819BD51335857AA1F66E0E385416086201305DE,D:\Sirus\_client\World of Warcraft Sirus\Risen_Depths_Extract_2026-10-04\MapFiles\ByArchive\patch-9.mpq\World\Maps\Sirus2\Sirus2_29_31.adt
patch-9.mpq,World\Maps\Sirus2\Sirus2_30_31.adt,1937291,615892,0x80010200,32E5C19050564A322DB8B400ECC3A1367A03C16F,D:\Sirus\_client\World of Warcraft Sirus\Risen_Depths_Extract_2026-10-04\MapFiles\ByArchive\patch-9.mpq\World\Maps\Sirus2\Sirus2_30_31.adt
patch-9.mpq,World\Maps\Sirus2\Sirus2_31_31.adt,1998089,814704,0x80010200,3B69E0E96BFCAB3C275D4B02FAECAAAE4C9359E5,D:\Sirus\_client\World of Warcraft Sirus\Risen_Depths_Extract_2026-10-04\MapFiles\ByArchive\patch-9.mpq\World\Maps\Sirus2\Sirus2_31_31.adt
patch-9.mpq,World\Maps\Sirus2\Sirus2_32_31.adt,1950043,850176,0x80010200,CAD52C509079817EA9DFC4FACA5F0C7496257A0A,D:\Sirus\_client\World of Warcraft Sirus\Risen_Depths_Extract_2026-10-04\MapFiles\ByArchive\patch-9.mpq\World\Maps\Sirus2\Sirus2_32_31.adt
patch-9.mpq,World\Maps\Sirus2\Sirus2_33_31.adt,1852985,790753,0x80010200,ECB0858B7292AAAF23EF0EF29411230EE950BCE0,D:\Sirus\_client\World of Warcraft Sirus\Risen_Depths_Extract_2026-10-04\MapFiles\ByArchive\patch-9.mpq\World\Maps\Sirus2\Sirus2_33_31.adt
patch-9.mpq,World\Maps\Sirus2\Sirus2_34_31.adt,2157242,419479,0x80010200,CD05BF5C9D259CF01C0B83A66052300EAEDBEABF,D:\Sirus\_client\World of Warcraft Sirus\Risen_Depths_Extract_2026-10-04\MapFiles\ByArchive\patch-9.mpq\World\Maps\Sirus2\Sirus2_34_31.adt
patch-9.mpq,World\Maps\Sirus2\Sirus2_35_31.adt,2173646,442917,0x80010200,BFA90D65B970C73EEAFF9EF87C2774F799947932,D:\Sirus\_client\World of Warcraft Sirus\Risen_Depths_Extract_2026-10-04\MapFiles\ByArchive\patch-9.mpq\World\Maps\Sirus2\Sirus2_35_31.adt
patch-9.mpq,World\Maps\Sirus2\Sirus2_36_31.adt,1717528,205733,0x80010200,D6B51F721BBC29D8C33AB920C23516783312C9BB,D:\Sirus\_client\World of Warcraft Sirus\Risen_Depths_Extract_2026-10-04\MapFiles\ByArchive\patch-9.mpq\World\Maps\Sirus2\Sirus2_36_31.adt
patch-9.mpq,World\Maps\Sirus2\Sirus2_28_32.adt,1707208,230487,0x80010200,B27066BC802835BC6C39A533BEDCD657D7A6D7D5,D:\Sirus\_client\World of Warcraft Sirus\Risen_Depths_Extract_2026-10-04\MapFiles\ByArchive\patch-9.mpq\World\Maps\Sirus2\Sirus2_28_32.adt
patch-9.mpq,World\Maps\Sirus2\Sirus2_29_32.adt,2173646,433056,0x80010200,B4923184ECBBD64AD330E72EB9578815C79FE5FF,D:\Sirus\_client\World of Warcraft Sirus\Risen_Depths_Extract_2026-10-04\MapFiles\ByArchive\patch-9.mpq\World\Maps\Sirus2\Sirus2_29_32.adt
patch-9.mpq,World\Maps\Sirus2\Sirus2_30_32.adt,2022299,539438,0x80010200,F4FEB4DCCEB963604BDA817CD13FCC1DE93CA960,D:\Sirus\_client\World of Warcraft Sirus\Risen_Depths_Extract_2026-10-04\MapFiles\ByArchive\patch-9.mpq\World\Maps\Sirus2\Sirus2_30_32.adt
patch-9.mpq,World\Maps\Sirus2\Sirus2_31_32.adt,2001481,916504,0x80010200,4A49E92A955EE766AD98B1F9D796E2CEA42136B0,D:\Sirus\_client\World of Warcraft Sirus\Risen_Depths_Extract_2026-10-04\MapFiles\ByArchive\patch-9.mpq\World\Maps\Sirus2\Sirus2_31_32.adt
patch-9.mpq,World\Maps\Sirus2\Sirus2_32_32.adt,1943736,911849,0x80010200,3B498B4938D55CABBD9FCF6BD7913EB1B8AEAC33,D:\Sirus\_client\World of Warcraft Sirus\Risen_Depths_Extract_2026-10-04\MapFiles\ByArchive\patch-9.mpq\World\Maps\Sirus2\Sirus2_32_32.adt
patch-9.mpq,World\Maps\Sirus2\Sirus2_33_32.adt,1955847,811953,0x80010200,507F7B1AF3B4D43A3F63956C9106DBB17F132139,D:\Sirus\_client\World of Warcraft Sirus\Risen_Depths_Extract_2026-10-04\MapFiles\ByArchive\patch-9.mpq\World\Maps\Sirus2\Sirus2_33_32.adt
patch-9.mpq,World\Maps\Sirus2\Sirus2_34_32.adt,2173643,329693,0x80010200,934B52489BB969F005BE22B48170F05C6A4B8898,D:\Sirus\_client\World of Warcraft Sirus\Risen_Depths_Extract_2026-10-04\MapFiles\ByArchive\patch-9.mpq\World\Maps\Sirus2\Sirus2_34_32.adt
patch-9.mpq,World\Maps\Sirus2\Sirus2_35_32.adt,2173646,445179,0x80010200,3B8BBC246B0C7B8AA493908760AE58129B463A67,D:\Sirus\_client\World of Warcraft Sirus\Risen_Depths_Extract_2026-10-04\MapFiles\ByArchive\patch-9.mpq\World\Maps\Sirus2\Sirus2_35_32.adt
patch-9.mpq,World\Maps\Sirus2\Sirus2_36_32.adt,1727848,237865,0x80010200,E9C673D06FE9F31B99E71DE9F1362090FA7B4CCC,D:\Sirus\_client\World of Warcraft Sirus\Risen_Depths_Extract_2026-10-04\MapFiles\ByArchive\patch-9.mpq\World\Maps\Sirus2\Sirus2_36_32.adt
patch-9.mpq,World\Maps\Sirus2\Sirus2_28_33.adt,1744360,228934,0x80010200,2F0B72097A4D7B2DD5262813330545A038F7DBD1,D:\Sirus\_client\World of Warcraft Sirus\Risen_Depths_Extract_2026-10-04\MapFiles\ByArchive\patch-9.mpq\World\Maps\Sirus2\Sirus2_28_33.adt
patch-9.mpq,World\Maps\Sirus2\Sirus2_29_33.adt,2173646,429982,0x80010200,CC1844A555D0D54257A34C7EB1FFF14B34996459,D:\Sirus\_client\World of Warcraft Sirus\Risen_Depths_Extract_2026-10-04\MapFiles\ByArchive\patch-9.mpq\World\Maps\Sirus2\Sirus2_29_33.adt
patch-9.mpq,World\Maps\Sirus2\Sirus2_30_33.adt,2137950,421663,0x80010200,4DB2C61722733D01A1B08B7D6F654DAEC023909A,D:\Sirus\_client\World of Warcraft Sirus\Risen_Depths_Extract_2026-10-04\MapFiles\ByArchive\patch-9.mpq\World\Maps\Sirus2\Sirus2_30_33.adt
patch-9.mpq,World\Maps\Sirus2\Sirus2_31_33.adt,1913226,646887,0x80010200,14C4FF4F47BB76D7CA91D880EFC88BB4445E967F,D:\Sirus\_client\World of Warcraft Sirus\Risen_Depths_Extract_2026-10-04\MapFiles\ByArchive\patch-9.mpq\World\Maps\Sirus2\Sirus2_31_33.adt
patch-9.mpq,World\Maps\Sirus2\Sirus2_32_33.adt,1869581,767241,0x80010200,45580935A77697DA694467803DE8A574E7F4C457,D:\Sirus\_client\World of Warcraft Sirus\Risen_Depths_Extract_2026-10-04\MapFiles\ByArchive\patch-9.mpq\World\Maps\Sirus2\Sirus2_32_33.adt
patch-9.mpq,World\Maps\Sirus2\Sirus2_33_33.adt,1725414,751256,0x80010200,D42CCA3ABF8657267C2887AF12EBB2DB1708856D,D:\Sirus\_client\World of Warcraft Sirus\Risen_Depths_Extract_2026-10-04\MapFiles\ByArchive\patch-9.mpq\World\Maps\Sirus2\Sirus2_33_33.adt
patch-9.mpq,World\Maps\Sirus2\Sirus2_34_33.adt,1909600,513247,0x80010200,4E40313677FBD12A56551315AEF54D549B191FE7,D:\Sirus\_client\World of Warcraft Sirus\Risen_Depths_Extract_2026-10-04\MapFiles\ByArchive\patch-9.mpq\World\Maps\Sirus2\Sirus2_34_33.adt
patch-9.mpq,World\Maps\Sirus2\Sirus2_35_33.adt,2173646,435792,0x80010200,A02D5706688B8516B4A417AB0062BE2CBD21F940,D:\Sirus\_client\World of Warcraft Sirus\Risen_Depths_Extract_2026-10-04\MapFiles\ByArchive\patch-9.mpq\World\Maps\Sirus2\Sirus2_35_33.adt
patch-9.mpq,World\Maps\Sirus2\Sirus2_36_33.adt,1727848,278961,0x80010200,2D9EE23CD3847D8BC913040A1B01E1D9E6473719,D:\Sirus\_client\World of Warcraft Sirus\Risen_Depths_Extract_2026-10-04\MapFiles\ByArchive\patch-9.mpq\World\Maps\Sirus2\Sirus2_36_33.adt
patch-9.mpq,World\Maps\Sirus2\Sirus2_28_34.adt,1721656,281656,0x80010200,10B590EE8111BC400BC9E512296A6768F0BACB84,D:\Sirus\_client\World of Warcraft Sirus\Risen_Depths_Extract_2026-10-04\MapFiles\ByArchive\patch-9.mpq\World\Maps\Sirus2\Sirus2_28_34.adt
patch-9.mpq,World\Maps\Sirus2\Sirus2_29_34.adt,2171608,436726,0x80010200,D757D3992E75941487EB21B4C369A9C7C8206383,D:\Sirus\_client\World of Warcraft Sirus\Risen_Depths_Extract_2026-10-04\MapFiles\ByArchive\patch-9.mpq\World\Maps\Sirus2\Sirus2_29_34.adt
patch-9.mpq,World\Maps\Sirus2\Sirus2_30_34.adt,2173643,434574,0x80010200,81EECF71DD0117E4961D6CEA8CD5B0FDEA78A151,D:\Sirus\_client\World of Warcraft Sirus\Risen_Depths_Extract_2026-10-04\MapFiles\ByArchive\patch-9.mpq\World\Maps\Sirus2\Sirus2_30_34.adt
patch-9.mpq,World\Maps\Sirus2\Sirus2_31_34.adt,2147330,423459,0x80010200,393E6DF651A02FF5BA34F10581E41DA09E43C568,D:\Sirus\_client\World of Warcraft Sirus\Risen_Depths_Extract_2026-10-04\MapFiles\ByArchive\patch-9.mpq\World\Maps\Sirus2\Sirus2_31_34.adt
patch-9.mpq,World\Maps\Sirus2\Sirus2_32_34.adt,2170520,413494,0x80010200,3CE1B7F1DC7ECA0DC4E371A83E557326D1CAC57B,D:\Sirus\_client\World of Warcraft Sirus\Risen_Depths_Extract_2026-10-04\MapFiles\ByArchive\patch-9.mpq\World\Maps\Sirus2\Sirus2_32_34.adt
patch-9.mpq,World\Maps\Sirus2\Sirus2_33_34.adt,2090076,477907,0x80010200,CD60027850E840A40104730BEA9639AB826C77CA,D:\Sirus\_client\World of Warcraft Sirus\Risen_Depths_Extract_2026-10-04\MapFiles\ByArchive\patch-9.mpq\World\Maps\Sirus2\Sirus2_33_34.adt
patch-9.mpq,World\Maps\Sirus2\Sirus2_34_34.adt,1881396,574750,0x80010200,DF1B531F02891BECAC6F07D8F220FBA7907EED75,D:\Sirus\_client\World of Warcraft Sirus\Risen_Depths_Extract_2026-10-04\MapFiles\ByArchive\patch-9.mpq\World\Maps\Sirus2\Sirus2_34_34.adt
patch-9.mpq,World\Maps\Sirus2\Sirus2_35_34.adt,2173646,445341,0x80010200,EBCAC636B08A517F635785D4441EE5E2937456BB,D:\Sirus\_client\World of Warcraft Sirus\Risen_Depths_Extract_2026-10-04\MapFiles\ByArchive\patch-9.mpq\World\Maps\Sirus2\Sirus2_35_34.adt
patch-9.mpq,World\Maps\Sirus2\Sirus2_36_34.adt,1703080,228186,0x80010200,3C200A3F0E262233F2C7F6F7EF879ED23F7CC7E5,D:\Sirus\_client\World of Warcraft Sirus\Risen_Depths_Extract_2026-10-04\MapFiles\ByArchive\patch-9.mpq\World\Maps\Sirus2\Sirus2_36_34.adt
patch-9.mpq,World\Maps\Sirus2\Sirus2_28_35.adt,1636941,253935,0x80010200,F2D8653A7A36E4B0A01C4CE780DF225148F732FC,D:\Sirus\_client\World of Warcraft Sirus\Risen_Depths_Extract_2026-10-04\MapFiles\ByArchive\patch-9.mpq\World\Maps\Sirus2\Sirus2_28_35.adt
patch-9.mpq,World\Maps\Sirus2\Sirus2_29_35.adt,1806280,406245,0x80010200,B50909A5E90FB429AFA6A4E74EFB1003D043B59D,D:\Sirus\_client\World of Warcraft Sirus\Risen_Depths_Extract_2026-10-04\MapFiles\ByArchive\patch-9.mpq\World\Maps\Sirus2\Sirus2_29_35.adt
patch-9.mpq,World\Maps\Sirus2\Sirus2_30_35.adt,2014744,426460,0x80010200,6A8B519050B41B4D64C6E9C16053D88D03F10936,D:\Sirus\_client\World of Warcraft Sirus\Risen_Depths_Extract_2026-10-04\MapFiles\ByArchive\patch-9.mpq\World\Maps\Sirus2\Sirus2_30_35.adt
patch-9.mpq,World\Maps\Sirus2\Sirus2_31_35.adt,2027128,422918,0x80010200,938B1333C84E3F7A335691860A6243F9BAC6268A,D:\Sirus\_client\World of Warcraft Sirus\Risen_Depths_Extract_2026-10-04\MapFiles\ByArchive\patch-9.mpq\World\Maps\Sirus2\Sirus2_31_35.adt
patch-9.mpq,World\Maps\Sirus2\Sirus2_32_35.adt,2072536,433752,0x80010200,17568AEE157F4FF6133EDF8BDE53CD9D7D15B76D,D:\Sirus\_client\World of Warcraft Sirus\Risen_Depths_Extract_2026-10-04\MapFiles\ByArchive\patch-9.mpq\World\Maps\Sirus2\Sirus2_32_35.adt
patch-9.mpq,World\Maps\Sirus2\Sirus2_33_35.adt,2146840,443190,0x80010200,D3B3F4A56506189A8D78065751DF51424CF1CA4B,D:\Sirus\_client\World of Warcraft Sirus\Risen_Depths_Extract_2026-10-04\MapFiles\ByArchive\patch-9.mpq\World\Maps\Sirus2\Sirus2_33_35.adt
patch-9.mpq,World\Maps\Sirus2\Sirus2_34_35.adt,2173643,448009,0x80010200,0AE6D575AA4B49FEC39849C2EF8D8B46399CD21B,D:\Sirus\_client\World of Warcraft Sirus\Risen_Depths_Extract_2026-10-04\MapFiles\ByArchive\patch-9.mpq\World\Maps\Sirus2\Sirus2_34_35.adt
patch-9.mpq,World\Maps\Sirus2\Sirus2_35_35.adt,2029192,432962,0x80010200,718065C66FA9BCABEDFBCDDDD0F4C5C96F0FB25C,D:\Sirus\_client\World of Warcraft Sirus\Risen_Depths_Extract_2026-10-04\MapFiles\ByArchive\patch-9.mpq\World\Maps\Sirus2\Sirus2_35_35.adt
patch-9.mpq,World\Maps\Sirus2\Sirus2_36_35.adt,1651480,220545,0x80010200,D3898D112EE0DC0828705CB21896E12419923615,D:\Sirus\_client\World of Warcraft Sirus\Risen_Depths_Extract_2026-10-04\MapFiles\ByArchive\patch-9.mpq\World\Maps\Sirus2\Sirus2_36_35.adt
patch-9.mpq,World\Maps\Sirus2\Sirus2_28_36.adt,1636941,257111,0x80010200,B6DC1A662F6507C2AF95C3BB323148CE7A48C5A7,D:\Sirus\_client\World of Warcraft Sirus\Risen_Depths_Extract_2026-10-04\MapFiles\ByArchive\patch-9.mpq\World\Maps\Sirus2\Sirus2_28_36.adt
patch-9.mpq,World\Maps\Sirus2\Sirus2_29_36.adt,1636957,267332,0x80010200,664B0869B228C72E4A50DAAC1975DDCF6C7A1E50,D:\Sirus\_client\World of Warcraft Sirus\Risen_Depths_Extract_2026-10-04\MapFiles\ByArchive\patch-9.mpq\World\Maps\Sirus2\Sirus2_29_36.adt
patch-9.mpq,World\Maps\Sirus2\Sirus2_30_36.adt,1634877,184629,0x80010200,2F1C5655B849CA9D2F8469D2DD8259EE1E3CA984,D:\Sirus\_client\World of Warcraft Sirus\Risen_Depths_Extract_2026-10-04\MapFiles\ByArchive\patch-9.mpq\World\Maps\Sirus2\Sirus2_30_36.adt
patch-9.mpq,World\Maps\Sirus2\Sirus2_31_36.adt,1636941,232402,0x80010200,A8E1E73ADAAE8A117CDC70C9BA1892A8D1E87BCC,D:\Sirus\_client\World of Warcraft Sirus\Risen_Depths_Extract_2026-10-04\MapFiles\ByArchive\patch-9.mpq\World\Maps\Sirus2\Sirus2_31_36.adt
patch-9.mpq,World\Maps\Sirus2\Sirus2_32_36.adt,1636941,196823,0x80010200,58C664ACB9EA8F8FC1B42B2FE36D028765218494,D:\Sirus\_client\World of Warcraft Sirus\Risen_Depths_Extract_2026-10-04\MapFiles\ByArchive\patch-9.mpq\World\Maps\Sirus2\Sirus2_32_36.adt
patch-9.mpq,World\Maps\Sirus2\Sirus2_33_36.adt,1632813,189882,0x80010200,9A74AB43BB6CCAC67833FE110C24B363B94EB4F6,D:\Sirus\_client\World of Warcraft Sirus\Risen_Depths_Extract_2026-10-04\MapFiles\ByArchive\patch-9.mpq\World\Maps\Sirus2\Sirus2_33_36.adt
patch-9.mpq,World\Maps\Sirus2\Sirus2_34_36.adt,1678312,234492,0x80010200,CB6A22FA917B2356F158C7A355FEEEBEF05A9AFA,D:\Sirus\_client\World of Warcraft Sirus\Risen_Depths_Extract_2026-10-04\MapFiles\ByArchive\patch-9.mpq\World\Maps\Sirus2\Sirus2_34_36.adt
patch-9.mpq,World\Maps\Sirus2\Sirus2_35_36.adt,1645288,192769,0x80010200,BFB97C210128D6FE8712AD3ACD6F36A1DAA0A6ED,D:\Sirus\_client\World of Warcraft Sirus\Risen_Depths_Extract_2026-10-04\MapFiles\ByArchive\patch-9.mpq\World\Maps\Sirus2\Sirus2_35_36.adt
patch-9.mpq,World\Maps\Sirus2\Sirus2_36_36.adt,1636941,167001,0x80010200,FBC7FA63224297D1B5B7AB9BEE410BB49B0CD0FA,D:\Sirus\_client\World of Warcraft Sirus\Risen_Depths_Extract_2026-10-04\MapFiles\ByArchive\patch-9.mpq\World\Maps\Sirus2\Sirus2_36_36.adt
patch-c.mpq,World\Maps\Sirus2\Sirus2.wdt,32828,338,0x80010200,1D2011AA7C6A0924E94A5C062F59D7C011ED8C3D,D:\Sirus\_client\World of Warcraft Sirus\Risen_Depths_Extract_2026-10-04\MapFiles\ByArchive\patch-c.mpq\World\Maps\Sirus2\Sirus2.wdt
patch-c.mpq,World\Maps\Sirus2\Sirus2.wdl,43878,15106,0x80010200,99B483AAA2467A625B8B281EED775011145479A1,D:\Sirus\_client\World of Warcraft Sirus\Risen_Depths_Extract_2026-10-04\MapFiles\ByArchive\patch-c.mpq\World\Maps\Sirus2\Sirus2.wdl
patch-c.mpq,World\Maps\Sirus2\Sirus2_28_28.adt,1634877,181351,0x80010200,4B52746353038E6755C6ED74000BFD3EA435E3D0,D:\Sirus\_client\World of Warcraft Sirus\Risen_Depths_Extract_2026-10-04\MapFiles\ByArchive\patch-c.mpq\World\Maps\Sirus2\Sirus2_28_28.adt
patch-c.mpq,World\Maps\Sirus2\Sirus2_29_28.adt,1692760,259234,0x80010200,38FA344D7CEFC2FF89C09EAD6609526F5A6609C3,D:\Sirus\_client\World of Warcraft Sirus\Risen_Depths_Extract_2026-10-04\MapFiles\ByArchive\patch-c.mpq\World\Maps\Sirus2\Sirus2_29_28.adt
patch-c.mpq,World\Maps\Sirus2\Sirus2_30_28.adt,1721656,279262,0x80010200,D473B1995CF832FFB24BB6F73848E104C3E55585,D:\Sirus\_client\World of Warcraft Sirus\Risen_Depths_Extract_2026-10-04\MapFiles\ByArchive\patch-c.mpq\World\Maps\Sirus2\Sirus2_30_28.adt
patch-c.mpq,World\Maps\Sirus2\Sirus2_31_28.adt,1698952,277029,0x80010200,3A11F02C08E03EE85F7517906B2DEAA16C4B91BF,D:\Sirus\_client\World of Warcraft Sirus\Risen_Depths_Extract_2026-10-04\MapFiles\ByArchive\patch-c.mpq\World\Maps\Sirus2\Sirus2_31_28.adt
patch-c.mpq,World\Maps\Sirus2\Sirus2_32_28.adt,1692760,275653,0x80010200,9218E56C4512E7D6609E35AFF879809AA3FAE102,D:\Sirus\_client\World of Warcraft Sirus\Risen_Depths_Extract_2026-10-04\MapFiles\ByArchive\patch-c.mpq\World\Maps\Sirus2\Sirus2_32_28.adt
patch-c.mpq,World\Maps\Sirus2\Sirus2_33_28.adt,1688632,256436,0x80010200,DC6F85416661A4A8935E36016B8E0BCE6D2F2C74,D:\Sirus\_client\World of Warcraft Sirus\Risen_Depths_Extract_2026-10-04\MapFiles\ByArchive\patch-c.mpq\World\Maps\Sirus2\Sirus2_33_28.adt
patch-c.mpq,World\Maps\Sirus2\Sirus2_34_28.adt,1661800,224004,0x80010200,D3BEE24DBC7BFF02BA11A48E958F0A16062C3E97,D:\Sirus\_client\World of Warcraft Sirus\Risen_Depths_Extract_2026-10-04\MapFiles\ByArchive\patch-c.mpq\World\Maps\Sirus2\Sirus2_34_28.adt
patch-c.mpq,World\Maps\Sirus2\Sirus2_35_28.adt,1634968,215921,0x80010200,E01E0F313E02121B2A456CED3230FFCA49F476D0,D:\Sirus\_client\World of Warcraft Sirus\Risen_Depths_Extract_2026-10-04\MapFiles\ByArchive\patch-c.mpq\World\Maps\Sirus2\Sirus2_35_28.adt
patch-c.mpq,World\Maps\Sirus2\Sirus2_36_28.adt,1616301,165833,0x80010200,2F47C9942CD5DE511FDDA6D860DEE66AB6628FB6,D:\Sirus\_client\World of Warcraft Sirus\Risen_Depths_Extract_2026-10-04\MapFiles\ByArchive\patch-c.mpq\World\Maps\Sirus2\Sirus2_36_28.adt
patch-c.mpq,World\Maps\Sirus2\Sirus2_28_29.adt,1645288,217206,0x80010200,F26E7507965634ADDF8687A5257A844BDDD50AA0,D:\Sirus\_client\World of Warcraft Sirus\Risen_Depths_Extract_2026-10-04\MapFiles\ByArchive\patch-c.mpq\World\Maps\Sirus2\Sirus2_28_29.adt
patch-c.mpq,World\Maps\Sirus2\Sirus2_29_29.adt,2140648,423584,0x80010200,2AE97A29313E62ECBC85595921CCEFD9952C5E5D,D:\Sirus\_client\World of Warcraft Sirus\Risen_Depths_Extract_2026-10-04\MapFiles\ByArchive\patch-c.mpq\World\Maps\Sirus2\Sirus2_29_29.adt
patch-c.mpq,World\Maps\Sirus2\Sirus2_30_29.adt,2165390,416205,0x80010200,CCB39923D38546C1219DA519BC5443C96E101B0A,D:\Sirus\_client\World of Warcraft Sirus\Risen_Depths_Extract_2026-10-04\MapFiles\ByArchive\patch-c.mpq\World\Maps\Sirus2\Sirus2_30_29.adt
patch-c.mpq,World\Maps\Sirus2\Sirus2_31_29.adt,2099342,421195,0x80010200,BBF0C113FCF80F261AA870E11A80307E05CC758E,D:\Sirus\_client\World of Warcraft Sirus\Risen_Depths_Extract_2026-10-04\MapFiles\ByArchive\patch-c.mpq\World\Maps\Sirus2\Sirus2_31_29.adt
patch-c.mpq,World\Maps\Sirus2\Sirus2_32_29.adt,2169518,426871,0x80010200,46DCEA52A29E773470D156AC696A70A5175C23A5,D:\Sirus\_client\World of Warcraft Sirus\Risen_Depths_Extract_2026-10-04\MapFiles\ByArchive\patch-c.mpq\World\Maps\Sirus2\Sirus2_32_29.adt
patch-c.mpq,World\Maps\Sirus2\Sirus2_33_29.adt,2173646,432368,0x80010200,1E2A87834088169850FDC74FA2695FC121FB2C0A,D:\Sirus\_client\World of Warcraft Sirus\Risen_Depths_Extract_2026-10-04\MapFiles\ByArchive\patch-c.mpq\World\Maps\Sirus2\Sirus2_33_29.adt
patch-c.mpq,World\Maps\Sirus2\Sirus2_34_29.adt,2173646,426813,0x80010200,3B997A713C10A05FE1F9D44C11079613B5537268,D:\Sirus\_client\World of Warcraft Sirus\Risen_Depths_Extract_2026-10-04\MapFiles\ByArchive\patch-c.mpq\World\Maps\Sirus2\Sirus2_34_29.adt
patch-c.mpq,World\Maps\Sirus2\Sirus2_35_29.adt,2101432,417108,0x80010200,E156FF84F01F71826F75A80CEEFC4317D1913F3C,D:\Sirus\_client\World of Warcraft Sirus\Risen_Depths_Extract_2026-10-04\MapFiles\ByArchive\patch-c.mpq\World\Maps\Sirus2\Sirus2_35_29.adt
patch-c.mpq,World\Maps\Sirus2\Sirus2_36_29.adt,1653544,265461,0x80010200,68E15078B83FAFA026D2F81CA86262D3A9D3E9A4,D:\Sirus\_client\World of Warcraft Sirus\Risen_Depths_Extract_2026-10-04\MapFiles\ByArchive\patch-c.mpq\World\Maps\Sirus2\Sirus2_36_29.adt
patch-c.mpq,World\Maps\Sirus2\Sirus2_28_30.adt,1690696,207592,0x80010200,B390E7E7B7C07C403E33A01449842BD706F70099,D:\Sirus\_client\World of Warcraft Sirus\Risen_Depths_Extract_2026-10-04\MapFiles\ByArchive\patch-c.mpq\World\Maps\Sirus2\Sirus2_28_30.adt
patch-c.mpq,World\Maps\Sirus2\Sirus2_29_30.adt,2173643,421446,0x80010200,F4DD9DA3C71F7E7E178AFF28F92C9F030760CC1A,D:\Sirus\_client\World of Warcraft Sirus\Risen_Depths_Extract_2026-10-04\MapFiles\ByArchive\patch-c.mpq\World\Maps\Sirus2\Sirus2_29_30.adt
patch-c.mpq,World\Maps\Sirus2\Sirus2_30_30.adt,2099805,405878,0x80010200,8AA27E9308BB634037BBCD10145150AA62039CB2,D:\Sirus\_client\World of Warcraft Sirus\Risen_Depths_Extract_2026-10-04\MapFiles\ByArchive\patch-c.mpq\World\Maps\Sirus2\Sirus2_30_30.adt
patch-c.mpq,World\Maps\Sirus2\Sirus2_31_30.adt,1779737,483393,0x80010200,CC06B13625034F17A2D7EE03D09A52C2C72A3333,D:\Sirus\_client\World of Warcraft Sirus\Risen_Depths_Extract_2026-10-04\MapFiles\ByArchive\patch-c.mpq\World\Maps\Sirus2\Sirus2_31_30.adt
patch-c.mpq,World\Maps\Sirus2\Sirus2_32_30.adt,1996114,487025,0x80010200,0704C0F7C06B626B332D59D356FB61C6F31FCFA0,D:\Sirus\_client\World of Warcraft Sirus\Risen_Depths_Extract_2026-10-04\MapFiles\ByArchive\patch-c.mpq\World\Maps\Sirus2\Sirus2_32_30.adt
patch-c.mpq,World\Maps\Sirus2\Sirus2_33_30.adt,2058156,526397,0x80010200,9310BFA2BFF690A4FC716D541169F64A19278E31,D:\Sirus\_client\World of Warcraft Sirus\Risen_Depths_Extract_2026-10-04\MapFiles\ByArchive\patch-c.mpq\World\Maps\Sirus2\Sirus2_33_30.adt
patch-c.mpq,World\Maps\Sirus2\Sirus2_34_30.adt,2173662,429077,0x80010200,9F9CEBFBC97259D67110EBEE213AE83722E926B1,D:\Sirus\_client\World of Warcraft Sirus\Risen_Depths_Extract_2026-10-04\MapFiles\ByArchive\patch-c.mpq\World\Maps\Sirus2\Sirus2_34_30.adt
patch-c.mpq,World\Maps\Sirus2\Sirus2_35_30.adt,2173646,419103,0x80010200,DBE856142B22396F82DB44653A70507BA8ED6B15,D:\Sirus\_client\World of Warcraft Sirus\Risen_Depths_Extract_2026-10-04\MapFiles\ByArchive\patch-c.mpq\World\Maps\Sirus2\Sirus2_35_30.adt
patch-c.mpq,World\Maps\Sirus2\Sirus2_36_30.adt,1690696,279072,0x80010200,FBA8B84FB5FA1571E7C216775D45FD8BA81643CC,D:\Sirus\_client\World of Warcraft Sirus\Risen_Depths_Extract_2026-10-04\MapFiles\ByArchive\patch-c.mpq\World\Maps\Sirus2\Sirus2_36_30.adt
patch-c.mpq,World\Maps\Sirus2\Sirus2_28_31.adt,1709272,208164,0x80010200,9ABD444963D09A1EA019DEAEDE0FE462946C6938,D:\Sirus\_client\World of Warcraft Sirus\Risen_Depths_Extract_2026-10-04\MapFiles\ByArchive\patch-c.mpq\World\Maps\Sirus2\Sirus2_28_31.adt
patch-c.mpq,World\Maps\Sirus2\Sirus2_29_31.adt,2173643,417910,0x80010200,B819BD51335857AA1F66E0E385416086201305DE,D:\Sirus\_client\World of Warcraft Sirus\Risen_Depths_Extract_2026-10-04\MapFiles\ByArchive\patch-c.mpq\World\Maps\Sirus2\Sirus2_29_31.adt
patch-c.mpq,World\Maps\Sirus2\Sirus2_30_31.adt,1937291,615892,0x80010200,32E5C19050564A322DB8B400ECC3A1367A03C16F,D:\Sirus\_client\World of Warcraft Sirus\Risen_Depths_Extract_2026-10-04\MapFiles\ByArchive\patch-c.mpq\World\Maps\Sirus2\Sirus2_30_31.adt
patch-c.mpq,World\Maps\Sirus2\Sirus2_31_31.adt,1998089,814704,0x80010200,3B69E0E96BFCAB3C275D4B02FAECAAAE4C9359E5,D:\Sirus\_client\World of Warcraft Sirus\Risen_Depths_Extract_2026-10-04\MapFiles\ByArchive\patch-c.mpq\World\Maps\Sirus2\Sirus2_31_31.adt
patch-c.mpq,World\Maps\Sirus2\Sirus2_32_31.adt,1950043,850351,0x80010200,48216CB1E6E81DA220194422448B8014D46F33DA,D:\Sirus\_client\World of Warcraft Sirus\Risen_Depths_Extract_2026-10-04\MapFiles\ByArchive\patch-c.mpq\World\Maps\Sirus2\Sirus2_32_31.adt
patch-c.mpq,World\Maps\Sirus2\Sirus2_33_31.adt,1851833,790184,0x80010200,327A304E7B638617CFE727549BF37238024C5263,D:\Sirus\_client\World of Warcraft Sirus\Risen_Depths_Extract_2026-10-04\MapFiles\ByArchive\patch-c.mpq\World\Maps\Sirus2\Sirus2_33_31.adt
patch-c.mpq,World\Maps\Sirus2\Sirus2_34_31.adt,2157242,419479,0x80010200,CD05BF5C9D259CF01C0B83A66052300EAEDBEABF,D:\Sirus\_client\World of Warcraft Sirus\Risen_Depths_Extract_2026-10-04\MapFiles\ByArchive\patch-c.mpq\World\Maps\Sirus2\Sirus2_34_31.adt
patch-c.mpq,World\Maps\Sirus2\Sirus2_35_31.adt,2173646,442917,0x80010200,BFA90D65B970C73EEAFF9EF87C2774F799947932,D:\Sirus\_client\World of Warcraft Sirus\Risen_Depths_Extract_2026-10-04\MapFiles\ByArchive\patch-c.mpq\World\Maps\Sirus2\Sirus2_35_31.adt
patch-c.mpq,World\Maps\Sirus2\Sirus2_36_31.adt,1717528,205733,0x80010200,D6B51F721BBC29D8C33AB920C23516783312C9BB,D:\Sirus\_client\World of Warcraft Sirus\Risen_Depths_Extract_2026-10-04\MapFiles\ByArchive\patch-c.mpq\World\Maps\Sirus2\Sirus2_36_31.adt
patch-c.mpq,World\Maps\Sirus2\Sirus2_28_32.adt,1707208,230487,0x80010200,B27066BC802835BC6C39A533BEDCD657D7A6D7D5,D:\Sirus\_client\World of Warcraft Sirus\Risen_Depths_Extract_2026-10-04\MapFiles\ByArchive\patch-c.mpq\World\Maps\Sirus2\Sirus2_28_32.adt
patch-c.mpq,World\Maps\Sirus2\Sirus2_29_32.adt,2173646,433056,0x80010200,B4923184ECBBD64AD330E72EB9578815C79FE5FF,D:\Sirus\_client\World of Warcraft Sirus\Risen_Depths_Extract_2026-10-04\MapFiles\ByArchive\patch-c.mpq\World\Maps\Sirus2\Sirus2_29_32.adt
patch-c.mpq,World\Maps\Sirus2\Sirus2_30_32.adt,2022299,539438,0x80010200,F4FEB4DCCEB963604BDA817CD13FCC1DE93CA960,D:\Sirus\_client\World of Warcraft Sirus\Risen_Depths_Extract_2026-10-04\MapFiles\ByArchive\patch-c.mpq\World\Maps\Sirus2\Sirus2_30_32.adt
patch-c.mpq,World\Maps\Sirus2\Sirus2_31_32.adt,1998135,914572,0x80010200,C42520D30A4FFEB2FDCDC3D7E9E77786CE8865D8,D:\Sirus\_client\World of Warcraft Sirus\Risen_Depths_Extract_2026-10-04\MapFiles\ByArchive\patch-c.mpq\World\Maps\Sirus2\Sirus2_31_32.adt
patch-c.mpq,World\Maps\Sirus2\Sirus2_32_32.adt,1915384,911004,0x80010200,A9E1335AB004EF05CF9E70D4462B015B110BE9DD,D:\Sirus\_client\World of Warcraft Sirus\Risen_Depths_Extract_2026-10-04\MapFiles\ByArchive\patch-c.mpq\World\Maps\Sirus2\Sirus2_32_32.adt
patch-c.mpq,World\Maps\Sirus2\Sirus2_33_32.adt,1953175,811101,0x80010200,822A40D45508A5E4B1896B52293A83663485E1D8,D:\Sirus\_client\World of Warcraft Sirus\Risen_Depths_Extract_2026-10-04\MapFiles\ByArchive\patch-c.mpq\World\Maps\Sirus2\Sirus2_33_32.adt
patch-c.mpq,World\Maps\Sirus2\Sirus2_34_32.adt,2173643,329693,0x80010200,934B52489BB969F005BE22B48170F05C6A4B8898,D:\Sirus\_client\World of Warcraft Sirus\Risen_Depths_Extract_2026-10-04\MapFiles\ByArchive\patch-c.mpq\World\Maps\Sirus2\Sirus2_34_32.adt
patch-c.mpq,World\Maps\Sirus2\Sirus2_35_32.adt,2173646,445179,0x80010200,3B8BBC246B0C7B8AA493908760AE58129B463A67,D:\Sirus\_client\World of Warcraft Sirus\Risen_Depths_Extract_2026-10-04\MapFiles\ByArchive\patch-c.mpq\World\Maps\Sirus2\Sirus2_35_32.adt
patch-c.mpq,World\Maps\Sirus2\Sirus2_36_32.adt,1727848,237865,0x80010200,E9C673D06FE9F31B99E71DE9F1362090FA7B4CCC,D:\Sirus\_client\World of Warcraft Sirus\Risen_Depths_Extract_2026-10-04\MapFiles\ByArchive\patch-c.mpq\World\Maps\Sirus2\Sirus2_36_32.adt
patch-c.mpq,World\Maps\Sirus2\Sirus2_28_33.adt,1744360,228934,0x80010200,2F0B72097A4D7B2DD5262813330545A038F7DBD1,D:\Sirus\_client\World of Warcraft Sirus\Risen_Depths_Extract_2026-10-04\MapFiles\ByArchive\patch-c.mpq\World\Maps\Sirus2\Sirus2_28_33.adt
patch-c.mpq,World\Maps\Sirus2\Sirus2_29_33.adt,2173646,429982,0x80010200,CC1844A555D0D54257A34C7EB1FFF14B34996459,D:\Sirus\_client\World of Warcraft Sirus\Risen_Depths_Extract_2026-10-04\MapFiles\ByArchive\patch-c.mpq\World\Maps\Sirus2\Sirus2_29_33.adt
patch-c.mpq,World\Maps\Sirus2\Sirus2_30_33.adt,2137950,421663,0x80010200,4DB2C61722733D01A1B08B7D6F654DAEC023909A,D:\Sirus\_client\World of Warcraft Sirus\Risen_Depths_Extract_2026-10-04\MapFiles\ByArchive\patch-c.mpq\World\Maps\Sirus2\Sirus2_30_33.adt
patch-c.mpq,World\Maps\Sirus2\Sirus2_31_33.adt,1913226,646887,0x80010200,14C4FF4F47BB76D7CA91D880EFC88BB4445E967F,D:\Sirus\_client\World of Warcraft Sirus\Risen_Depths_Extract_2026-10-04\MapFiles\ByArchive\patch-c.mpq\World\Maps\Sirus2\Sirus2_31_33.adt
patch-c.mpq,World\Maps\Sirus2\Sirus2_32_33.adt,1869581,767241,0x80010200,45580935A77697DA694467803DE8A574E7F4C457,D:\Sirus\_client\World of Warcraft Sirus\Risen_Depths_Extract_2026-10-04\MapFiles\ByArchive\patch-c.mpq\World\Maps\Sirus2\Sirus2_32_33.adt
patch-c.mpq,World\Maps\Sirus2\Sirus2_33_33.adt,1725414,751256,0x80010200,D42CCA3ABF8657267C2887AF12EBB2DB1708856D,D:\Sirus\_client\World of Warcraft Sirus\Risen_Depths_Extract_2026-10-04\MapFiles\ByArchive\patch-c.mpq\World\Maps\Sirus2\Sirus2_33_33.adt
patch-c.mpq,World\Maps\Sirus2\Sirus2_34_33.adt,1909600,513247,0x80010200,4E40313677FBD12A56551315AEF54D549B191FE7,D:\Sirus\_client\World of Warcraft Sirus\Risen_Depths_Extract_2026-10-04\MapFiles\ByArchive\patch-c.mpq\World\Maps\Sirus2\Sirus2_34_33.adt
patch-c.mpq,World\Maps\Sirus2\Sirus2_35_33.adt,2173646,435792,0x80010200,A02D5706688B8516B4A417AB0062BE2CBD21F940,D:\Sirus\_client\World of Warcraft Sirus\Risen_Depths_Extract_2026-10-04\MapFiles\ByArchive\patch-c.mpq\World\Maps\Sirus2\Sirus2_35_33.adt
patch-c.mpq,World\Maps\Sirus2\Sirus2_36_33.adt,1727848,278961,0x80010200,2D9EE23CD3847D8BC913040A1B01E1D9E6473719,D:\Sirus\_client\World of Warcraft Sirus\Risen_Depths_Extract_2026-10-04\MapFiles\ByArchive\patch-c.mpq\World\Maps\Sirus2\Sirus2_36_33.adt
patch-c.mpq,World\Maps\Sirus2\Sirus2_28_34.adt,1721656,281656,0x80010200,10B590EE8111BC400BC9E512296A6768F0BACB84,D:\Sirus\_client\World of Warcraft Sirus\Risen_Depths_Extract_2026-10-04\MapFiles\ByArchive\patch-c.mpq\World\Maps\Sirus2\Sirus2_28_34.adt
patch-c.mpq,World\Maps\Sirus2\Sirus2_29_34.adt,2171608,436726,0x80010200,D757D3992E75941487EB21B4C369A9C7C8206383,D:\Sirus\_client\World of Warcraft Sirus\Risen_Depths_Extract_2026-10-04\MapFiles\ByArchive\patch-c.mpq\World\Maps\Sirus2\Sirus2_29_34.adt
patch-c.mpq,World\Maps\Sirus2\Sirus2_30_34.adt,2173643,434574,0x80010200,81EECF71DD0117E4961D6CEA8CD5B0FDEA78A151,D:\Sirus\_client\World of Warcraft Sirus\Risen_Depths_Extract_2026-10-04\MapFiles\ByArchive\patch-c.mpq\World\Maps\Sirus2\Sirus2_30_34.adt
patch-c.mpq,World\Maps\Sirus2\Sirus2_31_34.adt,2147330,423459,0x80010200,393E6DF651A02FF5BA34F10581E41DA09E43C568,D:\Sirus\_client\World of Warcraft Sirus\Risen_Depths_Extract_2026-10-04\MapFiles\ByArchive\patch-c.mpq\World\Maps\Sirus2\Sirus2_31_34.adt
patch-c.mpq,World\Maps\Sirus2\Sirus2_32_34.adt,2170520,413494,0x80010200,3CE1B7F1DC7ECA0DC4E371A83E557326D1CAC57B,D:\Sirus\_client\World of Warcraft Sirus\Risen_Depths_Extract_2026-10-04\MapFiles\ByArchive\patch-c.mpq\World\Maps\Sirus2\Sirus2_32_34.adt
patch-c.mpq,World\Maps\Sirus2\Sirus2_33_34.adt,2090076,477907,0x80010200,CD60027850E840A40104730BEA9639AB826C77CA,D:\Sirus\_client\World of Warcraft Sirus\Risen_Depths_Extract_2026-10-04\MapFiles\ByArchive\patch-c.mpq\World\Maps\Sirus2\Sirus2_33_34.adt
patch-c.mpq,World\Maps\Sirus2\Sirus2_34_34.adt,1881396,574750,0x80010200,DF1B531F02891BECAC6F07D8F220FBA7907EED75,D:\Sirus\_client\World of Warcraft Sirus\Risen_Depths_Extract_2026-10-04\MapFiles\ByArchive\patch-c.mpq\World\Maps\Sirus2\Sirus2_34_34.adt
patch-c.mpq,World\Maps\Sirus2\Sirus2_35_34.adt,2173646,445341,0x80010200,EBCAC636B08A517F635785D4441EE5E2937456BB,D:\Sirus\_client\World of Warcraft Sirus\Risen_Depths_Extract_2026-10-04\MapFiles\ByArchive\patch-c.mpq\World\Maps\Sirus2\Sirus2_35_34.adt
patch-c.mpq,World\Maps\Sirus2\Sirus2_36_34.adt,1703080,228186,0x80010200,3C200A3F0E262233F2C7F6F7EF879ED23F7CC7E5,D:\Sirus\_client\World of Warcraft Sirus\Risen_Depths_Extract_2026-10-04\MapFiles\ByArchive\patch-c.mpq\World\Maps\Sirus2\Sirus2_36_34.adt
patch-c.mpq,World\Maps\Sirus2\Sirus2_28_35.adt,1636941,253935,0x80010200,F2D8653A7A36E4B0A01C4CE780DF225148F732FC,D:\Sirus\_client\World of Warcraft Sirus\Risen_Depths_Extract_2026-10-04\MapFiles\ByArchive\patch-c.mpq\World\Maps\Sirus2\Sirus2_28_35.adt
patch-c.mpq,World\Maps\Sirus2\Sirus2_29_35.adt,1806280,406245,0x80010200,B50909A5E90FB429AFA6A4E74EFB1003D043B59D,D:\Sirus\_client\World of Warcraft Sirus\Risen_Depths_Extract_2026-10-04\MapFiles\ByArchive\patch-c.mpq\World\Maps\Sirus2\Sirus2_29_35.adt
patch-c.mpq,World\Maps\Sirus2\Sirus2_30_35.adt,2014744,426460,0x80010200,6A8B519050B41B4D64C6E9C16053D88D03F10936,D:\Sirus\_client\World of Warcraft Sirus\Risen_Depths_Extract_2026-10-04\MapFiles\ByArchive\patch-c.mpq\World\Maps\Sirus2\Sirus2_30_35.adt
patch-c.mpq,World\Maps\Sirus2\Sirus2_31_35.adt,2027128,422918,0x80010200,938B1333C84E3F7A335691860A6243F9BAC6268A,D:\Sirus\_client\World of Warcraft Sirus\Risen_Depths_Extract_2026-10-04\MapFiles\ByArchive\patch-c.mpq\World\Maps\Sirus2\Sirus2_31_35.adt
patch-c.mpq,World\Maps\Sirus2\Sirus2_32_35.adt,2072536,433752,0x80010200,17568AEE157F4FF6133EDF8BDE53CD9D7D15B76D,D:\Sirus\_client\World of Warcraft Sirus\Risen_Depths_Extract_2026-10-04\MapFiles\ByArchive\patch-c.mpq\World\Maps\Sirus2\Sirus2_32_35.adt
patch-c.mpq,World\Maps\Sirus2\Sirus2_33_35.adt,2146840,443190,0x80010200,D3B3F4A56506189A8D78065751DF51424CF1CA4B,D:\Sirus\_client\World of Warcraft Sirus\Risen_Depths_Extract_2026-10-04\MapFiles\ByArchive\patch-c.mpq\World\Maps\Sirus2\Sirus2_33_35.adt
patch-c.mpq,World\Maps\Sirus2\Sirus2_34_35.adt,2173643,448009,0x80010200,0AE6D575AA4B49FEC39849C2EF8D8B46399CD21B,D:\Sirus\_client\World of Warcraft Sirus\Risen_Depths_Extract_2026-10-04\MapFiles\ByArchive\patch-c.mpq\World\Maps\Sirus2\Sirus2_34_35.adt
patch-c.mpq,World\Maps\Sirus2\Sirus2_35_35.adt,2029192,432962,0x80010200,718065C66FA9BCABEDFBCDDDD0F4C5C96F0FB25C,D:\Sirus\_client\World of Warcraft Sirus\Risen_Depths_Extract_2026-10-04\MapFiles\ByArchive\patch-c.mpq\World\Maps\Sirus2\Sirus2_35_35.adt
patch-c.mpq,World\Maps\Sirus2\Sirus2_36_35.adt,1651480,220545,0x80010200,D3898D112EE0DC0828705CB21896E12419923615,D:\Sirus\_client\World of Warcraft Sirus\Risen_Depths_Extract_2026-10-04\MapFiles\ByArchive\patch-c.mpq\World\Maps\Sirus2\Sirus2_36_35.adt
patch-c.mpq,World\Maps\Sirus2\Sirus2_28_36.adt,1636941,257111,0x80010200,B6DC1A662F6507C2AF95C3BB323148CE7A48C5A7,D:\Sirus\_client\World of Warcraft Sirus\Risen_Depths_Extract_2026-10-04\MapFiles\ByArchive\patch-c.mpq\World\Maps\Sirus2\Sirus2_28_36.adt
patch-c.mpq,World\Maps\Sirus2\Sirus2_29_36.adt,1636957,267332,0x80010200,664B0869B228C72E4A50DAAC1975DDCF6C7A1E50,D:\Sirus\_client\World of Warcraft Sirus\Risen_Depths_Extract_2026-10-04\MapFiles\ByArchive\patch-c.mpq\World\Maps\Sirus2\Sirus2_29_36.adt
patch-c.mpq,World\Maps\Sirus2\Sirus2_30_36.adt,1634877,184629,0x80010200,2F1C5655B849CA9D2F8469D2DD8259EE1E3CA984,D:\Sirus\_client\World of Warcraft Sirus\Risen_Depths_Extract_2026-10-04\MapFiles\ByArchive\patch-c.mpq\World\Maps\Sirus2\Sirus2_30_36.adt
patch-c.mpq,World\Maps\Sirus2\Sirus2_31_36.adt,1636941,232402,0x80010200,A8E1E73ADAAE8A117CDC70C9BA1892A8D1E87BCC,D:\Sirus\_client\World of Warcraft Sirus\Risen_Depths_Extract_2026-10-04\MapFiles\ByArchive\patch-c.mpq\World\Maps\Sirus2\Sirus2_31_36.adt
patch-c.mpq,World\Maps\Sirus2\Sirus2_32_36.adt,1636941,196823,0x80010200,58C664ACB9EA8F8FC1B42B2FE36D028765218494,D:\Sirus\_client\World of Warcraft Sirus\Risen_Depths_Extract_2026-10-04\MapFiles\ByArchive\patch-c.mpq\World\Maps\Sirus2\Sirus2_32_36.adt
patch-c.mpq,World\Maps\Sirus2\Sirus2_33_36.adt,1632813,189882,0x80010200,9A74AB43BB6CCAC67833FE110C24B363B94EB4F6,D:\Sirus\_client\World of Warcraft Sirus\Risen_Depths_Extract_2026-10-04\MapFiles\ByArchive\patch-c.mpq\World\Maps\Sirus2\Sirus2_33_36.adt
patch-c.mpq,World\Maps\Sirus2\Sirus2_34_36.adt,1678312,234492,0x80010200,CB6A22FA917B2356F158C7A355FEEEBEF05A9AFA,D:\Sirus\_client\World of Warcraft Sirus\Risen_Depths_Extract_2026-10-04\MapFiles\ByArchive\patch-c.mpq\World\Maps\Sirus2\Sirus2_34_36.adt
patch-c.mpq,World\Maps\Sirus2\Sirus2_35_36.adt,1645288,192769,0x80010200,BFB97C210128D6FE8712AD3ACD6F36A1DAA0A6ED,D:\Sirus\_client\World of Warcraft Sirus\Risen_Depths_Extract_2026-10-04\MapFiles\ByArchive\patch-c.mpq\World\Maps\Sirus2\Sirus2_35_36.adt
patch-c.mpq,World\Maps\Sirus2\Sirus2_36_36.adt,1636941,167001,0x80010200,FBC7FA63224297D1B5B7AB9BEE410BB49B0CD0FA,D:\Sirus\_client\World of Warcraft Sirus\Risen_Depths_Extract_2026-10-04\MapFiles\ByArchive\patch-c.mpq\World\Maps\Sirus2\Sirus2_36_36.adt
patch-d.mpq,World\Maps\Sirus2\Sirus2_32_31.adt,1950043,850352,0x80010200,6BA6F0D4E79B6FD798FAADDEAF92A94190334237,D:\Sirus\_client\World of Warcraft Sirus\Risen_Depths_Extract_2026-10-04\MapFiles\ByArchive\patch-d.mpq\World\Maps\Sirus2\Sirus2_32_31.adt
patch-d.mpq,World\Maps\Sirus2\Sirus2_33_31.adt,1851833,790185,0x80010200,71F8AAA06088089986E1D38B6360063D82D60D61,D:\Sirus\_client\World of Warcraft Sirus\Risen_Depths_Extract_2026-10-04\MapFiles\ByArchive\patch-d.mpq\World\Maps\Sirus2\Sirus2_33_31.adt
patch-d.mpq,World\Maps\Sirus2\Sirus2_31_32.adt,1998135,914572,0x80010200,C42520D30A4FFEB2FDCDC3D7E9E77786CE8865D8,D:\Sirus\_client\World of Warcraft Sirus\Risen_Depths_Extract_2026-10-04\MapFiles\ByArchive\patch-d.mpq\World\Maps\Sirus2\Sirus2_31_32.adt
patch-e.mpq,World\Maps\Sirus2\Sirus2_31_30.adt,1779737,483393,0x80010200,CC06B13625034F17A2D7EE03D09A52C2C72A3333,D:\Sirus\_client\World of Warcraft Sirus\Risen_Depths_Extract_2026-10-04\MapFiles\ByArchive\patch-e.mpq\World\Maps\Sirus2\Sirus2_31_30.adt
patch-e.mpq,World\Maps\Sirus2\Sirus2_32_30.adt,1996114,487025,0x80010200,0704C0F7C06B626B332D59D356FB61C6F31FCFA0,D:\Sirus\_client\World of Warcraft Sirus\Risen_Depths_Extract_2026-10-04\MapFiles\ByArchive\patch-e.mpq\World\Maps\Sirus2\Sirus2_32_30.adt
patch-e.mpq,World\Maps\Sirus2\Sirus2_33_30.adt,2057460,526439,0x80010200,4D8B385FCB56CB2C4346574FA15A1C3CA59ACFD7,D:\Sirus\_client\World of Warcraft Sirus\Risen_Depths_Extract_2026-10-04\MapFiles\ByArchive\patch-e.mpq\World\Maps\Sirus2\Sirus2_33_30.adt
patch-e.mpq,World\Maps\Sirus2\Sirus2_34_30.adt,2173662,429077,0x80010200,9F9CEBFBC97259D67110EBEE213AE83722E926B1,D:\Sirus\_client\World of Warcraft Sirus\Risen_Depths_Extract_2026-10-04\MapFiles\ByArchive\patch-e.mpq\World\Maps\Sirus2\Sirus2_34_30.adt
patch-e.mpq,World\Maps\Sirus2\Sirus2_31_31.adt,1997633,815470,0x80010200,80167890839CC21CBFF2DEF8866577AC48CB5C70,D:\Sirus\_client\World of Warcraft Sirus\Risen_Depths_Extract_2026-10-04\MapFiles\ByArchive\patch-e.mpq\World\Maps\Sirus2\Sirus2_31_31.adt
patch-e.mpq,World\Maps\Sirus2\Sirus2_32_31.adt,1950043,850163,0x80010200,067709EBFBFF5F622A8632139E7708D1AC2147A9,D:\Sirus\_client\World of Warcraft Sirus\Risen_Depths_Extract_2026-10-04\MapFiles\ByArchive\patch-e.mpq\World\Maps\Sirus2\Sirus2_32_31.adt
patch-e.mpq,World\Maps\Sirus2\Sirus2_33_31.adt,1851833,790165,0x80010200,7D0F0614110AA75DCAFB7BB60F10376148C756BB,D:\Sirus\_client\World of Warcraft Sirus\Risen_Depths_Extract_2026-10-04\MapFiles\ByArchive\patch-e.mpq\World\Maps\Sirus2\Sirus2_33_31.adt
patch-e.mpq,World\Maps\Sirus2\Sirus2_34_31.adt,2157242,419479,0x80010200,CD05BF5C9D259CF01C0B83A66052300EAEDBEABF,D:\Sirus\_client\World of Warcraft Sirus\Risen_Depths_Extract_2026-10-04\MapFiles\ByArchive\patch-e.mpq\World\Maps\Sirus2\Sirus2_34_31.adt
patch-e.mpq,World\Maps\Sirus2\Sirus2_31_32.adt,2000930,918202,0x80010200,9272AB5889E6EA155B978C162EE9B7B9816017FC,D:\Sirus\_client\World of Warcraft Sirus\Risen_Depths_Extract_2026-10-04\MapFiles\ByArchive\patch-e.mpq\World\Maps\Sirus2\Sirus2_31_32.adt
patch-e.mpq,World\Maps\Sirus2\Sirus2_32_32.adt,1943232,911196,0x80010200,1D76AF54D9292502D86539F9B0A788B00B17E232,D:\Sirus\_client\World of Warcraft Sirus\Risen_Depths_Extract_2026-10-04\MapFiles\ByArchive\patch-e.mpq\World\Maps\Sirus2\Sirus2_32_32.adt
patch-e.mpq,World\Maps\Sirus2\Sirus2_33_32.adt,1955175,811926,0x80010200,15D7971E1389A54F1BECF9C9E13A8D8E8AB5883A,D:\Sirus\_client\World of Warcraft Sirus\Risen_Depths_Extract_2026-10-04\MapFiles\ByArchive\patch-e.mpq\World\Maps\Sirus2\Sirus2_33_32.adt
patch-e.mpq,World\Maps\Sirus2\Sirus2_34_32.adt,2173643,329693,0x80010200,934B52489BB969F005BE22B48170F05C6A4B8898,D:\Sirus\_client\World of Warcraft Sirus\Risen_Depths_Extract_2026-10-04\MapFiles\ByArchive\patch-e.mpq\World\Maps\Sirus2\Sirus2_34_32.adt
patch-e.mpq,World\Maps\Sirus2\Sirus2_31_33.adt,1913082,646948,0x80010200,7E20DA260BEEF1E68D2BE0E37D5D28303874D872,D:\Sirus\_client\World of Warcraft Sirus\Risen_Depths_Extract_2026-10-04\MapFiles\ByArchive\patch-e.mpq\World\Maps\Sirus2\Sirus2_31_33.adt
patch-e.mpq,World\Maps\Sirus2\Sirus2_32_33.adt,1869581,767241,0x80010200,45580935A77697DA694467803DE8A574E7F4C457,D:\Sirus\_client\World of Warcraft Sirus\Risen_Depths_Extract_2026-10-04\MapFiles\ByArchive\patch-e.mpq\World\Maps\Sirus2\Sirus2_32_33.adt
patch-e.mpq,World\Maps\Sirus2\Sirus2_33_33.adt,1724694,751387,0x80010200,ED066025D0AC9104639CDBD8CBE8E60C8C043285,D:\Sirus\_client\World of Warcraft Sirus\Risen_Depths_Extract_2026-10-04\MapFiles\ByArchive\patch-e.mpq\World\Maps\Sirus2\Sirus2_33_33.adt
patch-e.mpq,World\Maps\Sirus2\Sirus2_34_33.adt,1909432,513032,0x80010200,89EB96B1EF514C56F8DA85C9E7BC77C3FF190C56,D:\Sirus\_client\World of Warcraft Sirus\Risen_Depths_Extract_2026-10-04\MapFiles\ByArchive\patch-e.mpq\World\Maps\Sirus2\Sirus2_34_33.adt
patch-j.mpq,World\Maps\Sirus2\Sirus2.wdl,111198,35472,0x80010200,781D642DE1D4BFA412901648D28558D3317F8DE0,D:\Sirus\_client\World of Warcraft Sirus\Risen_Depths_Extract_2026-10-04\MapFiles\ByArchive\patch-j.mpq\World\Maps\Sirus2\Sirus2.wdl
