Archive,MPQPath,Size,SHA1,OutputPath
ruRU/patch-ruRU-f.mpq,Interface\WorldMap\RisingDepths\RisingDepths1.blp,44876,04CC5F8BF84678A816D03F650924A77ABFDC48BB,D:\Sirus\_client\World of Warcraft Sirus\Risen_Depths_Extract_2026-10-04\WorldMapArt\ByArchive\ruRU\patch-ruRU-f.mpq\Interface\WorldMap\RisingDepths\RisingDepths1.blp
ruRU/patch-ruRU-f.mpq,Interface\WorldMap\RisingDepths\RisingDepths2.blp,44876,0F73DDE9B696014609F1BE91B0F160C7C47CE66A,D:\Sirus\_client\World of Warcraft Sirus\Risen_Depths_Extract_2026-10-04\WorldMapArt\ByArchive\ruRU\patch-ruRU-f.mpq\Interface\WorldMap\RisingDepths\RisingDepths2.blp
ruRU/patch-ruRU-f.mpq,Interface\WorldMap\RisingDepths\RisingDepths3.blp,44876,9BAC979F63D83233B8AD75816390510AB3699BE4,D:\Sirus\_client\World of Warcraft Sirus\Risen_Depths_Extract_2026-10-04\WorldMapArt\ByArchive\ruRU\patch-ruRU-f.mpq\Interface\WorldMap\RisingDepths\RisingDepths3.blp
ruRU/patch-ruRU-f.mpq,Interface\WorldMap\RisingDepths\RisingDepths4.blp,88580,52F466B06379E13784795524F43DF333CEA5F74C,D:\Sirus\_client\World of Warcraft Sirus\Risen_Depths_Extract_2026-10-04\WorldMapArt\ByArchive\ruRU\patch-ruRU-f.mpq\Interface\WorldMap\RisingDepths\RisingDepths4.blp
ruRU/patch-ruRU-f.mpq,Interface\WorldMap\RisingDepths\RisingDepths5.blp,44876,9274170149441126536298D91184A1F5E9471BDF,D:\Sirus\_client\World of Warcraft Sirus\Risen_Depths_Extract_2026-10-04\WorldMapArt\ByArchive\ruRU\patch-ruRU-f.mpq\Interface\WorldMap\RisingDepths\RisingDepths5.blp
ruRU/patch-ruRU-f.mpq,Interface\WorldMap\RisingDepths\RisingDepths6.blp,44876,D8B63A12FB0979BBDCD3FDEB19BE3F439C36AD40,D:\Sirus\_client\World of Warcraft Sirus\Risen_Depths_Extract_2026-10-04\WorldMapArt\ByArchive\ruRU\patch-ruRU-f.mpq\Interface\WorldMap\RisingDepths\RisingDepths6.blp
ruRU/patch-ruRU-f.mpq,Interface\WorldMap\RisingDepths\RisingDepths7.blp,44876,5910C93D6518D10472342A4796909AED1264C94F,D:\Sirus\_client\World of Warcraft Sirus\Risen_Depths_Extract_2026-10-04\WorldMapArt\ByArchive\ruRU\patch-ruRU-f.mpq\Interface\WorldMap\RisingDepths\RisingDepths7.blp
ruRU/patch-ruRU-f.mpq,Interface\WorldMap\RisingDepths\RisingDepths8.blp,88580,B892860283C5F3DF1C00482068E7D1CE8CF2EC49,D:\Sirus\_client\World of Warcraft Sirus\Risen_Depths_Extract_2026-10-04\WorldMapArt\ByArchive\ruRU\patch-ruRU-f.mpq\Interface\WorldMap\RisingDepths\RisingDepths8.blp
ruRU/patch-ruRU-f.mpq,Interface\WorldMap\RisingDepths\RisingDepths9.blp,88580,79938A7F36C89923A8E29C220D0D44C9B890D585,D:\Sirus\_client\World of Warcraft Sirus\Risen_Depths_Extract_2026-10-04\WorldMapArt\ByArchive\ruRU\patch-ruRU-f.mpq\Interface\WorldMap\RisingDepths\RisingDepths9.blp
ruRU/patch-ruRU-f.mpq,Interface\WorldMap\RisingDepths\RisingDepths10.blp,88580,8F2EF106B4CD8CE458E2362C9363A90BF5C0CE35,D:\Sirus\_client\World of Warcraft Sirus\Risen_Depths_Extract_2026-10-04\WorldMapArt\ByArchive\ruRU\patch-ruRU-f.mpq\Interface\WorldMap\RisingDepths\RisingDepths10.blp
ruRU/patch-ruRU-f.mpq,Interface\WorldMap\RisingDepths\RisingDepths11.blp,88580,573AC9AB60E0EBDF8C3DB4C8A496E35E0A66D794,D:\Sirus\_client\World of Warcraft Sirus\Risen_Depths_Extract_2026-10-04\WorldMapArt\ByArchive\ruRU\patch-ruRU-f.mpq\Interface\WorldMap\RisingDepths\RisingDepths11.blp
ruRU/patch-ruRU-f.mpq,Interface\WorldMap\RisingDepths\RisingDepths12.blp,88580,7DDC61BE8C9FFFC9D990361FD2F5E0B716B107D3,D:\Sirus\_client\World of Warcraft Sirus\Risen_Depths_Extract_2026-10-04\WorldMapArt\ByArchive\ruRU\patch-ruRU-f.mpq\Interface\WorldMap\RisingDepths\RisingDepths12.blp
ruRU/patch-ruRU-f.mpq,Interface\WorldMap\RisingDepths\RisingDepthsHighlight.blp,175948,81C3D73BB7C6098C371F6525569778C38CDD1F42,D:\Sirus\_client\World of Warcraft Sirus\Risen_Depths_Extract_2026-10-04\WorldMapArt\ByArchive\ruRU\patch-ruRU-f.mpq\Interface\WorldMap\RisingDepths\RisingDepthsHighlight.blp
ruRU/patch-ruRU-f.mpq,Interface\WorldMap\RisingDepths\FLOODEDRUINS1.blp,88580,AC32F9848B0BF3807759FB98C96A27C7C7C96562,D:\Sirus\_client\World of Warcraft Sirus\Risen_Depths_Extract_2026-10-04\WorldMapArt\ByArchive\ruRU\patch-ruRU-f.mpq\Interface\WorldMap\RisingDepths\FLOODEDRUINS1.blp
ruRU/patch-ruRU-f.mpq,Interface\WorldMap\RisingDepths\FLOODEDRUINS2.blp,88580,F184DD7FE2E4193B2A908735870449A06130A33E,D:\Sirus\_client\World of Warcraft Sirus\Risen_Depths_Extract_2026-10-04\WorldMapArt\ByArchive\ruRU\patch-ruRU-f.mpq\Interface\WorldMap\RisingDepths\FLOODEDRUINS2.blp
ruRU/patch-ruRU-f.mpq,Interface\WorldMap\RisingDepths\FLOODEDRUINS3.blp,88580,20F172D8E2A379520FB8A5328F890B968E5EE9DC,D:\Sirus\_client\World of Warcraft Sirus\Risen_Depths_Extract_2026-10-04\WorldMapArt\ByArchive\ruRU\patch-ruRU-f.mpq\Interface\WorldMap\RisingDepths\FLOODEDRUINS3.blp
ruRU/patch-ruRU-f.mpq,Interface\WorldMap\RisingDepths\FLOODEDRUINS4.blp,88580,415FA5F7C8561D93367FB380A3C1DD0F6BDF08A0,D:\Sirus\_client\World of Warcraft Sirus\Risen_Depths_Extract_2026-10-04\WorldMapArt\ByArchive\ruRU\patch-ruRU-f.mpq\Interface\WorldMap\RisingDepths\FLOODEDRUINS4.blp
ruRU/patch-ruRU-f.mpq,Interface\WorldMap\RisingDepths\PEARLFINLANDS1.blp,88580,EAFB0DE049E97CC9A2BFF8FF5DE90C752CDE9449,D:\Sirus\_client\World of Warcraft Sirus\Risen_Depths_Extract_2026-10-04\WorldMapArt\ByArchive\ruRU\patch-ruRU-f.mpq\Interface\WorldMap\RisingDepths\PEARLFINLANDS1.blp
ruRU/patch-ruRU-f.mpq,Interface\WorldMap\RisingDepths\PEARLFINLANDS2.blp,88580,B157F5C1A0294C1894DCDF6065EE85C08ACB656E,D:\Sirus\_client\World of Warcraft Sirus\Risen_Depths_Extract_2026-10-04\WorldMapArt\ByArchive\ruRU\patch-ruRU-f.mpq\Interface\WorldMap\RisingDepths\PEARLFINLANDS2.blp
ruRU/patch-ruRU-f.mpq,Interface\WorldMap\RisingDepths\RUSTYGORGE1.blp,88580,9B7830E807428C50DFCEC73E4CDA2A8614C711BF,D:\Sirus\_client\World of Warcraft Sirus\Risen_Depths_Extract_2026-10-04\WorldMapArt\ByArchive\ruRU\patch-ruRU-f.mpq\Interface\WorldMap\RisingDepths\RUSTYGORGE1.blp
ruRU/patch-ruRU-f.mpq,Interface\WorldMap\RisingDepths\RUSTYGORGE2.blp,88580,530368842FFC956FA04471D48D191CE8F7633FD7,D:\Sirus\_client\World of Warcraft Sirus\Risen_Depths_Extract_2026-10-04\WorldMapArt\ByArchive\ruRU\patch-ruRU-f.mpq\Interface\WorldMap\RisingDepths\RUSTYGORGE2.blp
ruRU/patch-ruRU-f.mpq,Interface\WorldMap\RisingDepths\MURLOCSPAWNINGGROUND1.blp,88580,9F93D59CB3FE6E72D091354A342A4A04C335FF51,D:\Sirus\_client\World of Warcraft Sirus\Risen_Depths_Extract_2026-10-04\WorldMapArt\ByArchive\ruRU\patch-ruRU-f.mpq\Interface\WorldMap\RisingDepths\MURLOCSPAWNINGGROUND1.blp
ruRU/patch-ruRU-f.mpq,Interface\WorldMap\RisingDepths\MURLOCSPAWNINGGROUND2.blp,88580,9E9C8BE2B1EAB5A8913828B5D0C83490A9148222,D:\Sirus\_client\World of Warcraft Sirus\Risen_Depths_Extract_2026-10-04\WorldMapArt\ByArchive\ruRU\patch-ruRU-f.mpq\Interface\WorldMap\RisingDepths\MURLOCSPAWNINGGROUND2.blp
ruRU/patch-ruRU-f.mpq,Interface\WorldMap\RisingDepths\AMONITEREEF1.blp,88580,BCDB1184FBCC2F160ABAB674F01B20BDEA2FD825,D:\Sirus\_client\World of Warcraft Sirus\Risen_Depths_Extract_2026-10-04\WorldMapArt\ByArchive\ruRU\patch-ruRU-f.mpq\Interface\WorldMap\RisingDepths\AMONITEREEF1.blp
ruRU/patch-ruRU-f.mpq,Interface\WorldMap\RisingDepths\LIGHTNINGLAGOON1.blp,88580,9FAB49B5B74711D23A8D5F5109CDE48BB5CCD830,D:\Sirus\_client\World of Warcraft Sirus\Risen_Depths_Extract_2026-10-04\WorldMapArt\ByArchive\ruRU\patch-ruRU-f.mpq\Interface\WorldMap\RisingDepths\LIGHTNINGLAGOON1.blp
ruRU/patch-ruRU-f.mpq,Interface\WorldMap\RisingDepths\LIGHTNINGLAGOON2.blp,88580,56C39708048A850ECCB6131C0AC0B5DC2DBB533A,D:\Sirus\_client\World of Warcraft Sirus\Risen_Depths_Extract_2026-10-04\WorldMapArt\ByArchive\ruRU\patch-ruRU-f.mpq\Interface\WorldMap\RisingDepths\LIGHTNINGLAGOON2.blp
ruRU/patch-ruRU-f.mpq,Interface\WorldMap\RisingDepths\FOGGYSHOAL1.blp,88580,CCEAAEF7E233A2F0E61A6A0F627DB451DC05D913,D:\Sirus\_client\World of Warcraft Sirus\Risen_Depths_Extract_2026-10-04\WorldMapArt\ByArchive\ruRU\patch-ruRU-f.mpq\Interface\WorldMap\RisingDepths\FOGGYSHOAL1.blp
ruRU/patch-ruRU-f.mpq,Interface\WorldMap\RisingDepths\FOGGYSHOAL2.blp,88580,7DCA5F3BED0FDE69C5A8847066586697978A487D,D:\Sirus\_client\World of Warcraft Sirus\Risen_Depths_Extract_2026-10-04\WorldMapArt\ByArchive\ruRU\patch-ruRU-f.mpq\Interface\WorldMap\RisingDepths\FOGGYSHOAL2.blp
ruRU/patch-ruRU-f.mpq,Interface\WorldMap\RisingDepths\SHUTTERISLAND1.blp,88580,8A5A891EB236C12189B717323669309E0F95A5CF,D:\Sirus\_client\World of Warcraft Sirus\Risen_Depths_Extract_2026-10-04\WorldMapArt\ByArchive\ruRU\patch-ruRU-f.mpq\Interface\WorldMap\RisingDepths\SHUTTERISLAND1.blp
ruRU/patch-ruRU-f.mpq,Interface\WorldMap\RisingDepths\SHUTTERISLAND2.blp,88580,B9E34341795C66895C1738838AF4B34C056B22C8,D:\Sirus\_client\World of Warcraft Sirus\Risen_Depths_Extract_2026-10-04\WorldMapArt\ByArchive\ruRU\patch-ruRU-f.mpq\Interface\WorldMap\RisingDepths\SHUTTERISLAND2.blp
ruRU/patch-ruRU-f.mpq,Interface\WorldMap\RisingDepths\SHUTTERISLAND3.blp,88580,4C37477F14012F72723F8CA133219A56F6F9F3DA,D:\Sirus\_client\World of Warcraft Sirus\Risen_Depths_Extract_2026-10-04\WorldMapArt\ByArchive\ruRU\patch-ruRU-f.mpq\Interface\WorldMap\RisingDepths\SHUTTERISLAND3.blp
ruRU/patch-ruRU-f.mpq,Interface\WorldMap\RisingDepths\SHUTTERISLAND4.blp,88580,B6C2336169B32E05AC97121DE20D6865B596A91B,D:\Sirus\_client\World of Warcraft Sirus\Risen_Depths_Extract_2026-10-04\WorldMapArt\ByArchive\ruRU\patch-ruRU-f.mpq\Interface\WorldMap\RisingDepths\SHUTTERISLAND4.blp
ruRU/patch-ruRU-f.mpq,Interface\WorldMap\RisingDepths\HEADQUARTERSOFTHEVICEROYNEZHAR1.blp,88580,8ABB44B00FB7E0F1C6C91B4EFDD7AAF60329C92C,D:\Sirus\_client\World of Warcraft Sirus\Risen_Depths_Extract_2026-10-04\WorldMapArt\ByArchive\ruRU\patch-ruRU-f.mpq\Interface\WorldMap\RisingDepths\HEADQUARTERSOFTHEVICEROYNEZHAR1.blp
ruRU/patch-ruRU-f.mpq,Interface\WorldMap\RisingDepths\HEADQUARTERSOFTHEVICEROYNEZHAR2.blp,88580,E574F23588DA8B092ADB18726AA730C70EE0AFAE,D:\Sirus\_client\World of Warcraft Sirus\Risen_Depths_Extract_2026-10-04\WorldMapArt\ByArchive\ruRU\patch-ruRU-f.mpq\Interface\WorldMap\RisingDepths\HEADQUARTERSOFTHEVICEROYNEZHAR2.blp
ruRU/patch-ruRU-f.mpq,Interface\WorldMap\RisingDepths\KHAJIRIRUINS1.blp,88580,A6BC49FF0FE00AB4EEC3F63FEFF596026324E12A,D:\Sirus\_client\World of Warcraft Sirus\Risen_Depths_Extract_2026-10-04\WorldMapArt\ByArchive\ruRU\patch-ruRU-f.mpq\Interface\WorldMap\RisingDepths\KHAJIRIRUINS1.blp
ruRU/patch-ruRU-f.mpq,Interface\WorldMap\RisingDepths\KALOTHERAMEMORIAL1.blp,88580,A56F92D3B939191435FB44086943C792E1BAC06E,D:\Sirus\_client\World of Warcraft Sirus\Risen_Depths_Extract_2026-10-04\WorldMapArt\ByArchive\ruRU\patch-ruRU-f.mpq\Interface\WorldMap\RisingDepths\KALOTHERAMEMORIAL1.blp
ruRU/patch-ruRU-f.mpq,Interface\WorldMap\RisingDepths\KALOTHERAMEMORIAL2.blp,88580,758016ACAADE9B4BD39F1799CF7CD52DE07BA7B9,D:\Sirus\_client\World of Warcraft Sirus\Risen_Depths_Extract_2026-10-04\WorldMapArt\ByArchive\ruRU\patch-ruRU-f.mpq\Interface\WorldMap\RisingDepths\KALOTHERAMEMORIAL2.blp
ruRU/patch-ruRU-f.mpq,Interface\WorldMap\RisingDepths\KALOTHERAMEMORIAL3.blp,88580,F6406A6D88111B72629824B1A2FB5D11D1425ADD,D:\Sirus\_client\World of Warcraft Sirus\Risen_Depths_Extract_2026-10-04\WorldMapArt\ByArchive\ruRU\patch-ruRU-f.mpq\Interface\WorldMap\RisingDepths\KALOTHERAMEMORIAL3.blp
ruRU/patch-ruRU-f.mpq,Interface\WorldMap\RisingDepths\KALOTHERAMEMORIAL4.blp,88580,F9B383A0E96B73E8809F4E347AF0B6EB6FFD61BC,D:\Sirus\_client\World of Warcraft Sirus\Risen_Depths_Extract_2026-10-04\WorldMapArt\ByArchive\ruRU\patch-ruRU-f.mpq\Interface\WorldMap\RisingDepths\KALOTHERAMEMORIAL4.blp
ruRU/patch-ruRU-f.mpq,Interface\WorldMap\RisingDepths\PREDATORYREEFCULTISTS1.blp,88580,0964E49CA863FEE30BDA3FA614B5F9FFA8F8F4CB,D:\Sirus\_client\World of Warcraft Sirus\Risen_Depths_Extract_2026-10-04\WorldMapArt\ByArchive\ruRU\patch-ruRU-f.mpq\Interface\WorldMap\RisingDepths\PREDATORYREEFCULTISTS1.blp
ruRU/patch-ruRU-f.mpq,Interface\WorldMap\RisingDepths\PREDATORYREEFCULTISTS2.blp,88580,68B9CE10EAD98F4EF56B0D7435833CD4394E3A21,D:\Sirus\_client\World of Warcraft Sirus\Risen_Depths_Extract_2026-10-04\WorldMapArt\ByArchive\ruRU\patch-ruRU-f.mpq\Interface\WorldMap\RisingDepths\PREDATORYREEFCULTISTS2.blp
ruRU/patch-ruRU-f.mpq,Interface\WorldMap\RisingDepths\PREDATORYREEFCULTISTS3.blp,88580,BE1DA4457986BD54D6BCD665461E40024230024A,D:\Sirus\_client\World of Warcraft Sirus\Risen_Depths_Extract_2026-10-04\WorldMapArt\ByArchive\ruRU\patch-ruRU-f.mpq\Interface\WorldMap\RisingDepths\PREDATORYREEFCULTISTS3.blp
ruRU/patch-ruRU-f.mpq,Interface\WorldMap\RisingDepths\PREDATORYREEFCULTISTS4.blp,88580,EB0C4F841C3444336D8C91E43822B0D027968F87,D:\Sirus\_client\World of Warcraft Sirus\Risen_Depths_Extract_2026-10-04\WorldMapArt\ByArchive\ruRU\patch-ruRU-f.mpq\Interface\WorldMap\RisingDepths\PREDATORYREEFCULTISTS4.blp
ruRU/patch-ruRU-f.mpq,Interface\WorldMap\RisingDepths\AQUARIONRIDGE1.blp,88580,DC1287866A186BDB5F23D966221E1654218D96BD,D:\Sirus\_client\World of Warcraft Sirus\Risen_Depths_Extract_2026-10-04\WorldMapArt\ByArchive\ruRU\patch-ruRU-f.mpq\Interface\WorldMap\RisingDepths\AQUARIONRIDGE1.blp
ruRU/patch-ruRU-f.mpq,Interface\WorldMap\RisingDepths\AQUARIONRIDGE2.blp,88580,C5C136EF6DC5A28063DE04271E4C76FC068C7E8F,D:\Sirus\_client\World of Warcraft Sirus\Risen_Depths_Extract_2026-10-04\WorldMapArt\ByArchive\ruRU\patch-ruRU-f.mpq\Interface\WorldMap\RisingDepths\AQUARIONRIDGE2.blp
ruRU/patch-ruRU-f.mpq,Interface\WorldMap\RisingDepths\AQUARIONRIDGE3.blp,88580,6D7C9D8E097A4A3CD2B4F53AFE3167F22A3CDE40,D:\Sirus\_client\World of Warcraft Sirus\Risen_Depths_Extract_2026-10-04\WorldMapArt\ByArchive\ruRU\patch-ruRU-f.mpq\Interface\WorldMap\RisingDepths\AQUARIONRIDGE3.blp
ruRU/patch-ruRU-f.mpq,Interface\WorldMap\RisingDepths\AQUARIONRIDGE4.blp,88580,E2D1313CDB5AF0A0ABEE5EE85B6F4D1730BAA3B7,D:\Sirus\_client\World of Warcraft Sirus\Risen_Depths_Extract_2026-10-04\WorldMapArt\ByArchive\ruRU\patch-ruRU-f.mpq\Interface\WorldMap\RisingDepths\AQUARIONRIDGE4.blp
ruRU/patch-ruRU-f.mpq,Interface\WorldMap\RisingDepths\BLOODTIDEISLAND1.blp,88580,625A968D391F844BF13A1E519935CBC76A522633,D:\Sirus\_client\World of Warcraft Sirus\Risen_Depths_Extract_2026-10-04\WorldMapArt\ByArchive\ruRU\patch-ruRU-f.mpq\Interface\WorldMap\RisingDepths\BLOODTIDEISLAND1.blp
ruRU/patch-ruRU-f.mpq,Interface\WorldMap\RisingDepths\CURSEDWITCHSHIP1.blp,88580,BB2E4D14CB90B94A3F6D1A409824DB1FC7523302,D:\Sirus\_client\World of Warcraft Sirus\Risen_Depths_Extract_2026-10-04\WorldMapArt\ByArchive\ruRU\patch-ruRU-f.mpq\Interface\WorldMap\RisingDepths\CURSEDWITCHSHIP1.blp
ruRU/patch-ruRU-f.mpq,Interface\WorldMap\RisingDepths\CURSEDWITCHSHIP2.blp,88580,2378D8462CA4CE9F18421B83F660F84E15E3A895,D:\Sirus\_client\World of Warcraft Sirus\Risen_Depths_Extract_2026-10-04\WorldMapArt\ByArchive\ruRU\patch-ruRU-f.mpq\Interface\WorldMap\RisingDepths\CURSEDWITCHSHIP2.blp
ruRU/patch-ruRU-f.mpq,Interface\WorldMap\RisingDepths\TELSERAITEMPLE1.blp,88580,A0870B8546B318AC26FE7B3E231E4964FD6D2561,D:\Sirus\_client\World of Warcraft Sirus\Risen_Depths_Extract_2026-10-04\WorldMapArt\ByArchive\ruRU\patch-ruRU-f.mpq\Interface\WorldMap\RisingDepths\TELSERAITEMPLE1.blp
ruRU/patch-ruRU-f.mpq,Interface\WorldMap\RisingDepths\STATIONOFTHEELEMENTALS1.blp,88580,1F99E5D06822573BABC776A7B0E573D0E124D9AD,D:\Sirus\_client\World of Warcraft Sirus\Risen_Depths_Extract_2026-10-04\WorldMapArt\ByArchive\ruRU\patch-ruRU-f.mpq\Interface\WorldMap\RisingDepths\STATIONOFTHEELEMENTALS1.blp
ruRU/patch-ruRU-f.mpq,Interface\WorldMap\RisingDepths\CORALCLAWISLAND1.blp,88580,E52FEBF4AB100BA50AA2A391DF9DA68B1B8E0A2B,D:\Sirus\_client\World of Warcraft Sirus\Risen_Depths_Extract_2026-10-04\WorldMapArt\ByArchive\ruRU\patch-ruRU-f.mpq\Interface\WorldMap\RisingDepths\CORALCLAWISLAND1.blp
ruRU/patch-ruRU-f.mpq,Interface\WorldMap\RisingDepths\CORALCLAWISLAND2.blp,88580,B81855DE4012305B756FB7E981B2E92BE62303EA,D:\Sirus\_client\World of Warcraft Sirus\Risen_Depths_Extract_2026-10-04\WorldMapArt\ByArchive\ruRU\patch-ruRU-f.mpq\Interface\WorldMap\RisingDepths\CORALCLAWISLAND2.blp
