MPQPath,Size,Version,SequenceCount,SkinProfiles,ExternalAnimations
WORLD\AZEROTH\BURNINGSTEPPES\PASSIVEDOODADS\WARLOCKSHRINE\WARLOCKSHRINE.M2,49200,264,1,1,0
WORLD\AZEROTH\ELWYNN\PASSIVEDOODADS\SKELETON\BATTLEGLADEBONESHUMANDARK.M2,7728,264,1,1,0
WORLD\AZEROTH\SWAMPOSORROW\PASSIVEDOODADS\SWAMPBOATS\SWAMPBOAT01.M2,18304,264,1,1,0
WORLD\AZEROTH\THEBLASTEDLANDS\PASSIVEDOODADS\BONES\BLASTEDLANDSBONE01.M2,2112,264,1,1,0
WORLD\AZEROTH\THEBLASTEDLANDS\PASSIVEDOODADS\BONES\BLASTEDLANDSBONEPILE02.M2,10352,264,1,1,0
WORLD\AZEROTH\THEBLASTEDLANDS\PASSIVEDOODADS\BONES\BLASTEDLANDSBONEPILE03.M2,6096,264,1,1,0
WORLD\CRITTER\BIRDS\BIRD01.M2,13104,264,1,1,0
WORLD\CRITTER\FISH\FISH01.M2,45344,264,2,1,0
WORLD\EXPANSION01\DOODADS\GENERIC\NAGA\ARK\NA_ARK.M2,58640,264,1,1,0
WORLD\EXPANSION01\DOODADS\GENERIC\NAGA\CRATES\NA_CRATE02.M2,16272,264,1,1,0
WORLD\EXPANSION01\DOODADS\GENERIC\NAGA\DISTILLER\NA_DISTILLER.M2,93120,264,1,1,0
WORLD\EXPANSION01\DOODADS\GENERIC\NAGA\JARS\NA_JAR02.M2,8688,264,1,1,0
WORLD\EXPANSION01\DOODADS\GENERIC\NAGA\TORCH\NA_TORCH01.M2,26016,264,1,1,0
WORLD\EXPANSION01\DOODADS\GENERIC\VRYKUL\WEAPONRACKS\VR_WEAPONRACK_01.M2,52176,264,4,1,0
WORLD\EXPANSION02\DOODADS\BOREANTUNDRA\MAGNATAURITEMS\BOREAN_REDPLANT_BURNINGPILE_01.M2,21184,264,1,1,0
WORLD\EXPANSION02\DOODADS\BOREANTUNDRA\ROCKS\BOREAN_ROCKLARGE_01.M2,47776,264,1,1,0
WORLD\EXPANSION02\DOODADS\BOREANTUNDRA\ROCKS\BOREAN_ROCKLARGE_06.M2,16320,264,1,1,0
WORLD\EXPANSION02\DOODADS\GENERIC\ORACLE\O_TRASHPILE_01.M2,11216,264,1,1,0
WORLD\EXPANSION02\DOODADS\GENERIC\ORACLE\O_TRASHPILE_02.M2,14720,264,1,1,0
WORLD\EXPANSION02\DOODADS\GENERIC\SCOURGE\SC_BARRICADE_BROKEN.M2,23440,264,1,1,0
WORLD\EXPANSION02\DOODADS\GENERIC\SCOURGE\SC_BRAZIER2_ORANGE.M2,99776,264,1,1,0
WORLD\EXPANSION02\DOODADS\GENERIC\SCOURGE\SC_BRAZIER3_ORANGE.M2,45600,264,1,1,0
WORLD\EXPANSION02\DOODADS\GENERIC\SCOURGE\SC_CAULDRON_GREEN.M2,71600,264,1,1,0
WORLD\EXPANSION02\DOODADS\GENERIC\SCOURGE\SC_OBELISK1.M2,24784,264,1,1,0
WORLD\EXPANSION02\DOODADS\GENERIC\SCOURGE\SC_PLATFORM2.M2,7296,264,1,1,0
WORLD\EXPANSION02\DOODADS\GENERIC\SCOURGE\SC_TRENCH_C_LONG.M2,30480,264,1,1,0
WORLD\EXPANSION02\DOODADS\GENERIC\SCOURGE\SC_TRENCH_M_BRACE.M2,66256,264,1,1,0
WORLD\EXPANSION02\DOODADS\GENERIC\SCOURGE\SC_TRENCH_M_LONG.M2,32016,264,1,1,0
WORLD\EXPANSION02\DOODADS\GENERIC\SCOURGE\SC_TRENCH_P_BONE2.M2,3232,264,1,1,0
WORLD\EXPANSION02\DOODADS\GENERIC\SEAVRYKUL\SHORE\VRS_CHEST_01.M2,38816,264,1,1,0
WORLD\EXPANSION02\DOODADS\GENERIC\SEAVRYKUL\SHORE\VRS_CRATE_01.M2,3424,264,1,1,0
WORLD\EXPANSION02\DOODADS\GENERIC\SEAVRYKUL\SHORE\VRS_CRATE_DESTROYED_01.M2,22720,264,1,1,0
WORLD\EXPANSION02\DOODADS\GENERIC\SEAVRYKUL\SHORE\VRS_NETPILE_01.M2,14368,264,1,1,0
WORLD\EXPANSION02\DOODADS\GENERIC\SEAVRYKUL\SHORE\VRS_TENT_01.M2,59056,264,1,1,0
WORLD\EXPANSION02\DOODADS\GENERIC\SEAVRYKUL\SHORE\VRS_TENT_02.M2,63616,264,1,1,0
WORLD\EXPANSION02\DOODADS\GENERIC\SEAVRYKUL\WEAPONS\VRS_WEAPONRACK_01.M2,72832,264,1,1,0
WORLD\EXPANSION02\DOODADS\GENERIC\SEAVRYKUL\WEAPONS\VRS_WEAPONRACK_02.M2,35680,264,1,1,0
WORLD\EXPANSION02\DOODADS\GENERIC\VRYKUL\BANNER\VR_SEA_BANNER_01.M2,42768,264,2,1,0
WORLD\EXPANSION02\DOODADS\GENERIC\VRYKUL\BOATS\TRANSPORT_VRYKUL_MEDIUM_DOODAD.M2,80416,264,2,1,0
WORLD\EXPANSION02\DOODADS\GENERIC\VRYKUL\BRAZIER\VR_BRAZIER_01.M2,42400,264,3,1,0
WORLD\EXPANSION02\DOODADS\GENERIC\VRYKUL\BUTTRESS\VR_BUTTRESS_01.M2,17456,264,1,1,0
WORLD\EXPANSION02\DOODADS\GENERIC\VRYKUL\CAGE\VR_CAGE_01.M2,57456,264,1,1,0
WORLD\EXPANSION02\DOODADS\GENERIC\VRYKUL\CAGE\VR_CAGE_02.M2,79808,264,4,1,0
WORLD\EXPANSION02\DOODADS\GENERIC\VRYKUL\CHAINS\VR_CHAINS_02.M2,43280,264,1,1,0
WORLD\EXPANSION02\DOODADS\GENERIC\VRYKUL\CHAIRS\VR_CHAIR_01.M2,12896,264,1,1,0
WORLD\EXPANSION02\DOODADS\GENERIC\VRYKUL\COOKING\VR_COOKPOT_01.M2,44928,264,1,1,0
WORLD\EXPANSION02\DOODADS\GENERIC\VRYKUL\COOKING\VR_COOKPOT_02.M2,44240,264,1,1,0
WORLD\EXPANSION02\DOODADS\GENERIC\VRYKUL\HARPOON\VR_HARPOON_02.M2,47392,264,10,1,0
WORLD\EXPANSION02\DOODADS\GENERIC\VRYKUL\HAY\VR_HAYBAIL_01.M2,3696,264,1,1,0
WORLD\EXPANSION02\DOODADS\GENERIC\VRYKUL\QUEST\VR_BONES_01_Q.M2,29280,264,1,1,0
WORLD\EXPANSION02\DOODADS\GENERIC\VRYKUL\QUEST\VR_SACK_02_Q.M2,5968,264,1,1,0
WORLD\EXPANSION02\DOODADS\GENERIC\VRYKUL\ROAD\VR_ROADPLANK_02.M2,27424,264,1,1,0
WORLD\EXPANSION02\DOODADS\GENERIC\VRYKUL\ROAD\VR_ROADPLANK_03.M2,51040,264,1,1,0
WORLD\EXPANSION02\DOODADS\GENERIC\VRYKUL\ROAD\VR_ROADPLANK_04.M2,15520,264,1,1,0
WORLD\EXPANSION02\DOODADS\GENERIC\VRYKUL\ROAD\VR_ROADPLANK_05.M2,2752,264,1,1,0
WORLD\EXPANSION02\DOODADS\GENERIC\VRYKUL\ROAD\VR_ROADPLANK_06.M2,4672,264,1,1,0
WORLD\EXPANSION02\DOODADS\GENERIC\VRYKUL\RUBBLE\VR_RUBBLE_03.M2,1680,264,1,1,0
WORLD\EXPANSION02\DOODADS\GENERIC\VRYKUL\SHIELD\VR_SHIELD_01.M2,5728,264,1,1,0
WORLD\EXPANSION02\DOODADS\GENERIC\VRYKUL\SHIELD\VR_SHIELD_03.M2,5728,264,1,1,0
WORLD\EXPANSION02\DOODADS\GENERIC\VRYKUL\TABLE\VR_TABLE_LARGE_01.M2,47056,264,1,1,0
WORLD\EXPANSION02\DOODADS\GENERIC\VRYKUL\TABLE\VR_TABLE_MEDIUM_01.M2,21104,264,1,1,0
WORLD\EXPANSION02\DOODADS\GENERIC\VRYKUL\TROUGH\VR_TROUGH.M2,10208,264,1,1,0
WORLD\EXPANSION02\DOODADS\GENERIC\VRYKUL\WAGON\VR_WAGON_01.M2,126640,264,1,1,0
WORLD\EXPANSION02\DOODADS\GENERIC\VRYKUL\WEAPONS\VR_CRESTAXE_01.M2,8464,264,1,1,0
WORLD\EXPANSION02\DOODADS\GENERIC\VRYKUL\WEAPONS\VR_CRESTAXE_02.M2,8032,264,1,1,0
WORLD\EXPANSION02\DOODADS\GENERIC\WATERFALLS\WATERFALLS_SET1_MED_HAT.M2,13552,264,1,1,0
WORLD\EXPANSION02\DOODADS\GENERIC\WATERFALLS\WATERFALLS_SET1_MED_RIPPLES.M2,7248,264,1,1,0
WORLD\EXPANSION02\DOODADS\GENERIC\WATERFALLS\WATERFALLS_SET2_MED_TALL_WITHCHOP.M2,3248,264,1,1,0
WORLD\EXPANSION02\DOODADS\HOWLINGFJORD\FOG\HFJORD_FOG_01.M2,5664,264,1,1,0
WORLD\EXPANSION03\DOODADS\TWILIGHTHAMMER\SUMMONINGPORTALS\TWILIGHTSHAMMER_SUMMONINGPORTAL_WATER01.M2,163392,264,2,1,0
WORLD\GENERIC\MAKURA\PASSIVE DOODADS\MAKURASHELLS\MAKURASHELLS01.M2,18960,264,12,1,0
WORLD\GENERIC\MAKURA\PASSIVE DOODADS\MAKURASHELLS\MAKURASHELLS06.M2,23232,264,12,1,0
WORLD\GENERIC\MAKURA\PASSIVE DOODADS\MAKURASHELLS\MAKURASHELLS07.M2,22608,264,12,1,0
WORLD\GENERIC\NIGHTELF\PASSIVE DOODADS\STATUES\STATUEASZHARAARM.M2,13216,264,1,1,0
WORLD\GENERIC\NIGHTELF\PASSIVE DOODADS\STATUES\STATUEASZHARAHEAD.M2,15552,264,1,1,0
WORLD\GENERIC\PASSIVEDOODADS\PLAINRUNE\RUNESTONE.M2,28064,264,1,1,0
WORLD\GENERIC\UNDEAD\PASSIVE DOODADS\UNDEADALCHEMYTABLE\UNDEAD_ALCHEMY_TABLE.M2,51728,264,1,1,0
WORLD\KALIMDOR\ASHENVALE\PASSIVEDOODADS\SATYRRUINS\RUINSSATYRALTPILLAR01.M2,10384,264,1,1,0
WORLD\KALIMDOR\ASHENVALE\PASSIVEDOODADS\SATYRRUINS\RUINSSATYRARCH.M2,29456,264,1,1,0
WORLD\KALIMDOR\ASHENVALE\PASSIVEDOODADS\SATYRRUINS\RUINSSATYRWALL01.M2,8880,264,1,1,0
WORLD\KALIMDOR\ASHENVALE\PASSIVEDOODADS\SATYRRUINS\RUINSSATYRWALL02.M2,15664,264,1,1,0
WORLD\KALIMDOR\ASHENVALE\PASSIVEDOODADS\SATYRRUINS\RUINSSATYRWALL03.M2,7472,264,1,1,0
WORLD\KALIMDOR\ASHENVALE\PASSIVEDOODADS\SATYRRUINS\RUINSSATYRWALL04.M2,3648,264,1,1,0
WORLD\KALIMDOR\ASHENVALE\PASSIVEDOODADS\SATYRRUINS\RUINSSATYRWALL06.M2,7760,264,1,1,0
WORLD\KALIMDOR\ASHENVALE\PASSIVEDOODADS\SHRINES\NESHRINESATYR.M2,36224,264,86,1,0
WORLD\KALIMDOR\DARKSHORE\GIANTSEATURTLE\GIANTSEATURTLE03.M2,8704,264,1,1,0
WORLD\KALIMDOR\DARKSHORE\GIANTSEATURTLE\GIANTSEATURTLE04.M2,6800,264,1,1,0
WORLD\KALIMDOR\DARKSHORE\GIANTSNAKESKULLS\SNAKESKULLGIANT.M2,24752,264,1,1,0
WORLD\KALIMDOR\DARKSHORE\GIANTSNAKESPINES\SNAKESPINEGIANT01.M2,23120,264,1,1,0
WORLD\KALIMDOR\DARKSHORE\GIANTSNAKESPINES\SNAKESPINEGIANT02.M2,21104,264,1,1,0
WORLD\KALIMDOR\DARKSHORE\PASSIVEDOODADS\SEAMONSTERCARCASS\DARKSHORESEAMONSTER01.M2,49216,264,1,1,0
WORLD\KALIMDOR\DARKSHORE\THRESHADONCORPSE\DARKSHORETHRESHADONCORPSE.M2,39824,264,1,1,0
WORLD\KALIMDOR\DESOLACE\PASSIVEDOODADS\ROCKS\DESOLACEROCK04.M2,8608,264,1,1,0
WORLD\KALIMDOR\GENERIC\PASSIVEDOODADS\ELEVENDESTORYERWRECKBACK\ELVENDESTROYERWRECKBACK.M2,40784,264,1,1,0
WORLD\KALIMDOR\GENERIC\PASSIVEDOODADS\ELEVENDESTORYERWRECKFRONT\ELVENDESTROYERWRECKFRONT.M2,44112,264,1,1,0
WORLD\KALIMDOR\GENERIC\PASSIVEDOODADS\ELEVENDESTORYERWRECKSAILS\ELVENDESTROYERWRECKSAILS.M2,9696,264,1,1,0
WORLD\KALIMDOR\SILITHUS\PASSIVEDOODADS\TWILIGHTTABLET\TWILIGHTTABLETUPPER.M2,7616,264,1,1,0
WORLD\AZEROTH\ZULGURUB\PASSIVEDOODADS\CAULDRONS\ZG_CAULDRON_ICE.M2,54426,264,1,1,0
WORLD\EXPANSION01\DOODADS\GENERIC\NAGA\ARTIFACT\NA_ARTIFACT01.M2,76476,264,1,1,0
WORLD\EXPANSION02\DOODADS\GENERIC\VRYKUL\HAY\VR_HAYBAIL_01.M2,3682,264,1,1,0
WORLD\EXPANSION03\DOODADS\ABYSSALMAW\CORAL\ABYSSAL_FISH02.M2,45792,264,2,1,0
WORLD\EXPANSION03\DOODADS\ABYSSALMAW\CORAL\ABYSSAL_SEAWEED_BLUE_02.M2,52706,264,1,1,0
WORLD\EXPANSION03\DOODADS\VASHJIR\ANEMONE\VJ_ANEMONELRG01.M2,38562,264,1,1,0
WORLD\EXPANSION03\DOODADS\VASHJIR\ANEMONE\VJ_ANEMONELRG02.M2,28050,264,1,1,0
WORLD\EXPANSION03\DOODADS\VASHJIR\ANEMONE\VJ_ANEMONELRG03.M2,41138,264,1,1,0
WORLD\EXPANSION03\DOODADS\VASHJIR\ANEMONE\VJ_ANEMONELRG05.M2,43170,264,1,1,0
WORLD\EXPANSION03\DOODADS\VASHJIR\ANEMONE\VJ_ANEMONESM01.M2,37906,264,1,1,0
WORLD\EXPANSION03\DOODADS\VASHJIR\ANEMONE\VJ_ANEMONESM03.M2,28514,264,1,1,0
WORLD\EXPANSION03\DOODADS\VASHJIR\ANEMONE\VJ_GIANTANEMONE01.M2,219522,264,1,1,0
WORLD\EXPANSION03\DOODADS\VASHJIR\ANEMONE\VJ_GIANTANEMONE02.M2,219522,264,1,1,0
WORLD\EXPANSION03\DOODADS\VASHJIR\BONES\VJ_WHALEBONES_01.M2,30178,264,1,1,0
WORLD\EXPANSION03\DOODADS\VASHJIR\BONES\VJ_WHALEBONES_04.M2,45362,264,1,1,0
WORLD\EXPANSION03\DOODADS\VASHJIR\CORALS\VJ_BUSHCORALBROWN01.M2,20642,264,1,1,0
WORLD\EXPANSION03\DOODADS\VASHJIR\CORALS\VJ_CORALBUSH_BLUEGREEN01.M2,4626,264,1,1,0
WORLD\EXPANSION03\DOODADS\VASHJIR\CORALS\VJ_CORALBUSH_GRAY02.M2,4002,264,1,1,0
WORLD\EXPANSION03\DOODADS\VASHJIR\CORALS\VJ_CORALBUSH_GREEN01.M2,4002,264,1,1,0
WORLD\EXPANSION03\DOODADS\VASHJIR\CORALS\VJ_CORALBUSH_GREEN02.M2,4002,264,1,1,0
WORLD\EXPANSION03\DOODADS\VASHJIR\CORALS\VJ_CORALBUSH_ORANGE01.M2,4002,264,1,1,0
WORLD\EXPANSION03\DOODADS\VASHJIR\CORALS\VJ_CORALBUSH_PINK01.M2,4434,264,1,1,0
WORLD\EXPANSION03\DOODADS\VASHJIR\CORALS\VJ_CORALBUSH_PURPLE02.M2,4002,264,1,1,0
WORLD\EXPANSION03\DOODADS\VASHJIR\CORALS\VJ_CORALBUSH_RED02.M2,4002,264,1,1,0
WORLD\EXPANSION03\DOODADS\VASHJIR\CORALS\VJ_CORALCLUSTERTOP02.M2,66546,264,1,1,0
WORLD\EXPANSION03\DOODADS\VASHJIR\CORALS\VJ_CORALFLATGREEN_01.M2,14050,264,1,1,0
WORLD\EXPANSION03\DOODADS\VASHJIR\CORALS\VJ_CORALFLATPURPLE_01.M2,14050,264,1,1,0
WORLD\EXPANSION03\DOODADS\VASHJIR\CORALS\VJ_CORALFLATRED_01.M2,14050,264,1,1,0
WORLD\EXPANSION03\DOODADS\VASHJIR\CORALS\VJ_CORALFLATRED_02.M2,7234,264,1,1,0
WORLD\EXPANSION03\DOODADS\VASHJIR\CORALS\VJ_CORALMUTATED01.M2,34978,264,1,1,0
WORLD\EXPANSION03\DOODADS\VASHJIR\CORALS\VJ_CORALMUTATED02.M2,34978,264,1,1,0
WORLD\EXPANSION03\DOODADS\VASHJIR\CORALS\VJ_CORALSPIKEY_01.M2,27874,264,1,1,0
WORLD\EXPANSION03\DOODADS\VASHJIR\CORALS\VJ_CORALSPIKEY_03.M2,74162,264,1,1,0
WORLD\EXPANSION03\DOODADS\VASHJIR\CORALS\VJ_CORALTABLEMID04.M2,31730,264,1,1,0
WORLD\EXPANSION03\DOODADS\VASHJIR\CORALS\VJ_CORALTABLEMID05.M2,31026,264,1,1,0
WORLD\EXPANSION03\DOODADS\VASHJIR\CORALS\VJ_CORALTABLESPIKY02.M2,60034,264,1,1,0
WORLD\EXPANSION03\DOODADS\VASHJIR\CORALS\VJ_CORALTABLESPIKYCLUSTER01.M2,211986,264,1,1,0
WORLD\EXPANSION03\DOODADS\VASHJIR\CORALS\VJ_CORALTABLETOP01.M2,20834,264,1,1,0
WORLD\EXPANSION03\DOODADS\VASHJIR\CORALS\VJ_CORALTHICKBLUE_02.M2,27778,264,1,1,0
WORLD\EXPANSION03\DOODADS\VASHJIR\CORALS\VJ_CORALTHICKORANGE_01.M2,57714,264,1,1,0
WORLD\EXPANSION03\DOODADS\VASHJIR\CORALS\VJ_CORALTHICKORANGE_02.M2,29586,264,1,1,0
WORLD\EXPANSION03\DOODADS\VASHJIR\CORALS\VJ_CORALTHICKRED_02.M2,29586,264,1,1,0
WORLD\EXPANSION03\DOODADS\VASHJIR\CORALS\VJ_CORALTHICK_02.M2,29570,264,1,1,0
WORLD\EXPANSION03\DOODADS\VASHJIR\CORALS\VJ_CORALTHICK_03.M2,84514,264,1,1,0
WORLD\EXPANSION03\DOODADS\VASHJIR\CORALS\VJ_CORAL_TREE_LARGE_01.M2,40162,264,1,1,0
WORLD\EXPANSION03\DOODADS\VASHJIR\CORALS\VJ_CORAL_TREE_LARGE_03.M2,35330,264,1,1,0
WORLD\EXPANSION03\DOODADS\VASHJIR\CORALS\VJ_GIANTCLAM01.M2,33826,264,1,1,0
WORLD\EXPANSION03\DOODADS\VASHJIR\CORALS\VJ_GIANTCORAL_BLUEGREEN01.M2,69698,264,1,1,0
WORLD\EXPANSION03\DOODADS\VASHJIR\CORALS\VJ_GIANTCORAL_BLUEGREEN02.M2,74818,264,1,1,0
WORLD\EXPANSION03\DOODADS\VASHJIR\CORALS\VJ_GIANTCORAL_BLUEGREEN03.M2,22530,264,1,1,0
WORLD\EXPANSION03\DOODADS\VASHJIR\CORALS\VJ_GIANTCORAL_BLUEGREEN04.M2,18226,264,1,1,0
WORLD\EXPANSION03\DOODADS\VASHJIR\CORALS\VJ_GIANTCORAL_GLOWY05.M2,96194,264,1,1,0
WORLD\EXPANSION03\DOODADS\VASHJIR\CORALS\VJ_GIANTCORAL_GLOWY07.M2,34146,264,1,1,0
WORLD\EXPANSION03\DOODADS\VASHJIR\CORALS\VJ_GIANTCORAL_GLOWY08.M2,21394,264,1,1,0
WORLD\EXPANSION03\DOODADS\VASHJIR\CORALS\VJ_GIANTCORAL_PINK02.M2,27650,264,1,1,0
WORLD\EXPANSION03\DOODADS\VASHJIR\CORALS\VJ_GIANTCORAL_PINK03.M2,28098,264,1,1,0
WORLD\EXPANSION03\DOODADS\VASHJIR\CORALS\VJ_GIANTFANCORAL_01.M2,30146,264,1,1,0
WORLD\EXPANSION03\DOODADS\VASHJIR\CORALS\VJ_GIANTFANCORAL_03.M2,20978,264,1,1,0
WORLD\EXPANSION03\DOODADS\VASHJIR\CORALS\VJ_SPIKEDBUSHCORAL02.M2,51042,264,1,1,0
WORLD\EXPANSION03\DOODADS\VASHJIR\CORALS\VJ_SPIKEDTREECORAL05.M2,49746,264,1,1,0
WORLD\EXPANSION03\DOODADS\VASHJIR\CORALS\VJ_SPIKEDTREECORAL06.M2,49746,264,1,1,0
WORLD\EXPANSION03\DOODADS\VASHJIR\CORALS\VJ_SPONGECORAL_02.M2,36114,264,1,1,0
WORLD\EXPANSION03\DOODADS\VASHJIR\CORALS\VJ_SPONGECORAL_03.M2,19026,264,1,1,0
WORLD\EXPANSION03\DOODADS\VASHJIR\CORALS\VJ_SPONGECORAL_05.M2,16146,264,1,1,0
WORLD\EXPANSION03\DOODADS\VASHJIR\CORALS\VJ_SPONGECORAL_08.M2,17538,264,1,1,0
WORLD\EXPANSION03\DOODADS\VASHJIR\CORALS\VJ_SPONGECORAL_09.M2,52402,264,1,1,0
WORLD\EXPANSION03\DOODADS\VASHJIR\CORALS\VJ_SPONGECORAL_11_ORANGE.M2,19026,264,1,1,0
WORLD\EXPANSION03\DOODADS\VASHJIR\CORALS\VJ_SPONGECORAL_12.M2,5618,264,1,1,0
WORLD\EXPANSION03\DOODADS\VASHJIR\CORALS\VJ_TREECORALGRAY01.M2,49746,264,1,1,0
WORLD\EXPANSION03\DOODADS\VASHJIR\CORALS\VJ_TREECORALGRAY02.M2,62498,264,1,1,0
WORLD\EXPANSION03\DOODADS\VASHJIR\CORALS\VJ_TREECORALGRAY03.M2,63218,264,1,1,0
WORLD\EXPANSION03\DOODADS\VASHJIR\KELP\VJ_BULLKELP02.M2,40914,264,1,1,0
WORLD\EXPANSION03\DOODADS\VASHJIR\KELP\VJ_BULLKELP03.M2,17986,264,1,1,0
WORLD\EXPANSION03\DOODADS\VASHJIR\KELP\VJ_BULLKELP04.M2,27218,264,1,1,0
WORLD\EXPANSION03\DOODADS\VASHJIR\KELP\VJ_BULLKELP05.M2,25874,264,1,1,0
WORLD\EXPANSION03\DOODADS\VASHJIR\KELP\VJ_BULLKELP06.M2,19794,264,1,1,0
WORLD\EXPANSION03\DOODADS\VASHJIR\KELP\VJ_BULLKELP07.M2,38242,264,1,1,0
WORLD\EXPANSION03\DOODADS\VASHJIR\KELP\VJ_HANGINGKELPRED03.M2,9394,264,1,1,0
WORLD\EXPANSION03\DOODADS\VASHJIR\KELP\VJ_KELP01.M2,29106,264,1,1,0
WORLD\EXPANSION03\DOODADS\VASHJIR\KELP\VJ_SEAWEED_01.M2,4226,264,1,1,0
WORLD\EXPANSION03\DOODADS\VASHJIR\KELP\VJ_SEAWEED_02.M2,4226,264,1,1,0
WORLD\EXPANSION03\DOODADS\VASHJIR\PEARL\VJ_GIANTPEARL.M2,33682,264,1,1,0
WORLD\EXPANSION03\DOODADS\VASHJIR\ROCKS\VJ_ROCKFORMATIONBIT_01.M2,17666,264,1,1,0
WORLD\EXPANSION03\DOODADS\VASHJIR\ROCKS\VJ_ROCKFORMATIONBIT_02.M2,25730,264,1,1,0
WORLD\EXPANSION03\DOODADS\VASHJIR\ROCKS\VJ_ROCKFORMATIONBIT_03.M2,8898,264,1,1,0
WORLD\EXPANSION03\DOODADS\VASHJIR\ROCKS\VJ_ROCKFORMATION_03.M2,94866,264,1,1,0
WORLD\EXPANSION03\DOODADS\VASHJIR\ROCKS\VJ_ROCKHOLE_01.M2,26098,264,1,1,0
WORLD\EXPANSION03\DOODADS\VASHJIR\ROCKS\VJ_ROCKHOLE_02.M2,12370,264,1,1,0
WORLD\EXPANSION03\DOODADS\VASHJIR\ROCKS\VJ_ROCKLARGE_01.M2,8386,264,1,1,0
WORLD\EXPANSION03\DOODADS\VASHJIR\ROCKS\VJ_ROCKS_02.M2,6722,264,1,1,0
WORLD\EXPANSION03\DOODADS\VASHJIR\SEAMONSTER\VJ_SEAMONSTER_BONESSKULL_02.M2,107629,264,2,1,0
WORLD\EXPANSION03\DOODADS\VASHJIR\SEAMONSTER\VJ_SEAMONSTER_BONESSKULL_03.M2,55549,264,2,1,0
WORLD\EXPANSION03\DOODADS\VASHJIR\SEAMONSTER\VJ_SEAMONSTER_BONESSKULL_04.M2,66029,264,2,1,0
WORLD\EXPANSION03\DOODADS\VASHJIR\SHELLS\VJ_GIANT_SHELLS08.M2,26066,264,1,1,0
WORLD\EXPANSION03\DOODADS\VASHJIR\SHELLS\VJ_GIANT_SHELLS08_TILT.M2,23506,264,1,1,0
WORLD\EXPANSION03\DOODADS\VASHJIR\SHELLS\VJ_GIANT_SHELLS09.M2,10082,264,1,1,0
WORLD\EXPANSION03\DOODADS\VASHJIR\SHELLS\VJ_GIANT_SHELLS09_BLUE.M2,10354,264,1,1,0
WORLD\EXPANSION03\DOODADS\VASHJIR\SHELLS\VJ_GIANT_SHELLS10_ORANGE.M2,11410,264,1,1,0
WORLD\EXPANSION03\DOODADS\VASHJIR\TUBEWORMS\VJ_GLOWINGTUBEWORMCLUSTER02.M2,20530,264,1,1,0
WORLD\EXPANSION03\DOODADS\VASHJIR\TUBEWORMS\VJ_GLOWINGTUBEWORMS01.M2,12450,264,4,1,0
WORLD\EXPANSION03\DOODADS\VASHJIR\TUBEWORMS\VJ_TUBEWORMCLUSTER04.M2,17506,264,5,1,0
WORLD\EXPANSION03\DOODADS\VASHJIR\VOLCANO\VJ_VOLCANICVENT05.M2,39026,264,1,1,0
WORLD\EXPANSION03\DOODADS\VASHJIR\WHIRLPOOLS\VJ_WHIRLPOOL01.M2,77052,264,1,1,0
WORLD\EXPANSION06\DOODADS\ARAKNASHAL\7AN_ROCKSTACKCLUSTER_A01.M2,38202,264,1,1,0
WORLD\EXPANSION06\DOODADS\ARAKNASHAL\7AN_ROCKSTACKCLUSTER_B01.M2,55706,264,1,1,0
WORLD\EXPANSION06\DOODADS\ARAKNASHAL\7AN_ROCKSTACKCLUSTER_B02.M2,45482,264,1,1,0
WORLD\EXPANSION06\DOODADS\ARAKNASHAL\7AN_ROCKSTACKCLUSTER_C01.M2,60778,264,1,1,0
WORLD\EXPANSION06\DOODADS\ARAKNASHAL\7AN_ROCKSTACK_RUNES_B01.M2,12111,264,1,1,0
WORLD\EXPANSION06\DOODADS\ARAKNASHAL\7AN_ROCKSTACK_RUNES_C01.M2,14185,264,1,1,0
WORLD\EXPANSION06\DOODADS\DUNGEON\DOODADS\7DU_HELHEIMRAID_HELYAROCK01.M2,165945,264,6,1,0
WORLD\EXPANSION06\DOODADS\DUNGEON\DOODADS\7DU_TOMBOFSARGERAS_NAGATHRONE01.M2,237360,264,1,1,0
WORLD\EXPANSION06\DOODADS\HIGHMOUNTAIN\7HM_LARGEROCK_B03.M2,20610,264,1,1,0
WORLD\EXPANSION06\DOODADS\HIGHMOUNTAIN\7HM_ROCKSPIKE_B02.M2,6130,264,1,1,0
WORLD\EXPANSION06\DOODADS\MURLOC\7MU_MURLOC_BARREL01.M2,18962,264,1,1,0
WORLD\EXPANSION06\DOODADS\MURLOC\7MU_MURLOC_BARREL03.M2,11042,264,1,1,0
WORLD\EXPANSION06\DOODADS\MURLOC\7MU_MURLOC_BARREL_DESTROYED.M2,21234,264,1,1,0
WORLD\EXPANSION06\DOODADS\MURLOC\7MU_MURLOC_BOATSHACK01.M2,53106,264,1,1,0
WORLD\EXPANSION06\DOODADS\MURLOC\7MU_MURLOC_BOATSHACK02.M2,57042,264,1,1,0
WORLD\EXPANSION06\DOODADS\MURLOC\7MU_MURLOC_BOATSHACK_DEBRIS01.M2,8530,264,1,1,0
WORLD\EXPANSION06\DOODADS\MURLOC\7MU_MURLOC_BOATSHACK_PLANK01.M2,3138,264,1,1,0
WORLD\EXPANSION06\DOODADS\MURLOC\7MU_MURLOC_BOATSHACK_PLANK02.M2,2946,264,1,1,0
WORLD\EXPANSION06\DOODADS\MURLOC\7MU_MURLOC_FOOD_CRAB02.M2,23106,264,1,1,0
WORLD\EXPANSION06\DOODADS\MURLOC\7MU_MURLOC_FOOD_FISH02.M2,3762,264,1,1,0
WORLD\EXPANSION06\DOODADS\MURLOC\7MU_MURLOC_FOOD_FISH03.M2,6402,264,1,1,0
WORLD\EXPANSION06\DOODADS\MURLOC\7MU_MURLOC_FOOD_FISH04.M2,12066,264,1,1,0
WORLD\EXPANSION06\DOODADS\MURLOC\7MU_MURLOC_HANGINGTRINKET02.M2,4258,264,1,1,0
WORLD\EXPANSION06\DOODADS\MURLOC\7MU_MURLOC_HUT01_EMPTY.M2,102530,264,1,1,0
WORLD\EXPANSION06\DOODADS\MURLOC\7MU_MURLOC_HUT02.M2,103080,264,1,1,0
WORLD\EXPANSION06\DOODADS\MURLOC\7MU_MURLOC_HUT02_EMPTY.M2,80050,264,1,1,0
WORLD\EXPANSION06\DOODADS\MURLOC\7MU_MURLOC_HUT03.M2,93992,264,1,1,0
WORLD\EXPANSION06\DOODADS\MURLOC\7MU_MURLOC_JUNKPILE01.M2,44530,264,1,1,0
WORLD\EXPANSION06\DOODADS\MURLOC\7MU_MURLOC_JUNKPILE02.M2,62642,264,1,1,0
WORLD\EXPANSION06\DOODADS\MURLOC\7MU_MURLOC_JUNKPILE03.M2,53602,264,1,1,0
WORLD\EXPANSION06\DOODADS\MURLOC\7MU_MURLOC_SHIPTOWER01.M2,242552,264,3,1,0
WORLD\EXPANSION06\DOODADS\MURLOC\7MU_MURLOC_SHIPTOWER02.M2,109416,264,1,1,0
WORLD\EXPANSION06\DOODADS\MURLOC\7MU_MURLOC_STANDARD01.M2,25346,264,1,1,0
WORLD\EXPANSION06\DOODADS\MURLOC\7MU_MURLOC_TOOL_HAMMER.M2,10626,264,1,1,0
WORLD\EXPANSION06\DOODADS\MURLOC\7MU_MURLOC_TORCH01.M2,35882,264,1,1,0
WORLD\EXPANSION06\DOODADS\MURLOC\7MU_MURLOC_TORCH02.M2,21426,264,1,1,0
WORLD\EXPANSION06\DOODADS\MURLOC\7MU_MURLOC_WEAPONRACK01.M2,35954,264,1,1,0
WORLD\EXPANSION06\DOODADS\MURLOC\7MU_MURLOC_WEAPONRACK02.M2,39074,264,1,1,0
WORLD\EXPANSION06\DOODADS\MURLOC\7MU_MURLOC_WEAPONRACK03.M2,42386,264,1,1,0
WORLD\EXPANSION06\DOODADS\NAGA\7NG_NAGA_BANNER01.M2,63192,264,3,1,0
WORLD\EXPANSION06\DOODADS\NAGA\7NG_NAGA_BARRICADE01.M2,30796,264,1,1,0
WORLD\EXPANSION06\DOODADS\NAGA\7NG_NAGA_BARRICADE02.M2,16732,264,1,1,0
WORLD\EXPANSION06\DOODADS\NAGA\7NG_NAGA_CAGE.M2,41768,264,5,1,0
WORLD\EXPANSION06\DOODADS\NAGA\7NG_NAGA_CANNON.M2,178136,264,3,2,0
WORLD\EXPANSION06\DOODADS\NAGA\7NG_NAGA_CHESTLARGE_OPEN01.M2,74426,264,1,1,0
WORLD\EXPANSION06\DOODADS\NAGA\7NG_NAGA_CHESTSMALL_CLOSED01.M2,30866,264,5,1,0
WORLD\EXPANSION06\DOODADS\NAGA\7NG_NAGA_CHESTSMALL_OPEN01.M2,28850,264,1,1,0
WORLD\EXPANSION06\DOODADS\NAGA\7NG_NAGA_HARPOON.M2,10184,264,1,1,0
WORLD\EXPANSION06\DOODADS\NAGA\7NG_NAGA_INCUBATOR.M2,128338,264,2,1,0
WORLD\EXPANSION06\DOODADS\NAGA\7NG_NAGA_JAR01.M2,7510,264,1,1,0
WORLD\EXPANSION06\DOODADS\NAGA\7NG_NAGA_NAUGILUS01.M2,36962,264,1,1,0
WORLD\EXPANSION06\DOODADS\NAGA\7NG_NAGA_SHELL.M2,19922,264,1,1,0
WORLD\EXPANSION06\DOODADS\NAGA\7NG_NAGA_SUPPLIES01.M2,110762,264,1,1,0
WORLD\EXPANSION06\DOODADS\NAGA\7NG_NAGA_SUPPLIES02.M2,149981,264,1,1,0
WORLD\EXPANSION06\DOODADS\NAGA\7NG_NAGA_SUPPLIES03.M2,403608,264,1,1,0
WORLD\EXPANSION06\DOODADS\NAGA\7NG_NAGA_TORCH01_LIGHT.M2,14832,264,2,1,0
WORLD\EXPANSION06\DOODADS\NAGA\7NG_NAGA_TRIDENT.M2,8936,264,1,1,0
WORLD\EXPANSION06\DOODADS\NAGA\7NG_NAGA_VASE.M2,7509,264,1,1,0
WORLD\EXPANSION06\DOODADS\NAGA\7NG_NAGA_WEAPONCRATE_CLOSED01.M2,29951,264,5,1,0
WORLD\EXPANSION06\DOODADS\NAGA\7NG_NAGA_WEAPONRACK01.M2,74941,264,1,1,0
WORLD\EXPANSION06\DOODADS\NAGA\7NG_NAGA_WEAPONRACK02.M2,81613,264,1,1,0
WORLD\EXPANSION06\DOODADS\SEAGIANT\7SG_SEAGIANT_ANCHOR01.M2,14872,264,1,1,0
WORLD\EXPANSION06\DOODADS\SEAGIANT\7SG_SEAGIANT_ANCHOR_LAMP02.M2,52186,264,1,1,0
WORLD\EXPANSION06\DOODADS\SEAGIANT\7SG_SEAGIANT_ANCHOR_LAMP03.M2,67306,264,1,1,0
WORLD\EXPANSION06\DOODADS\SEAGIANT\7SG_SEAGIANT_BROKENMAST01.M2,92376,264,1,1,0
WORLD\EXPANSION06\DOODADS\SEAGIANT\7SG_SEAGIANT_BROKENMAST02.M2,79080,264,1,1,0
WORLD\EXPANSION06\DOODADS\SEAGIANT\7SG_SEAGIANT_BROKENMAST03.M2,63697,264,1,1,0
WORLD\EXPANSION06\DOODADS\SEAGIANT\7SG_SEAGIANT_BROKENMAST04.M2,15848,264,1,1,0
WORLD\EXPANSION06\DOODADS\SEAGIANT\7SG_SEAGIANT_BROKENMAST05.M2,13928,264,1,1,0
WORLD\EXPANSION06\DOODADS\SEAGIANT\7SG_SEAGIANT_DEBRIS01.M2,15143,264,1,1,0
WORLD\EXPANSION06\DOODADS\SEAGIANT\7SG_SEAGIANT_DEBRIS02.M2,19127,264,1,1,0
WORLD\EXPANSION06\DOODADS\SEAGIANT\7SG_SEAGIANT_DEBRIS03.M2,18487,264,1,1,0
WORLD\EXPANSION06\DOODADS\SEAGIANT\7SG_SEAGIANT_DEBRIS04.M2,8871,264,1,1,0
WORLD\EXPANSION06\DOODADS\SEAGIANT\7SG_SEAGIANT_DEBRIS_PLANK01.M2,4813,264,1,1,0
WORLD\EXPANSION06\DOODADS\SEAGIANT\7SG_SEAGIANT_DEBRIS_PLANK01_FLOATING.M2,4706,264,3,1,0
WORLD\EXPANSION06\DOODADS\SEAGIANT\7SG_SEAGIANT_DEBRIS_PLANK02.M2,4829,264,1,1,0
WORLD\EXPANSION06\DOODADS\SEAGIANT\7SG_SEAGIANT_DEBRIS_PLANK03.M2,5309,264,1,1,0
WORLD\EXPANSION06\DOODADS\SEAGIANT\7SG_SEAGIANT_MASTTORCH03.M2,111882,264,1,1,0
WORLD\EXPANSION06\DOODADS\SEAGIANT\7SG_SEAGIANT_PIERPILING01.M2,45707,264,1,1,0
WORLD\EXPANSION06\DOODADS\SEAGIANT\7SG_SEAGIANT_PIERPILING02.M2,42242,264,1,1,0
WORLD\EXPANSION06\DOODADS\SEAGIANT\7SG_SEAGIANT_PIERPILING03.M2,32379,264,1,1,0
WORLD\EXPANSION06\DOODADS\SEAGIANT\7SG_SEAGIANT_PIERPILING04.M2,17451,264,1,1,0
WORLD\EXPANSION06\DOODADS\SEAGIANT\7SG_SEAGIANT_PIERPILING05.M2,14299,264,1,1,0
WORLD\EXPANSION06\DOODADS\SEAGIANT\7SG_SEAGIANT_PIERPILING06.M2,77163,264,1,1,0
WORLD\EXPANSION06\DOODADS\SEAGIANT\7SG_SEAGIANT_PIERPILING07.M2,80939,264,1,1,0
WORLD\EXPANSION06\DOODADS\SEAGIANT\7SG_SEAGIANT_POLE01.M2,20850,264,1,1,0
WORLD\EXPANSION06\DOODADS\SEAGIANT\7SG_SEAGIANT_POLE02.M2,19461,264,1,1,0
WORLD\EXPANSION06\DOODADS\SEAGIANT\7SG_SEAGIANT_SHIPLANTERN01_HANGING01.M2,24762,264,1,1,0
WORLD\EXPANSION06\DOODADS\SEAGIANT\7SG_SEAGIANT_SHIPLANTERN01_UNLIT.M2,17864,264,1,1,0
WORLD\EXPANSION06\DOODADS\SEAGIANT\7SG_SEAGIANT_SHIPLANTERN02_UNLIT.M2,33880,264,1,1,0
WORLD\EXPANSION06\DOODADS\SEAGIANT\7SG_SEAGIANT_SLAVEWEAPONS01.M2,28963,264,2,1,0
WORLD\EXPANSION06\DOODADS\SEAGIANT\7SG_SEAGIANT_TATTEREDSAIL03.M2,469645,264,3,1,0
WORLD\EXPANSION06\DOODADS\SEAGIANT\7SG_SEAGIANT_WEAPON01.M2,35432,264,1,1,0
WORLD\EXPANSION06\DOODADS\SEAGIANT\7SG_SEAGIANT_WEAPON02.M2,51320,264,1,1,0
WORLD\EXPANSION06\DOODADS\SEAGIANT\7SG_SEAGIANT_WEAPON03.M2,27901,264,1,1,0
WORLD\EXPANSION06\DOODADS\SEAGIANT\7SG_SEAGIANT_WEAPONRACK01.M2,210257,264,1,1,0
WORLD\EXPANSION06\DOODADS\SEAGIANT\7SG_SEAGIANT_WEAPONRACK02.M2,211224,264,1,1,0
WORLD\EXPANSION06\DOODADS\VRYKUL\7VR_VRYKUL_BONE02.M2,4435,264,1,1,0
WORLD\EXPANSION06\DOODADS\VRYKUL\7VR_VRYKUL_BONEPILE01.M2,23714,264,1,1,0
WORLD\EXPANSION06\DOODADS\VRYKUL\7VR_VRYKUL_BONEPILE02.M2,45170,264,1,1,0
WORLD\EXPANSION06\DOODADS\VRYKUL\7VR_VRYKUL_BONEPILE03.M2,59378,264,1,1,0
WORLD\EXPANSION06\DOODADS\VRYKUL\7VR_VRYKUL_GIBBET.M2,31433,264,5,1,0
WORLD\EXPANSION06\DOODADS\VRYKUL\7VR_VRYKUL_GIBBET01.M2,19413,264,1,1,0
WORLD\EXPANSION06\DOODADS\VRYKUL\7VR_VRYKUL_RUNEROCK01.M2,6431,264,1,1,0
WORLD\EXPANSION06\DOODADS\VRYKUL\7VR_VRYKUL_RUNEROCK02.M2,6143,264,1,1,0
WORLD\EXPANSION06\DOODADS\VRYKUL\7VR_VRYKUL_RUNEROCK03.M2,7439,264,1,1,0
WORLD\GENERIC\NIGHTELF\PASSIVE DOODADS\RUINS\AZRELFRUIN_UW01.M2,14210,264,1,1,0
WORLD\GENERIC\NIGHTELF\PASSIVE DOODADS\RUINS\AZRELFRUIN_UW03.M2,7650,264,1,1,0
WORLD\GENERIC\NIGHTELF\PASSIVE DOODADS\RUINS\AZRELFRUIN_UW04.M2,4754,264,1,1,0
WORLD\GENERIC\NIGHTELF\PASSIVE DOODADS\RUINS\AZRELFRUIN_UW07.M2,10610,264,1,1,0
WORLD\GENERIC\NIGHTELF\PASSIVE DOODADS\RUINS\AZRELFRUIN_UW08.M2,25682,264,1,1,0
WORLD\GENERIC\NIGHTELF\PASSIVE DOODADS\RUINS\AZRELFRUIN_UW09.M2,18818,264,1,1,0
WORLD\GENERIC\NIGHTELF\PASSIVE DOODADS\RUINS\AZRELFRUIN_UW10.M2,19074,264,1,1,0
WORLD\GENERIC\PASSIVEDOODADS\DEATHSKELETONS\NAGAFEMALEDEATHSKELETON.M2,41618,264,39,1,0
WORLD\GENERIC\PASSIVEDOODADS\DEATHSKELETONS\NAGAMALEDEATHSKELETON.M2,40690,264,40,1,0
WORLD\GENERIC\PASSIVEDOODADS\FISH\FISHSCHOOL_05.M2,109442,264,1,4,0
WORLD\GENERIC\PASSIVEDOODADS\FISH\FISH_FELBLOOD_SNAPPA.M2,197106,264,1,2,0
WORLD\GENERIC\PVP\COLLISIONWALL\COLLISIONWALLPVP02.M2,2098,264,1,1,0
WORLD\NODXT\DETAIL\TU_GRA01.M2,1730,264,1,1,0
WORLD\SKILLACTIVATED\TRADESKILLNODES\BLACKROCK_MININGNODE_NORMAL.M2,23048,264,1,1,0
WORLD\SKILLACTIVATED\TRADESKILLNODES\BLACKROCK_MININGNODE_RICH.M2,36456,264,1,1,0
WORLD\EXPANSION02\DOODADS\HOWLINGFJORD\FOG\HFJORD_FOG_01.M2,5663,264,1,1,0
WORLD\EXPANSION06\DOODADS\NAGA\7NG_NAGA_BARRICADE01.M2,31112,264,1,1,0
WORLD\EXPANSION06\DOODADS\NAGA\7NG_NAGA_SUPPLIES01.M2,111076,264,1,1,0
WORLD\GENERIC\PVP\COLLISIONWALL\COLLISIONWALLPVP02.M2,2098,264,1,1,0
WORLD\EXPANSION06\DOODADS\NAGA\7NG_NAGA_TORCH01_LIGHT.M2,37105,264,2,1,0
WORLD\SKILLACTIVATED\TRADESKILLNODES\BLACKROCK_MININGNODE_NORMAL.M2,23048,264,1,1,0
WORLD\SKILLACTIVATED\TRADESKILLNODES\BLACKROCK_MININGNODE_RICH.M2,36456,264,1,1,0
INTERIORS\BUILDINGS\ND_FORSAKEN\ND_FORSAKEN_SHIPWRECKSKULLS.m2,46032,264,1,1,0
WORLD\AZEROTH\BURNINGSTEPPES\PASSIVEDOODADS\BONFIRE\ORCBONFIRE.m2,26256,264,1,1,0
WORLD\AZEROTH\BURNINGSTEPPES\PASSIVEDOODADS\ORCSLEEPMATS\ORCSLEEPMAT03.m2,992,264,1,1,0
WORLD\AZEROTH\DUSKWOOD\BUILDINGS\GNOLLTENT\GNOLLTENT02.m2,6848,264,3,1,0
WORLD\AZEROTH\DUSKWOOD\PASSIVEDOODADS\COFFIN\COFFIN.m2,5024,264,1,1,0
WORLD\AZEROTH\Elwynn\PassiveDoodads\DETAIL\ELWYNNCATAILS01\ELWYNNCATAILS01.m2,1376,264,1,1,0
WORLD\AZEROTH\Elwynn\PassiveDoodads\DETAIL\ELWYNNCATAILS02\ELWYNNCATAILS02.m2,2624,264,1,1,0
WORLD\AZEROTH\Elwynn\PassiveDoodads\DETAIL\ELWYNNREEDS01\ELWYNNREEDS01.m2,2720,264,1,1,0
WORLD\AZEROTH\Elwynn\PassiveDoodads\DETAIL\ELWYNNSEAWEED01\ELWYNNSEAWEED01.m2,3008,264,1,1,0
WORLD\AZEROTH\Elwynn\PassiveDoodads\DETAIL\ELWYNNVINES02\ELWYNNVINES02.m2,2432,264,1,1,0
WORLD\AZEROTH\KARAZAHN\PASSIVEDOODADS\CRATES\KARAZAHNCRATE01.m2,2080,264,1,1,0
WORLD\AZEROTH\SwampOSorrow\PassiveDoodads\PLANTS\SWAMPPLANT04.m2,2720,264,1,1,0
WORLD\AZEROTH\SwampOSorrow\PassiveDoodads\ROCKS\SWAMPSORROWROCK01.m2,2000,264,1,1,0
WORLD\AZEROTH\SwampOSorrow\PassiveDoodads\SWAMPBEASTBONES\SWAMPBEASTBONE01.m2,22272,264,1,1,0
WORLD\AZEROTH\SwampOSorrow\PassiveDoodads\VINES\SWAMPHANGINGVINES02.m2,4240,264,1,1,0
WORLD\AZEROTH\TheBlastedlands\PassiveDoodads\Bones\BLASTEDLANDSSKULL01.m2,1808,264,1,1,0
WORLD\AZEROTH\TheBlastedlands\PassiveDoodads\Bones\BLASTEDLANDSSPINE01.m2,7104,264,1,1,0
WORLD\AZEROTH\WESTFALL\PASSIVEDOODADS\BROKENCART\BROKENCART.m2,22976,264,10,1,0
WORLD\AZEROTH\WESTFALL\PASSIVEDOODADS\WRECKEDROWBOAT\WRECKEDROWBOAT.m2,33600,264,1,1,0
WORLD\DUNGEON\GOLDSHIREINN\INNBARREL\INNBARREL.m2,6096,264,1,1,0
WORLD\EXPANSION02\DOODADS\BOREANTUNDRA\BEACH\BOREAN_SEAWEED_01.m2,10128,264,1,1,0
WORLD\EXPANSION02\DOODADS\BOREANTUNDRA\BEACH\BOREAN_SEAWEED_02.m2,10512,264,1,1,0
WORLD\EXPANSION02\DOODADS\BOREANTUNDRA\BEACH\BOREAN_SEAWEED_03.m2,1104,264,1,1,0
WORLD\EXPANSION02\DOODADS\BOREANTUNDRA\BUSHES\BOREAN_SHRUB_02.m2,45376,264,1,1,0
WORLD\EXPANSION02\DOODADS\BOREANTUNDRA\BUSHES\BOREAN_SHRUB_04.m2,32368,264,1,2,0
WORLD\EXPANSION02\DOODADS\DALARAN\TRADESKILL_FIRSTAID_02.m2,8000,264,1,1,0
WORLD\EXPANSION02\DOODADS\DRAGONBLIGHT\DRAGONBLIGHT_DEBRISPILE_02.m2,147248,264,1,1,0
WORLD\EXPANSION02\DOODADS\GENERIC\VRYKUL\HAY\VR_STRAW_SMALL_01.M2,34208,264,1,1,0
WORLD\EXPANSION02\DOODADS\SCHOLAZAR\SHIPWRECK_D\SHIPWRECK_SAILS.m2,3280,264,1,1,0
WORLD\GENERIC\DARKIRONDWARF\PASSIVE DOODADS\WOODPLANKS\DARKIRONWOODPLANKS02.m2,11616,264,1,1,0
WORLD\GENERIC\GNOME\PASSIVE DOODADS\BUCKETS\GNOMEBUCKET05.m2,9008,264,1,1,0
WORLD\GENERIC\HUMAN\PASSIVE DOODADS\ANCHOR\DEADMINEANCHOR.m2,7328,264,1,1,0
WORLD\GENERIC\HUMAN\PASSIVE DOODADS\ANIMALHEADS\STUFFEDFRENZY.m2,9808,264,8,1,0
WORLD\GENERIC\HUMAN\PASSIVE DOODADS\ARTWORK\STORMWINDPAINTING04.m2,2432,264,1,1,0
WORLD\GENERIC\HUMAN\PASSIVE DOODADS\BEERKEGS\BEERKEG01.m2,23568,264,1,1,0
WORLD\GENERIC\HUMAN\PASSIVE DOODADS\BEERKEGS\BEERKEG02.m2,19584,264,1,1,0
WORLD\GENERIC\HUMAN\PASSIVE DOODADS\BOOKS\BOOKMEDIUM05.m2,3184,264,1,1,0
WORLD\GENERIC\HUMAN\PASSIVE DOODADS\BOOKS\BOOKSMALLOPEN02.m2,3856,264,1,1,0
WORLD\GENERIC\HUMAN\PASSIVE DOODADS\BOTTLES\GREENBOTTLE02.m2,3856,264,1,1,0
WORLD\GENERIC\HUMAN\PASSIVE DOODADS\BUCKETS\BUCKET.m2,7392,264,1,1,0
WORLD\GENERIC\HUMAN\PASSIVE DOODADS\CANNON\CANNON01.m2,17072,264,1,1,0
WORLD\GENERIC\HUMAN\PASSIVE DOODADS\CARGONETBOXES\DEADMINECARGONETBOXES.m2,14736,264,1,1,0
WORLD\GENERIC\HUMAN\PASSIVE DOODADS\CARGONETS\DEADMINECARGONET01.m2,2384,264,1,1,0
WORLD\GENERIC\HUMAN\PASSIVE DOODADS\CARGONETS\DEADMINECARGONET02.m2,3024,264,1,1,0
WORLD\GENERIC\HUMAN\PASSIVE DOODADS\CARGONETS\DEADMINECARGONETHANG.m2,17168,264,1,1,0
WORLD\GENERIC\HUMAN\PASSIVE DOODADS\CARGONETS\DEADMINECARGONETHANGSHORT.m2,7664,264,1,1,0
WORLD\GENERIC\HUMAN\PASSIVE DOODADS\CARGONETS\DEADMINECARGONETLARGE.m2,2448,264,1,1,0
WORLD\GENERIC\HUMAN\PASSIVE DOODADS\CAULDRONS\CAULDRONEMPTY.m2,9024,264,1,1,0
WORLD\GENERIC\HUMAN\PASSIVE DOODADS\CHAIRS\GENERALCHAIRLOEND01.m2,5792,264,1,1,0
WORLD\GENERIC\HUMAN\PASSIVE DOODADS\CRATES\REPLACECRATE01.m2,2048,264,1,1,0
WORLD\GENERIC\HUMAN\PASSIVE DOODADS\CRATES\STORMWINDCRATE01.m2,2352,264,1,1,0
WORLD\GENERIC\HUMAN\PASSIVE DOODADS\DEADMINEPOWDERKEG\DEADMINEPOWDERKEG.m2,3728,264,1,1,0
WORLD\GENERIC\HUMAN\PASSIVE DOODADS\FOOD&UTENSILS\KITCHENKNIFE01.m2,3664,264,9,1,0
WORLD\GENERIC\HUMAN\PASSIVE DOODADS\LANTERNS\GENERALLANTERN01.m2,7376,264,1,1,0
WORLD\GENERIC\HUMAN\PASSIVE DOODADS\LUMBERPILES\DEADMINELUMBERPILESMALL.m2,4976,264,1,1,0
WORLD\GENERIC\HUMAN\PASSIVE DOODADS\MEAT\BLOODYMEAT01.m2,10352,264,1,1,0
WORLD\GENERIC\HUMAN\PASSIVE DOODADS\MEAT\BLOODYMEAT02.m2,9104,264,1,1,0
WORLD\GENERIC\HUMAN\PASSIVE DOODADS\MOPS\MOP.m2,1872,264,1,1,0
WORLD\GENERIC\HUMAN\PASSIVE DOODADS\MUGS\MUG02.m2,6048,264,9,1,0
WORLD\GENERIC\HUMAN\PASSIVE DOODADS\SCROLLS\SCROLLMAP.m2,1648,264,1,1,0
WORLD\GENERIC\HUMAN\PASSIVE DOODADS\SIGNPOSTS\HUMANSIGNPOST04.m2,13936,264,1,1,0
WORLD\GENERIC\HUMAN\PASSIVE DOODADS\TABLES\DUSKWOODTABLE01.m2,14320,264,1,1,0
WORLD\GENERIC\HUMAN\PASSIVE DOODADS\TABLES\INNTABLETINY.m2,6752,264,1,1,0
WORLD\GENERIC\NIGHTELF\PASSIVE DOODADS\LANTERNS\NIGHTELFLANTERN01.m2,13296,264,1,1,0
WORLD\GENERIC\NIGHTELF\PASSIVE DOODADS\STEPPINGSTONES\STEPPINGSTONE01.m2,3168,264,1,1,0
WORLD\GENERIC\NIGHTELF\PASSIVE DOODADS\STEPPINGSTONES\STEPPINGSTONE02.m2,2608,264,1,1,0
WORLD\GENERIC\NIGHTELF\PASSIVE DOODADS\STONERUNES\KALIDARSTONERUNE01.m2,3472,264,1,1,0
WORLD\GENERIC\NIGHTELF\PASSIVE DOODADS\STONERUNES\KALIDARSTONERUNE02.m2,3472,264,1,1,0
WORLD\GENERIC\NIGHTELF\PASSIVE DOODADS\STONERUNES\KALIDARSTONERUNE03.m2,5968,264,1,1,0
WORLD\GENERIC\OGRE\PASSIVE DOODADS\TORCHES\OGREWALLTORCH.m2,6848,264,1,1,0
WORLD\GENERIC\ORC\PASSIVE DOODADS\BARRELSANDCRATES\ORCCRATE01.m2,5696,264,5,1,0
WORLD\GENERIC\ORC\PASSIVE DOODADS\BARRELSANDCRATES\ORCCRATE03.m2,2240,264,1,1,0
WORLD\GENERIC\ORC\PASSIVE DOODADS\BARRELSANDCRATES\ORCCRATE07.m2,13008,264,1,1,0
WORLD\GENERIC\ORC\PASSIVE DOODADS\BARRELSANDCRATES\ORCCRATE10.m2,2256,264,1,1,0
WORLD\GENERIC\ORC\PASSIVE DOODADS\BARRELSANDCRATES\ORCCRATEBROKEN01.m2,27552,264,1,1,0
WORLD\GENERIC\ORC\PASSIVE DOODADS\BARRELSANDCRATES\ORCCRATEBROKEN02.m2,22160,264,1,1,0
WORLD\GENERIC\ORC\PASSIVE DOODADS\BARRELSANDCRATES\ORCCRATEBROKEN03.m2,13136,264,1,1,0
WORLD\GENERIC\ORC\PASSIVE DOODADS\BURNTOUTPOSTS\BURNTOUTPOST04.m2,5072,264,1,1,0
WORLD\GENERIC\ORC\PASSIVE DOODADS\BURNTOUTPOSTS\BURNTOUTPOST05.m2,2608,264,1,1,0
WORLD\GENERIC\ORC\PASSIVE DOODADS\BURNTOUTPOSTS\BURNTOUTPOST06.m2,1664,264,1,1,0
WORLD\GENERIC\ORC\PASSIVE DOODADS\HAMMOCKS\HAMMOCK02.m2,14768,264,9,1,0
WORLD\GENERIC\ORC\PASSIVE DOODADS\HAMMOCKS\HAMMOCK03.m2,17808,264,1,1,0
WORLD\GENERIC\ORC\PASSIVE DOODADS\HAMMOCKS\HAMMOCK04.m2,14768,264,9,1,0
WORLD\GENERIC\ORC\PASSIVE DOODADS\JARS\JARORC02.m2,2816,264,9,1,0
WORLD\GENERIC\ORC\PASSIVE DOODADS\JARS\JARORC05.m2,3440,264,9,1,0
WORLD\GENERIC\ORC\PASSIVE DOODADS\JARS\JARORC06.m2,3440,264,9,1,0
WORLD\GENERIC\ORC\PASSIVE DOODADS\WEAPONS\ORCAXE01.m2,2992,264,1,1,0
WORLD\GENERIC\ORC\PASSIVE DOODADS\WEAPONS\ORCAXE03.m2,2080,264,1,1,0
WORLD\GENERIC\PASSIVEDOODADS\BARREL\BARREL01.m2,4464,264,1,1,0
WORLD\GENERIC\PASSIVEDOODADS\BARREL\BROKENBARREL01.m2,9040,264,1,1,0
WORLD\GENERIC\PASSIVEDOODADS\BARREL\BROKENBARREL02.m2,7344,264,1,1,0
WORLD\GENERIC\PASSIVEDOODADS\CRATE01\CRATE01.m2,10000,264,5,1,0
WORLD\GENERIC\PASSIVEDOODADS\FISH\FISHSKEL01.m2,2704,264,1,1,0
WORLD\GENERIC\PASSIVEDOODADS\FISH\FISHSKEL02.m2,3232,264,1,1,0
WORLD\GENERIC\PASSIVEDOODADS\FLOATINGDEBRIS\FLOATINGBARREL01.m2,5456,264,1,1,0
WORLD\GENERIC\PASSIVEDOODADS\FLOATINGDEBRIS\FLOATINGBOARDS01.m2,8512,264,1,1,0
WORLD\GENERIC\PASSIVEDOODADS\FLOATINGDEBRIS\FLOATINGCRATE01.m2,2432,264,1,1,0
WORLD\GENERIC\PASSIVEDOODADS\FURNITURE\CONTAINERS\BARREL02.m2,4672,264,1,1,0
WORLD\GENERIC\PASSIVEDOODADS\FURNITURE\CONTAINERS\SACK01.m2,2848,264,1,1,0
WORLD\GENERIC\PASSIVEDOODADS\FURNITURE\REFUSE\BONE01.m2,2208,264,9,1,0
WORLD\GENERIC\PASSIVEDOODADS\FURNITURE\REFUSE\BONE02.m2,2256,264,9,1,0
WORLD\GENERIC\PASSIVEDOODADS\PARTICLEEMITTERS\BUBBLES01.m2,2848,264,1,1,0
WORLD\GENERIC\PASSIVEDOODADS\PARTICLEEMITTERS\BUBBLESB.m2,2752,264,1,1,0
WORLD\GENERIC\PASSIVEDOODADS\PARTICLEEMITTERS\BUBBLESB_BIGEMITTER.m2,2032,264,1,1,0
WORLD\GENERIC\PASSIVEDOODADS\SHIPS\SHIPANIMATION\VRYKUL_FLAME_PARTICLE.m2,3552,264,1,1,0
WORLD\GENERIC\PASSIVEDOODADS\WALL\BONES\CAVEWALLBONES02.m2,12576,264,1,1,0
WORLD\GENERIC\PASSIVEDOODADS\WEAPONCRATES\WEAPONCRATEHORDEAXEOPEN.m2,28656,264,1,1,0
WORLD\GENERIC\PASSIVEDOODADS\WEAPONS\NAGA_TRIDENT.m2,8368,264,1,1,0
WORLD\GENERIC\TAUREN\PASSIVE DOODADS\SACKS\TAURENSACK02.m2,3328,264,1,1,0
WORLD\GENERIC\UNDERWATER\PASSIVEDOODADS\PLANTS\PLANT02.m2,10000,264,1,1,0
WORLD\GENERIC\UNDERWATER\PASSIVEDOODADS\SEAWEED\GENERICSEAWEED06.m2,1568,264,1,1,0
WORLD\GENERIC\UNDERWATER\PASSIVEDOODADS\SEAWEED\GENERICSEAWEED07.m2,2000,264,1,1,0
WORLD\GENERIC\UNDERWATER\PASSIVEDOODADS\SEAWEED\GENERICSEAWEED08.m2,3568,264,1,1,0
WORLD\GENERIC\UNDERWATER\PASSIVEDOODADS\SEAWEED\GENERICSEAWEED10.m2,4288,264,1,1,0
WORLD\KALIMDOR\KALIDAR\PASSIVEDOODADS\KALIDARBUSHES\KALIDARBUSH01.m2,2000,264,1,1,0
WORLD\KALIMDOR\KALIDAR\PASSIVEDOODADS\KALIDARBUSHES\KALIDARBUSH02.m2,5072,264,1,1,0
WORLD\KALIMDOR\KALIDAR\PASSIVEDOODADS\KALIDARBUSHES\KALIDARBUSH03.m2,3680,264,1,1,0
WORLD\KALIMDOR\KALIDAR\PASSIVEDOODADS\KALIDARBUSHES\KALIDARBUSH04.m2,2624,264,1,1,0
WORLD\KALIMDOR\KALIDAR\PASSIVEDOODADS\KALIDARTREES\KALIDARTREE02.m2,10928,264,1,1,0
WORLD\KALIMDOR\KALIDAR\PASSIVEDOODADS\KALIDARTREES\KALIDARTREE03.m2,8752,264,1,1,0
WORLD\KALIMDOR\KALIDAR\PASSIVEDOODADS\KALIDARTREES\KALIDARTREE04.m2,8656,264,1,1,0
WORLD\KALIMDOR\KALIDAR\PASSIVEDOODADS\KALIDARTREES\KALIDARTREE05.m2,5776,264,1,1,0
WORLD\KHAZMODAN\WETLANDS\PASSIVEDOODADS\DRAGONBONES\DRAGONBONESBODY.m2,16864,264,2,1,0
WORLD\KHAZMODAN\WETLANDS\PASSIVEDOODADS\DRAGONBONES\DRAGONBONESSKULL.m2,24512,264,2,1,0
WORLD\LORDAERON\PLAGUELAND\PASSIVEDOODADS\ROCKS\PLAGUELANDROCK05.m2,4064,264,1,1,0
WORLD\BLACKROCKV2\PASSIVEDOODADS\BLACKROCKV2_BONESCHEWED_05.M2,5820,264,1,1,0
WORLD\BLACKROCKV2\PASSIVEDOODADS\BLACKROCKV2_BONESCHEWED_06.M2,7580,264,1,1,0
WORLD\BLACKROCKV2\PASSIVEDOODADS\BLACKROCKV2_BONESCHEWED_07.M2,6620,264,1,1,0
WORLD\CRITTER\FISH\FISHBASIC04.m2,60618,264,7,1,0
WORLD\ENVIRONMENT\DOODAD\GENERALDOODADS\STEAMCLOUDS\GENERIC_STEAM_CLOUD_THINNEST.M2,960,264,1,1,0
WORLD\EXPANSION02\DOODADS\GENERIC\VRYKUL\HAY\VR_STRAW_SMALL_01.M2,14562,264,1,1,0
WORLD\EXPANSION03\DOODADS\GENERIC\SEAHORSESTAND.m2,82754,264,1,1,0
WORLD\EXPANSION03\DOODADS\TWILIGHTHAMMER\DRAGONEGGS\TWILIGHTSHAMMER_DRAGONEGG_01.M2,67202,264,2,1,0
WORLD\EXPANSION03\DOODADS\TWILIGHTHAMMER\DRAGONEGGS\TWILIGHTSHAMMER_DRAGONEGG_02.M2,34594,264,1,1,0
WORLD\EXPANSION03\DOODADS\WORGEN\EFFECTS\WORGEN_PUDDLESPLASH_01.m2,2278,264,1,1,0
WORLD\EXPANSION03\DOODADS\WORGEN\EFFECTS\WORGEN_RAINDRIPS_01.M2,2203,264,1,1,0
WORLD\EXPANSION03\DOODADS\WORGEN\ITEMS\WORGEN_PAPER_PILE_02.m2,7046,264,1,1,0
WORLD\EXPANSION04\DOODADS\SAUROK\SAUROK_BONES_03.M2,54273,264,1,1,0
WORLD\EXPANSION04\DOODADS\SAUROK\SAUROK_BONES_05.M2,7393,264,1,1,0
WORLD\EXPANSION04\DOODADS\SAUROK\SAUROK_BONES_09.M2,70177,264,1,1,0
WORLD\EXPANSION04\DOODADS\SAUROK\SAUROK_BONES_10.M2,65073,264,1,1,0
WORLD\EXPANSION05\DOODADS\DUNGEON\DOODADS\6DU_MOONCULTIST_SKELETON_ORCMALE01.M2,46196,264,1,1,0
WORLD\EXPANSION05\DOODADS\DUNGEON\DOODADS\6DU_MOONCULTIST_SKELETON_ORCMALE02.M2,42178,264,1,1,0
WORLD\EXPANSION05\DOODADS\DUNGEON\DOODADS\6DU_MOONCULTIST_SKELETON_ORCMALE03.M2,37858,264,1,1,0
WORLD\EXPANSION05\DOODADS\FROSTWINDDESERT\DOODADS\6FW_BONE_RIBCAGE_01.M2,83346,264,1,1,0
WORLD\EXPANSION05\DOODADS\FROSTWINDDESERT\DOODADS\6FW_BONE_RIBS_01.M2,34194,264,1,1,0
WORLD\EXPANSION05\DOODADS\FROSTWINDDESERT\DOODADS\6FW_BONE_SPINE_01.M2,66994,264,1,1,0
WORLD\EXPANSION05\DOODADS\ORCCLANS\6OC_ORCCLANS_TORCH02.M2,6470,264,1,1,0
WORLD\EXPANSION05\DOODADS\ORCCLANS\6OC_ORCCLANS_TORCH02_LIGHT.M2,7282,264,2,1,0
WORLD\EXPANSION05\DOODADS\SABERON\6SB_SABERON_MEATS04.M2,66117,264,1,1,0
WORLD\EXPANSION05\DOODADS\SPIRESOFARRAK\DOODADS\6SA_MUSHROOM_B02.M2,9400,264,1,1,0
WORLD\EXPANSION05\DOODADS\SPIRESOFARRAK\DOODADS\6SA_MUSHROOM_WHITE_A01.M2,5176,264,1,1,0
WORLD\EXPANSION05\DOODADS\TALADOR\DOODADS\6TD_ROCKCLUSTER_A01.m2,7490,264,1,1,0
WORLD\EXPANSION05\DOODADS\TALADOR\DOODADS\6TD_ROCKCLUSTER_B01.m2,13874,264,1,1,0
WORLD\EXPANSION05\DOODADS\TALADOR\DOODADS\6TD_ROCK_B02.m2,7378,264,1,1,0
WORLD\EXPANSION05\DOODADS\TANAANJUNGLE\DOODADS\6TJ_PATCHFELPIECE01.M2,25080,264,1,1,0
WORLD\EXPANSION05\DOODADS\TANAANJUNGLE\DOODADS\6TJ_PATCHFELPIECE03.M2,26184,264,1,1,0
WORLD\EXPANSION05\DOODADS\TANAANJUNGLE\DOODADS\6TJ_PATCHFELPIECE11VEINS.M2,53952,264,1,1,0
WORLD\EXPANSION05\DOODADS\TANAANJUNGLE\DOODADS\6TJ_PATCHFELPIECE14VEINS.M2,34184,264,1,1,0
WORLD\EXPANSION05\DOODADS\ZANGARMARSH\DOODADS\6ZG_BUSH_GEN_A01.m2,18946,264,1,1,0
WORLD\EXPANSION05\DOODADS\ZANGARMARSH\DOODADS\6ZG_BUSH_GEN_A02.m2,20536,264,1,1,0
WORLD\EXPANSION05\DOODADS\ZANGARMARSH\DOODADS\6ZG_MUSHROOM_GEN_B01.m2,30998,264,1,1,0
WORLD\EXPANSION05\DOODADS\ZANGARMARSH\DOODADS\6ZG_MUSHROOM_SMALL_GEN_A01.m2,10162,264,1,1,0
WORLD\EXPANSION05\DOODADS\ZANGARMARSH\DOODADS\6ZG_MUSHROOM_SMALL_GEN_A03.m2,10322,264,1,1,0
WORLD\EXPANSION05\DOODADS\ZANGARMARSH\DOODADS\6ZG_MUSHROOM_SMALL_GEN_A05.m2,42706,264,1,1,0
WORLD\EXPANSION05\DOODADS\ZANGARMARSH\DOODADS\6ZG_MUSHROOM_SMALL_GEN_A06.m2,13074,264,1,1,0
WORLD\EXPANSION05\DOODADS\ZANGARMARSH\DOODADS\6ZG_MUSHROOM_SMALL_WATER_A02.m2,12706,264,1,1,0
WORLD\EXPANSION05\DOODADS\ZANGARMARSH\DOODADS\6ZG_MUSHROOM_SMALL_WATER_A03.m2,14850,264,1,1,0
WORLD\EXPANSION05\DOODADS\ZANGARMARSH\DOODADS\6ZG_MUSHROOM_TUBE_B01.m2,24210,264,1,1,0
WORLD\EXPANSION05\DOODADS\ZANGARMARSH\DOODADS\6ZG_MUSHROOM_TUBE_B02.m2,21634,264,1,1,0
WORLD\EXPANSION05\DOODADS\ZANGARMARSH\DOODADS\6ZG_SEABUSH_02.m2,14018,264,1,1,0
WORLD\Expansion06\Doodads\ArakNashal\7AN_ANCIENTTREEROOT_A01.M2,15481,264,1,1,0
WORLD\Expansion06\Doodads\ArakNashal\7AN_ANCIENTTREEROOT_B01.M2,16457,264,1,1,0
WORLD\Expansion06\Doodads\ArakNashal\7AN_ANCIENTTREEROOT_B02.M2,15865,264,1,1,0
WORLD\Expansion06\Doodads\ArakNashal\7AN_FUNGUS_A02.M2,3840,264,1,1,0
WORLD\Expansion06\Doodads\ArakNashal\7AN_FUNGUS_B02.M2,10048,264,1,1,0
WORLD\Expansion06\Doodads\ArakNashal\7AN_FUNGUS_C02.M2,12784,264,1,1,0
WORLD\Expansion06\Doodads\ArakNashal\7AN_LEAFPILE_B01.M2,3586,264,1,1,0
WORLD\Expansion06\Doodads\ArakNashal\7AN_MUSHROOMCLUMP_A02.M2,12711,264,1,1,0
WORLD\Expansion06\Doodads\ArakNashal\7AN_MUSHROOMCLUMP_B02.M2,21165,264,1,1,0
WORLD\Expansion06\Doodads\ArakNashal\7AN_MUSHROOMCLUMP_C02.M2,13911,264,1,1,0
WORLD\Expansion06\Doodads\ArakNashal\7AN_MUSHROOMCLUMP_C02_LIGHT.M2,14541,264,1,1,0
WORLD\Expansion06\Doodads\ArakNashal\7AN_ROCKSTACK_B01.M2,11715,264,1,1,0
WORLD\Expansion06\Doodads\ArakNashal\7AN_ROCKSTACK_C01.M2,13699,264,1,1,0
WORLD\Expansion06\Doodads\ArakNashal\7AN_ROCKSWAMP_A01.M2,6131,264,1,1,0
WORLD\Expansion06\Doodads\ArakNashal\7AN_ROCKSWAMP_B02.M2,7490,264,1,1,0
WORLD\Expansion06\Doodads\ArakNashal\7AN_ROCKSWAMP_C03.M2,11891,264,1,1,0
WORLD\Expansion06\Doodads\ArakNashal\7AN_ROCKSWAMP_C04.M2,7394,264,1,1,0
WORLD\Expansion06\Doodads\FX\7FX_LIGHTSHAFTGENERICSMALL.M2,3336,264,1,1,0
WORLD\Expansion06\Doodads\FX\7FX_LIGHTSHAFTGENERICSMALL_LIGHT.M2,4008,264,1,1,0
WORLD\Expansion06\Doodads\HighMountain\7HM_WHITEMUSHROOM_B01_LIGHT.M2,8514,264,1,1,0
WORLD\Expansion06\Doodads\HighMountain\7HM_WHITEMUSHROOM_C01_LIGHT.M2,12642,264,1,1,0
WORLD\Expansion06\Doodads\LEGION\7LG_LEGION_CAGE01.M2,83026,264,5,1,0
WORLD\Expansion06\Doodads\LEGION\7LG_LEGION_CAGE02.M2,97424,264,5,1,0
WORLD\Expansion06\Doodads\LEGION\7LG_LEGION_CAGEHANGING01.M2,88384,264,5,1,0
WORLD\Expansion06\Doodads\LEGION\7LG_LEGION_CAGEHANGINGANIM01.M2,108376,264,1,1,0
WORLD\Expansion06\Doodads\LEGION\7LG_LEGION_CAGEHANGINGANIM02.M2,142192,264,1,1,0
WORLD\Expansion06\Doodads\LEGION\7LG_LEGION_CAGEHANGINGANIM03.M2,167804,264,1,1,0
WORLD\Expansion06\Doodads\LEGION\7LG_LEGION_CHAINS02.M2,70994,264,1,1,0
WORLD\Expansion06\Doodads\LEGION\7LG_LEGION_CHAINS03.M2,69650,264,1,1,0
WORLD\Expansion06\Doodads\LEGION\7LG_LEGION_CHAINS06.M2,85010,264,1,1,0
WORLD\Expansion06\Doodads\LEGION\7LG_LEGION_CHAINS07.M2,122930,264,1,1,0
WORLD\Expansion06\Doodads\LEGION\7LG_LEGION_CHAINSENDCAP01.M2,3570,264,1,1,0
WORLD\Expansion06\Doodads\LEGION\7LG_LEGION_COMMUNICATIONORB01.M2,133278,264,5,1,0
WORLD\Expansion06\Doodads\LEGION\7LG_LEGION_TORCH02_LIGHT.M2,39930,264,2,1,0
WORLD\Expansion06\Doodads\Murloc\7MU_MURLOC_BARREL02.M2,15650,264,1,1,0
WORLD\Expansion06\Doodads\Murloc\7MU_MURLOC_CRATE01.M2,14978,264,1,1,0
WORLD\Expansion06\Doodads\Murloc\7MU_MURLOC_CRATE02.M2,13010,264,1,1,0
WORLD\Expansion06\Doodads\Murloc\7MU_MURLOC_CRATE03.M2,8306,264,1,1,0
WORLD\Expansion06\Doodads\Murloc\7MU_MURLOC_CRATE_DESTROYED.M2,12386,264,1,1,0
WORLD\Expansion06\Doodads\Murloc\7MU_MURLOC_FOOD_CRAB01.M2,13474,264,2,1,0
WORLD\Expansion06\Doodads\Murloc\7MU_MURLOC_FOOD_FISH01.M2,10146,264,1,1,0
WORLD\Expansion06\Doodads\Murloc\7MU_MURLOC_FOOD_SPEAR01.M2,19266,264,1,1,0
WORLD\Expansion06\Doodads\Murloc\7MU_MURLOC_FOOD_SPEAR02.M2,13602,264,1,1,0
WORLD\Expansion06\Doodads\Murloc\7MU_MURLOC_HANGINGTRINKET01.M2,8562,264,1,1,0
WORLD\Expansion06\Doodads\Murloc\7MU_MURLOC_LOOT01.M2,7608,264,1,1,0
WORLD\Expansion06\Doodads\Murloc\7MU_MURLOC_LOOT02.M2,15192,264,1,1,0
WORLD\Expansion06\Doodads\Murloc\7MU_MURLOC_LOOT03.M2,12552,264,1,1,0
WORLD\Expansion06\Doodads\Murloc\7MU_MURLOC_LOOT04.M2,13096,264,1,1,0
WORLD\Expansion06\Doodads\Murloc\7MU_MURLOC_LOOT05.M2,14536,264,1,1,0
WORLD\Expansion06\Doodads\Murloc\7MU_MURLOC_LOOT06.M2,11928,264,1,1,0
WORLD\Expansion06\Doodads\Murloc\7MU_MURLOC_LOOT07.M2,13240,264,1,1,0
WORLD\Expansion06\Doodads\Murloc\7MU_MURLOC_LOOT_PILE01.M2,24136,264,1,1,0
WORLD\Expansion06\Doodads\Murloc\7MU_MURLOC_LOOT_PILE02.M2,29272,264,1,1,0
WORLD\Expansion06\Doodads\Murloc\7MU_MURLOC_LOOT_PILE03.M2,37624,264,1,1,0
WORLD\Expansion06\Doodads\Murloc\7MU_MURLOC_TOOL_AXE.M2,8082,264,1,1,0
WORLD\Expansion06\Doodads\Murloc\7MU_MURLOC_TOOL_PICK.M2,6306,264,1,1,0
WORLD\Expansion06\Doodads\Murloc\7MU_MURLOC_WEAPON02.M2,9330,264,1,1,0
WORLD\Expansion06\Doodads\Murloc\7MU_MURLOC_WEAPON03.M2,6882,264,1,1,0
WORLD\Expansion06\Doodads\Murloc\7MU_MURLOC_WEAPON04.M2,10818,264,1,1,0
WORLD\Expansion06\Doodads\Murloc\7MU_MURLOC_WEAPON05.M2,5730,264,1,1,0
WORLD\Expansion06\Doodads\Murloc\7MU_MURLOC_WEAPONRACK04.M2,26882,264,1,1,0
WORLD\Expansion06\Doodads\Murloc\7MU_MURLOC_WEAPONRACK_EMPTY.M2,18962,264,1,1,0
WORLD\Expansion06\Doodads\Naga\7NG_NAGA_GLAIVE.M2,7096,264,1,1,0
WORLD\Expansion06\Doodads\Naga\7NG_NAGA_SHIELD.M2,5895,264,1,1,0
WORLD\Expansion06\Doodads\Naga\7NG_NAGA_TRIDENT02.M2,9416,264,1,1,0
WORLD\Expansion06\Doodads\Naga\7NG_NAGA_WEAPONRACK03EMPTY.M2,30184,264,1,1,0
WORLD\Expansion06\Doodads\Vrykul\7VR_VRYKUL_ALTAR01.M2,93166,264,6,1,0
WORLD\Expansion06\Doodads\Vrykul\7VR_VRYKUL_BONE01.M2,13315,264,1,1,0
WORLD\Expansion06\Doodads\Vrykul\7VR_VRYKUL_BOWL01.M2,19001,264,1,1,0
WORLD\Expansion06\Doodads\Vrykul\7VR_VRYKUL_BOWL03.M2,19433,264,1,1,0
WORLD\Expansion06\Doodads\Vrykul\7VR_VRYKUL_GRAVEPROP01.M2,7742,264,1,1,0
WORLD\Expansion06\Doodads\Vrykul\7VR_VRYKUL_GRAVEPROP02.M2,4958,264,1,1,0
WORLD\Expansion06\Doodads\Vrykul\7VR_VRYKUL_GRAVEPROP03.M2,6350,264,1,1,0
WORLD\Expansion06\Doodads\Vrykul\7VR_VRYKUL_GRAVEPROP04.M2,14366,264,1,1,0
WORLD\Expansion06\Doodads\Vrykul\7VR_VRYKUL_GRAVEPROP05.M2,5198,264,1,1,0
WORLD\Expansion06\Doodads\Vrykul\7VR_VRYKUL_RITUALROCKS.M2,6648,264,1,1,0
WORLD\Expansion06\Doodads\Vrykul\7VR_VRYKUL_SHIELD01.M2,4155,264,1,1,0
WORLD\Expansion06\Doodads\Vrykul\7VR_VRYKUL_SHIELD04.M2,3243,264,1,1,0
WORLD\Expansion06\Doodads\Vrykul\7VR_VRYKUL_WEAPON01.M2,3227,264,1,1,0
WORLD\Expansion06\Doodads\Vrykul\7VR_VRYKUL_WEAPON04.M2,7083,264,1,1,0
WORLD\GENERIC\GOBLIN\PASSIVEDOODADS\FOOD\GOBLIN_BUCKETOFOOD_01.m2,44373,264,1,2,0
WORLD\GENERIC\GOBLIN\PASSIVEDOODADS\FOOD\GOBLIN_BUCKETOFOOD_02.m2,21127,264,1,1,0
WORLD\GENERIC\GOBLIN\PASSIVEDOODADS\KEZAN\ITEMS\GOBLIN_CAN_STACK_01.m2,13973,264,1,1,0
WORLD\GENERIC\GOBLIN\PASSIVEDOODADS\LOSTISLES\GOBLIN_CRATE_02.m2,11425,264,1,1,0
WORLD\GENERIC\HUMAN\PASSIVE DOODADS\BUCKETS\BUCKET.m2,7378,264,1,1,0
WORLD\GENERIC\HUMAN\PASSIVE DOODADS\CARGONETBOXES\DEADMINECARGONETBOXES.m2,14722,264,1,1,0
WORLD\GENERIC\HUMAN\PASSIVE DOODADS\CARGONETS\DEADMINECARGONETHANG.m2,17154,264,1,1,0
WORLD\GENERIC\HUMAN\PASSIVE DOODADS\CARGONETS\DEADMINECARGONETHANGSHORT.m2,7650,264,1,1,0
WORLD\GENERIC\HUMAN\PASSIVE DOODADS\CRATES\STORMWINDCRATE01.m2,16524,264,1,1,0
WORLD\GENERIC\HUMAN\PASSIVE DOODADS\TABLES\DUSKWOODTABLE01.m2,14306,264,1,1,0
WORLD\GENERIC\ORC\PASSIVE DOODADS\BARRELSANDCRATES\ORCCRATE03_FLOATING.m2,2476,264,1,1,0
WORLD\GENERIC\ORC\PASSIVE DOODADS\BARRELSANDCRATES\ORCCRATE07.m2,12994,264,1,1,0
WORLD\GENERIC\ORC\PASSIVE DOODADS\BARRELSANDCRATES\ORCCRATE10.m2,2242,264,1,1,0
WORLD\GENERIC\ORC\PASSIVE DOODADS\BARRELSANDCRATES\ORCCRATEBROKEN01.m2,22930,264,1,1,0
WORLD\GENERIC\ORC\PASSIVE DOODADS\BARRELSANDCRATES\ORCCRATEBROKEN02.m2,20866,264,1,1,0
WORLD\GENERIC\ORC\PASSIVE DOODADS\JARS\JARORC02.m2,2738,264,9,1,0
WORLD\GENERIC\ORC\PASSIVE DOODADS\WEAPONS\ORCAXE01.m2,2978,264,1,1,0
WORLD\GENERIC\PASSIVEDOODADS\BARREL\BROKENBARREL01.m2,9026,264,1,1,0
WORLD\GENERIC\PASSIVEDOODADS\BARREL\BROKENBARREL02.m2,7266,264,1,1,0
WORLD\GENERIC\PASSIVEDOODADS\FISH\FISH_REDFLOATER.m2,41057,264,2,1,0
WORLD\GENERIC\PASSIVEDOODADS\FISH\FISH_REDFLOATER_02.m2,111140,264,1,1,0
WORLD\GENERIC\PASSIVEDOODADS\FISH\FISH_YELLOWFLOATER.m2,32900,264,2,1,0
WORLD\GENERIC\PASSIVEDOODADS\WEAPONCRATES\WEAPONCRATEHORDEAXEOPEN.m2,28658,264,1,1,0
WORLD\GENERIC\PASSIVEDOODADS\WEAPONS\NAGA_TRIDENT_HORIZONTAL.m2,8370,264,1,1,0
WORLD\GENERIC\TAUREN\PASSIVE DOODADS\SACKS\TAURENSACK02.m2,3538,264,1,1,0
WORLD\KALIMDOR\BLACKFATHOM\PASSIVEDOODADS\WATERFALLS\BFD_WATERFALLS10_NOSOUND.m2,20186,264,1,1,0
WORLD\KALIMDOR\BLACKFATHOM\PASSIVEDOODADS\WATERFALLS\BFD_WATERFALLS11_NOSOUND.m2,20570,264,1,1,0
WORLD\NODXT\DETAIL\6ZGFLOWER01.m2,4354,264,1,1,0
WORLD\NODXT\DETAIL\6ZGMUSHROOM01.m2,3778,264,1,1,0
WORLD\NODXT\DETAIL\6ZGMUSHROOM02.m2,4018,264,1,1,0
WORLD\NODXT\DETAIL\6ZGSPOREGEN02.m2,3280,264,1,1,0
WORLD\EXPANSION03\DOODADS\WORGEN\EFFECTS\WORGEN_RAINDRIPS_01.M2,2203,264,1,1,0
WORLD\KHAZMODAN\WETLANDS\PASSIVEDOODADS\DRAGONBONES\DRAGONBONESBODY.m2,16865,264,2,1,0
WORLD\AZEROTH\WESTFALL\PASSIVEDOODADS\BROKENCART\BROKENCART.m2,24220,264,10,1,0
WORLD\EXPANSION05\DOODADS\ORCCLANS\6OC_ORCCLANS_TORCH02.M2,6470,264,1,1,0
WORLD\GENERIC\HUMAN\PASSIVE DOODADS\BUCKETS\BUCKET.m2,7378,264,1,1,0
WORLD\GENERIC\HUMAN\PASSIVE DOODADS\CRATES\REPLACECRATE01.m2,2048,264,1,1,0
WORLD\GENERIC\HUMAN\PASSIVE DOODADS\CRATES\STORMWINDCRATE01.m2,16524,264,1,1,0
WORLD\GENERIC\HUMAN\PASSIVE DOODADS\LANTERNS\GENERALLANTERN01.m2,7378,264,1,1,0
WORLD\GENERIC\PASSIVEDOODADS\BARREL\BARREL01.m2,4394,264,1,1,0
WORLD\GENERIC\PASSIVEDOODADS\BARREL\BROKENBARREL02.m2,7266,264,1,1,0
WORLD\GENERIC\PASSIVEDOODADS\CRATE01\CRATE01.m2,9993,264,5,1,0
WORLD\NODXT\DETAIL\6ZGSPOREGEN02.m2,3445,264,1,1,0
WORLD\EXPANSION06\DOODADS\LEGION\7LG_LEGION_COMMUNICATIONORB01.M2,134467,264,5,1,0
WORLD\EXPANSION06\DOODADS\LEGION\7LG_LEGION_TORCH02_LIGHT.M2,103456,264,2,1,0
Environments\Stars\DeathSkybox.m2,130160,264,1,2,0
World\Kalimdor\Hyjal\PassiveDoodads\Smoke\Hyjal_SmokeClouds.M2,27336,264,1,1,0
WORLD\EXPANSION04\DOODADS\SAUROK\SAUROK_BONES_09.M2,70177,264,1,1,0
WORLD\EXPANSION05\DOODADS\ZANGARMARSH\DOODADS\6ZG_MUSHROOM_SMALL_WATER_A02.m2,12706,264,1,1,0
