Archive,MPQPath,Kinds,LogicalName,Size,SHA1,OutputPath
common.mpq,Environments\Stars\DeathSkybox.m2,light-skybox,,130160,A7AAF8C227AD09CE99A4AD643C8989481F85A468,D:\Sirus\_client\World of Warcraft Sirus\Risen_Depths_Extract_2026-10-04\ZoneExtras\ByArchive\common.mpq\Environments\Stars\DeathSkybox.m2
patch-6.MPQ,World\Kalimdor\Hyjal\PassiveDoodads\Smoke\Hyjal_SmokeClouds.M2,light-skybox,,27336,C444487F84558412AAA9927644ECD7BE5433C306,D:\Sirus\_client\World of Warcraft Sirus\Risen_Depths_Extract_2026-10-04\ZoneExtras\ByArchive\patch-6.MPQ\World\Kalimdor\Hyjal\PassiveDoodads\Smoke\Hyjal_SmokeClouds.M2
ruRU/patch-ruRU-5.mpq,Sound\music\cataclysm\MUS_VashjirNagaThrone_GU01.mp3,zone-music-family,,870166,673655B213C24580C378BFE121A0978B62748281,D:\Sirus\_client\World of Warcraft Sirus\Risen_Depths_Extract_2026-10-04\ZoneExtras\ByArchive\ruRU\patch-ruRU-5.mpq\Sound\music\cataclysm\MUS_VashjirNagaThrone_GU01.mp3
ruRU/patch-ruRU-5.mpq,Sound\music\cataclysm\MUS_VashjirNagaThrone_GU02.mp3,zone-music-family,,1792726,72065C3F1B9670849120832F10188467BE02D4DC,D:\Sirus\_client\World of Warcraft Sirus\Risen_Depths_Extract_2026-10-04\ZoneExtras\ByArchive\ruRU\patch-ruRU-5.mpq\Sound\music\cataclysm\MUS_VashjirNagaThrone_GU02.mp3
ruRU/patch-ruRU-5.mpq,Sound\music\cataclysm\MUS_VashjirNagaThrone_GU03.mp3,zone-music-family,,1938646,F03AB49EEFFEE5A2CE2AFB97D042479F9C0BDBED,D:\Sirus\_client\World of Warcraft Sirus\Risen_Depths_Extract_2026-10-04\ZoneExtras\ByArchive\ruRU\patch-ruRU-5.mpq\Sound\music\cataclysm\MUS_VashjirNagaThrone_GU03.mp3
ruRU/patch-ruRU-5.mpq,Sound\music\cataclysm\MUS_VashjirNagaThrone_GU04.mp3,zone-music-family,,1936726,BB8D2A324F99D47B739015FD635270D8439E89D3,D:\Sirus\_client\World of Warcraft Sirus\Risen_Depths_Extract_2026-10-04\ZoneExtras\ByArchive\ruRU\patch-ruRU-5.mpq\Sound\music\cataclysm\MUS_VashjirNagaThrone_GU04.mp3
ruRU/patch-ruRU-5.mpq,Sound\music\cataclysm\MUS_VashjirNagaThrone_GU05.mp3,zone-music-family,,1835926,978D7F6D993CB6A241AC13D758F111485EFCB8FE,D:\Sirus\_client\World of Warcraft Sirus\Risen_Depths_Extract_2026-10-04\ZoneExtras\ByArchive\ruRU\patch-ruRU-5.mpq\Sound\music\cataclysm\MUS_VashjirNagaThrone_GU05.mp3
ruRU/patch-ruRU-5.mpq,Sound\music\cataclysm\MUS_VashjirNagaThrone_GU06.mp3,zone-music-family,,1854646,0CFAB2A6EF779FECF3390D15010950CEF014B805,D:\Sirus\_client\World of Warcraft Sirus\Risen_Depths_Extract_2026-10-04\ZoneExtras\ByArchive\ruRU\patch-ruRU-5.mpq\Sound\music\cataclysm\MUS_VashjirNagaThrone_GU06.mp3
ruRU/patch-ruRU-5.mpq,Sound\music\cataclysm\MUS_VashjirNaga_GU01.mp3,zone-music-family,,1759120,2BB4DB1691F6BD44E8B1C40C73642C8D3B806B94,D:\Sirus\_client\World of Warcraft Sirus\Risen_Depths_Extract_2026-10-04\ZoneExtras\ByArchive\ruRU\patch-ruRU-5.mpq\Sound\music\cataclysm\MUS_VashjirNaga_GU01.mp3
ruRU/patch-ruRU-5.mpq,Sound\music\cataclysm\MUS_VashjirNaga_GU02.mp3,zone-music-family,,1944880,D5976B1E1D55E5B350AC04F2C9FB454AA03B8FFA,D:\Sirus\_client\World of Warcraft Sirus\Risen_Depths_Extract_2026-10-04\ZoneExtras\ByArchive\ruRU\patch-ruRU-5.mpq\Sound\music\cataclysm\MUS_VashjirNaga_GU02.mp3
ruRU/patch-ruRU-5.mpq,Sound\music\cataclysm\MUS_VashjirNaga_GU03.mp3,zone-music-family,,1941040,269DC5FA8595F076D3C594F89286A41F11A231B5,D:\Sirus\_client\World of Warcraft Sirus\Risen_Depths_Extract_2026-10-04\ZoneExtras\ByArchive\ruRU\patch-ruRU-5.mpq\Sound\music\cataclysm\MUS_VashjirNaga_GU03.mp3
ruRU/patch-ruRU-5.mpq,Sound\music\cataclysm\MUS_VashjirNaga_GU04.mp3,zone-music-family,,1949200,19424DF2DE399B26E8990EAD396A38203FF97658,D:\Sirus\_client\World of Warcraft Sirus\Risen_Depths_Extract_2026-10-04\ZoneExtras\ByArchive\ruRU\patch-ruRU-5.mpq\Sound\music\cataclysm\MUS_VashjirNaga_GU04.mp3
ruRU/patch-ruRU-5.mpq,Sound\music\cataclysm\MUS_VashjirNaga_GU05.mp3,zone-music-family,,2548240,808417C285447FC2A486BAEEA15845140A722090,D:\Sirus\_client\World of Warcraft Sirus\Risen_Depths_Extract_2026-10-04\ZoneExtras\ByArchive\ruRU\patch-ruRU-5.mpq\Sound\music\cataclysm\MUS_VashjirNaga_GU05.mp3
ruRU/patch-ruRU-5.mpq,Sound\music\cataclysm\MUS_VashjirNaga_GU06.mp3,zone-music-family,,2277040,B52A141FA6A646688292E2CFA15EBAA1B1DBB88B,D:\Sirus\_client\World of Warcraft Sirus\Risen_Depths_Extract_2026-10-04\ZoneExtras\ByArchive\ruRU\patch-ruRU-5.mpq\Sound\music\cataclysm\MUS_VashjirNaga_GU06.mp3
ruRU/patch-ruRU-5.mpq,Sound\music\cataclysm\MUS_Vashjir_GU01.mp3,zone-music-family,,1960582,1C41ECA4943EA0DE03977EEFC2FAA91969390E75,D:\Sirus\_client\World of Warcraft Sirus\Risen_Depths_Extract_2026-10-04\ZoneExtras\ByArchive\ruRU\patch-ruRU-5.mpq\Sound\music\cataclysm\MUS_Vashjir_GU01.mp3
ruRU/patch-ruRU-5.mpq,Sound\music\cataclysm\MUS_Vashjir_GU02.mp3,zone-music-family,,1962982,C09117C2A946F2FD71F343688308519EACFD0C76,D:\Sirus\_client\World of Warcraft Sirus\Risen_Depths_Extract_2026-10-04\ZoneExtras\ByArchive\ruRU\patch-ruRU-5.mpq\Sound\music\cataclysm\MUS_Vashjir_GU02.mp3
ruRU/patch-ruRU-5.mpq,Sound\music\cataclysm\MUS_Vashjir_GU03.mp3,zone-music-family,,3075622,9D0C285F4C7A355226E905AC4E7068C9B76C1705,D:\Sirus\_client\World of Warcraft Sirus\Risen_Depths_Extract_2026-10-04\ZoneExtras\ByArchive\ruRU\patch-ruRU-5.mpq\Sound\music\cataclysm\MUS_Vashjir_GU03.mp3
ruRU/patch-ruRU-5.mpq,Sound\music\cataclysm\MUS_Vashjir_GU04.mp3,zone-music-family,,966022,E82646A45BA29CBDFB444BF1FF86AA75EB5510A6,D:\Sirus\_client\World of Warcraft Sirus\Risen_Depths_Extract_2026-10-04\ZoneExtras\ByArchive\ruRU\patch-ruRU-5.mpq\Sound\music\cataclysm\MUS_Vashjir_GU04.mp3
ruRU/patch-ruRU-5.mpq,Sound\music\cataclysm\MUS_Vashjir_GU05.mp3,zone-music-family,,1857862,9B298192B923F3E9B62E02D31FF0918686048A65,D:\Sirus\_client\World of Warcraft Sirus\Risen_Depths_Extract_2026-10-04\ZoneExtras\ByArchive\ruRU\patch-ruRU-5.mpq\Sound\music\cataclysm\MUS_Vashjir_GU05.mp3
ruRU/patch-ruRU-5.mpq,Sound\music\cataclysm\MUS_Vashjir_GU06.mp3,zone-music-family,,3075622,5B88CB65989CE445F5E52355655FF96ECE7EC649,D:\Sirus\_client\World of Warcraft Sirus\Risen_Depths_Extract_2026-10-04\ZoneExtras\ByArchive\ruRU\patch-ruRU-5.mpq\Sound\music\cataclysm\MUS_Vashjir_GU06.mp3
ruRU/patch-ruRU-5.mpq,Sound\music\cataclysm\MUS_Vashjir_GU07.mp3,zone-music-family,,1826182,27F46D55013AC77B91C9381BAC3B359EF3D011BF,D:\Sirus\_client\World of Warcraft Sirus\Risen_Depths_Extract_2026-10-04\ZoneExtras\ByArchive\ruRU\patch-ruRU-5.mpq\Sound\music\cataclysm\MUS_Vashjir_GU07.mp3
ruRU/patch-ruRU-5.mpq,Sound\music\cataclysm\MUS_Vashjir_GU08.mp3,zone-music-family,,934342,2CD02C15BAB605454A9F90BF490949E55F7A1AD3,D:\Sirus\_client\World of Warcraft Sirus\Risen_Depths_Extract_2026-10-04\ZoneExtras\ByArchive\ruRU\patch-ruRU-5.mpq\Sound\music\cataclysm\MUS_Vashjir_GU08.mp3
ruRU/patch-ruRU-5.mpq,Sound\music\cataclysm\MUS_Vashjir_GU09.mp3,zone-music-family,,2654662,E0E6EAF4371BC029A90F5F12F29EA8C9A0A9FB5C,D:\Sirus\_client\World of Warcraft Sirus\Risen_Depths_Extract_2026-10-04\ZoneExtras\ByArchive\ruRU\patch-ruRU-5.mpq\Sound\music\cataclysm\MUS_Vashjir_GU09.mp3
ruRU/patch-ruRU-6.mpq,Textures\Minimap\Sirus2_51.blp,minimap-tile,Sirus2\map33_33.blp,88580,056FAF97B6CAE4EA66E508DD48A7F1DFD6E88DC1,D:\Sirus\_client\World of Warcraft Sirus\Risen_Depths_Extract_2026-10-04\ZoneExtras\ByArchive\ruRU\patch-ruRU-6.mpq\Textures\Minimap\Sirus2_51.blp
ruRU/patch-ruRU-6.mpq,Textures\Minimap\Sirus2_1.blp,minimap-tile,Sirus2\map28_28.blp,88580,D9A489F313F1F874824A5A662C474DCE503777AC,D:\Sirus\_client\World of Warcraft Sirus\Risen_Depths_Extract_2026-10-04\ZoneExtras\ByArchive\ruRU\patch-ruRU-6.mpq\Textures\Minimap\Sirus2_1.blp
ruRU/patch-ruRU-6.mpq,Textures\Minimap\Sirus2_67.blp,minimap-tile,Sirus2\map31_35.blp,88580,332BE05B68A6060C96321519414127F6A508D7CC,D:\Sirus\_client\World of Warcraft Sirus\Risen_Depths_Extract_2026-10-04\ZoneExtras\ByArchive\ruRU\patch-ruRU-6.mpq\Textures\Minimap\Sirus2_67.blp
ruRU/patch-ruRU-6.mpq,Textures\Minimap\Sirus2_6.blp,minimap-tile,Sirus2\map33_28.blp,88580,4AC933A662697A2B903BEDAEDBC9D18DF08FBA33,D:\Sirus\_client\World of Warcraft Sirus\Risen_Depths_Extract_2026-10-04\ZoneExtras\ByArchive\ruRU\patch-ruRU-6.mpq\Textures\Minimap\Sirus2_6.blp
ruRU/patch-ruRU-6.mpq,Textures\Minimap\Sirus2_44.blp,minimap-tile,Sirus2\map35_32.blp,88580,998C19093BEF1F33C08AFCDE5DDD0F1688D324A4,D:\Sirus\_client\World of Warcraft Sirus\Risen_Depths_Extract_2026-10-04\ZoneExtras\ByArchive\ruRU\patch-ruRU-6.mpq\Textures\Minimap\Sirus2_44.blp
ruRU/patch-ruRU-6.mpq,Textures\Minimap\Sirus2_2.blp,minimap-tile,Sirus2\map29_28.blp,88580,86529428E56B7B4DFFD39AB11E7F7A73F56B4BFF,D:\Sirus\_client\World of Warcraft Sirus\Risen_Depths_Extract_2026-10-04\ZoneExtras\ByArchive\ruRU\patch-ruRU-6.mpq\Textures\Minimap\Sirus2_2.blp
ruRU/patch-ruRU-6.mpq,Textures\Minimap\Sirus2_5.blp,minimap-tile,Sirus2\map32_28.blp,88580,4BF147A08C3122BB349EF145A4A4022CA6EA6606,D:\Sirus\_client\World of Warcraft Sirus\Risen_Depths_Extract_2026-10-04\ZoneExtras\ByArchive\ruRU\patch-ruRU-6.mpq\Textures\Minimap\Sirus2_5.blp
ruRU/patch-ruRU-6.mpq,Textures\Minimap\Sirus2_3.blp,minimap-tile,Sirus2\map30_28.blp,88580,8C2400203C6C9E7BB707077365969785441EBAEB,D:\Sirus\_client\World of Warcraft Sirus\Risen_Depths_Extract_2026-10-04\ZoneExtras\ByArchive\ruRU\patch-ruRU-6.mpq\Textures\Minimap\Sirus2_3.blp
ruRU/patch-ruRU-6.mpq,Textures\Minimap\Sirus2_4.blp,minimap-tile,Sirus2\map31_28.blp,88580,0452F0710CF8799D29E4642E0C1F56CD20D6EE0F,D:\Sirus\_client\World of Warcraft Sirus\Risen_Depths_Extract_2026-10-04\ZoneExtras\ByArchive\ruRU\patch-ruRU-6.mpq\Textures\Minimap\Sirus2_4.blp
ruRU/patch-ruRU-6.mpq,Textures\Minimap\Sirus2_7.blp,minimap-tile,Sirus2\map34_28.blp,88580,1E0A1AAEE694ABFD1119D46263F9D3DFBAAA4662,D:\Sirus\_client\World of Warcraft Sirus\Risen_Depths_Extract_2026-10-04\ZoneExtras\ByArchive\ruRU\patch-ruRU-6.mpq\Textures\Minimap\Sirus2_7.blp
ruRU/patch-ruRU-6.mpq,Textures\Minimap\Sirus2_32.blp,minimap-tile,Sirus2\map32_31.blp,88580,EEDDC96948AF5A04FF6568B155FF8ECD23BB06C1,D:\Sirus\_client\World of Warcraft Sirus\Risen_Depths_Extract_2026-10-04\ZoneExtras\ByArchive\ruRU\patch-ruRU-6.mpq\Textures\Minimap\Sirus2_32.blp
ruRU/patch-ruRU-6.mpq,Textures\Minimap\Sirus2_37.blp,minimap-tile,Sirus2\map28_32.blp,88580,32AD313BD8169841A8590DE7BAF74358641ACD1F,D:\Sirus\_client\World of Warcraft Sirus\Risen_Depths_Extract_2026-10-04\ZoneExtras\ByArchive\ruRU\patch-ruRU-6.mpq\Textures\Minimap\Sirus2_37.blp
ruRU/patch-ruRU-6.mpq,Textures\Minimap\Sirus2_48.blp,minimap-tile,Sirus2\map30_33.blp,88580,E1DB84A28F938421D1026A02879AD3BB5C755375,D:\Sirus\_client\World of Warcraft Sirus\Risen_Depths_Extract_2026-10-04\ZoneExtras\ByArchive\ruRU\patch-ruRU-6.mpq\Textures\Minimap\Sirus2_48.blp
ruRU/patch-ruRU-6.mpq,Textures\Minimap\Sirus2_8.blp,minimap-tile,Sirus2\map35_28.blp,88580,5FF04BE1A203DF991045F6696FDBE8DE25D9FE0C,D:\Sirus\_client\World of Warcraft Sirus\Risen_Depths_Extract_2026-10-04\ZoneExtras\ByArchive\ruRU\patch-ruRU-6.mpq\Textures\Minimap\Sirus2_8.blp
ruRU/patch-ruRU-6.mpq,Textures\Minimap\Sirus2_45.blp,minimap-tile,Sirus2\map36_32.blp,88580,38AA9BB2ECE474C7A297DBE9E4338B8226D06316,D:\Sirus\_client\World of Warcraft Sirus\Risen_Depths_Extract_2026-10-04\ZoneExtras\ByArchive\ruRU\patch-ruRU-6.mpq\Textures\Minimap\Sirus2_45.blp
ruRU/patch-ruRU-6.mpq,Textures\Minimap\Sirus2_9.blp,minimap-tile,Sirus2\map36_28.blp,88580,48671AF6096DB5ED1C98685530BC71CDD7591D39,D:\Sirus\_client\World of Warcraft Sirus\Risen_Depths_Extract_2026-10-04\ZoneExtras\ByArchive\ruRU\patch-ruRU-6.mpq\Textures\Minimap\Sirus2_9.blp
ruRU/patch-ruRU-6.mpq,Textures\Minimap\Sirus2_42.blp,minimap-tile,Sirus2\map33_32.blp,88580,D994BAB9987CA429EDC1B9D66178907B47C54D78,D:\Sirus\_client\World of Warcraft Sirus\Risen_Depths_Extract_2026-10-04\ZoneExtras\ByArchive\ruRU\patch-ruRU-6.mpq\Textures\Minimap\Sirus2_42.blp
ruRU/patch-ruRU-6.mpq,Textures\Minimap\Sirus2_10.blp,minimap-tile,Sirus2\map28_29.blp,88580,9273DCEA467FBF43F203B78FB3652ECA0770934A,D:\Sirus\_client\World of Warcraft Sirus\Risen_Depths_Extract_2026-10-04\ZoneExtras\ByArchive\ruRU\patch-ruRU-6.mpq\Textures\Minimap\Sirus2_10.blp
ruRU/patch-ruRU-6.mpq,Textures\Minimap\Sirus2_58.blp,minimap-tile,Sirus2\map31_34.blp,88580,0C00A9D9FDB3BC99A0C98C1567E5B8D9C948A0A1,D:\Sirus\_client\World of Warcraft Sirus\Risen_Depths_Extract_2026-10-04\ZoneExtras\ByArchive\ruRU\patch-ruRU-6.mpq\Textures\Minimap\Sirus2_58.blp
ruRU/patch-ruRU-6.mpq,Textures\Minimap\Sirus2_11.blp,minimap-tile,Sirus2\map29_29.blp,88580,5B5ABCC25FD402A203538AD98498D3C4DD1B31BA,D:\Sirus\_client\World of Warcraft Sirus\Risen_Depths_Extract_2026-10-04\ZoneExtras\ByArchive\ruRU\patch-ruRU-6.mpq\Textures\Minimap\Sirus2_11.blp
ruRU/patch-ruRU-6.mpq,Textures\Minimap\Sirus2_53.blp,minimap-tile,Sirus2\map35_33.blp,88580,712AF39D2BF50843B8C318902B06070E9670198D,D:\Sirus\_client\World of Warcraft Sirus\Risen_Depths_Extract_2026-10-04\ZoneExtras\ByArchive\ruRU\patch-ruRU-6.mpq\Textures\Minimap\Sirus2_53.blp
ruRU/patch-ruRU-6.mpq,Textures\Minimap\Sirus2_12.blp,minimap-tile,Sirus2\map30_29.blp,88580,8F9C229AFB033EEE7796F4781E674B228888CED0,D:\Sirus\_client\World of Warcraft Sirus\Risen_Depths_Extract_2026-10-04\ZoneExtras\ByArchive\ruRU\patch-ruRU-6.mpq\Textures\Minimap\Sirus2_12.blp
ruRU/patch-ruRU-6.mpq,Textures\Minimap\Sirus2_13.blp,minimap-tile,Sirus2\map31_29.blp,88580,AF5D76BAB5090BBB41FE50012605DF5A5DA75FC2,D:\Sirus\_client\World of Warcraft Sirus\Risen_Depths_Extract_2026-10-04\ZoneExtras\ByArchive\ruRU\patch-ruRU-6.mpq\Textures\Minimap\Sirus2_13.blp
ruRU/patch-ruRU-6.mpq,Textures\Minimap\Sirus2_14.blp,minimap-tile,Sirus2\map32_29.blp,88580,A0DB5DDD0FC18F5BCD182A09B7C5BEDE3B11A332,D:\Sirus\_client\World of Warcraft Sirus\Risen_Depths_Extract_2026-10-04\ZoneExtras\ByArchive\ruRU\patch-ruRU-6.mpq\Textures\Minimap\Sirus2_14.blp
ruRU/patch-ruRU-6.mpq,Textures\Minimap\Sirus2_15.blp,minimap-tile,Sirus2\map33_29.blp,88580,D027D2D5FEDCEBEC4AF6B0023502AB6480CF0D87,D:\Sirus\_client\World of Warcraft Sirus\Risen_Depths_Extract_2026-10-04\ZoneExtras\ByArchive\ruRU\patch-ruRU-6.mpq\Textures\Minimap\Sirus2_15.blp
ruRU/patch-ruRU-6.mpq,Textures\Minimap\Sirus2_16.blp,minimap-tile,Sirus2\map34_29.blp,88580,6B28992658FEBD9C36FB57608F612842497A0E26,D:\Sirus\_client\World of Warcraft Sirus\Risen_Depths_Extract_2026-10-04\ZoneExtras\ByArchive\ruRU\patch-ruRU-6.mpq\Textures\Minimap\Sirus2_16.blp
ruRU/patch-ruRU-6.mpq,Textures\Minimap\Sirus2_23.blp,minimap-tile,Sirus2\map32_30.blp,88580,3CC020B59C430C155D634F0439A3133EBECF834E,D:\Sirus\_client\World of Warcraft Sirus\Risen_Depths_Extract_2026-10-04\ZoneExtras\ByArchive\ruRU\patch-ruRU-6.mpq\Textures\Minimap\Sirus2_23.blp
ruRU/patch-ruRU-6.mpq,Textures\Minimap\Sirus2_39.blp,minimap-tile,Sirus2\map30_32.blp,88580,99A11232CE8533DE9803BDA324A5CE06321CE524,D:\Sirus\_client\World of Warcraft Sirus\Risen_Depths_Extract_2026-10-04\ZoneExtras\ByArchive\ruRU\patch-ruRU-6.mpq\Textures\Minimap\Sirus2_39.blp
ruRU/patch-ruRU-6.mpq,Textures\Minimap\Sirus2_46.blp,minimap-tile,Sirus2\map28_33.blp,88580,32AD313BD8169841A8590DE7BAF74358641ACD1F,D:\Sirus\_client\World of Warcraft Sirus\Risen_Depths_Extract_2026-10-04\ZoneExtras\ByArchive\ruRU\patch-ruRU-6.mpq\Textures\Minimap\Sirus2_46.blp
ruRU/patch-ruRU-6.mpq,Textures\Minimap\Sirus2_17.blp,minimap-tile,Sirus2\map35_29.blp,88580,BFCFCEDB46890E09A68F522DEC65A5935C16E788,D:\Sirus\_client\World of Warcraft Sirus\Risen_Depths_Extract_2026-10-04\ZoneExtras\ByArchive\ruRU\patch-ruRU-6.mpq\Textures\Minimap\Sirus2_17.blp
ruRU/patch-ruRU-6.mpq,Textures\Minimap\Sirus2_54.blp,minimap-tile,Sirus2\map36_33.blp,88580,B13EC34B4E6F8D9CD5636F06CF699AE1DA20A52E,D:\Sirus\_client\World of Warcraft Sirus\Risen_Depths_Extract_2026-10-04\ZoneExtras\ByArchive\ruRU\patch-ruRU-6.mpq\Textures\Minimap\Sirus2_54.blp
ruRU/patch-ruRU-6.mpq,Textures\Minimap\Sirus2_18.blp,minimap-tile,Sirus2\map36_29.blp,88580,F73927FEEAD82838941068CADD7562567CC75427,D:\Sirus\_client\World of Warcraft Sirus\Risen_Depths_Extract_2026-10-04\ZoneExtras\ByArchive\ruRU\patch-ruRU-6.mpq\Textures\Minimap\Sirus2_18.blp
ruRU/patch-ruRU-6.mpq,Textures\Minimap\Sirus2_19.blp,minimap-tile,Sirus2\map28_30.blp,88580,BAED2F0AC02543782D2EB665EA73F91375922EC9,D:\Sirus\_client\World of Warcraft Sirus\Risen_Depths_Extract_2026-10-04\ZoneExtras\ByArchive\ruRU\patch-ruRU-6.mpq\Textures\Minimap\Sirus2_19.blp
ruRU/patch-ruRU-6.mpq,Textures\Minimap\Sirus2_30.blp,minimap-tile,Sirus2\map30_31.blp,88580,C41570CF679452B7A0BAA296320A5CCABC0825FC,D:\Sirus\_client\World of Warcraft Sirus\Risen_Depths_Extract_2026-10-04\ZoneExtras\ByArchive\ruRU\patch-ruRU-6.mpq\Textures\Minimap\Sirus2_30.blp
ruRU/patch-ruRU-6.mpq,Textures\Minimap\Sirus2_50.blp,minimap-tile,Sirus2\map32_33.blp,88580,AF4385C3D425BF42793CAF548F4CE1C2E2957A86,D:\Sirus\_client\World of Warcraft Sirus\Risen_Depths_Extract_2026-10-04\ZoneExtras\ByArchive\ruRU\patch-ruRU-6.mpq\Textures\Minimap\Sirus2_50.blp
ruRU/patch-ruRU-6.mpq,Textures\Minimap\Sirus2_20.blp,minimap-tile,Sirus2\map29_30.blp,88580,DEB4980CD666E451E2D14B4481022D2F4E0751C5,D:\Sirus\_client\World of Warcraft Sirus\Risen_Depths_Extract_2026-10-04\ZoneExtras\ByArchive\ruRU\patch-ruRU-6.mpq\Textures\Minimap\Sirus2_20.blp
ruRU/patch-ruRU-6.mpq,Textures\Minimap\Sirus2_21.blp,minimap-tile,Sirus2\map30_30.blp,88580,CF93FD73B3088E7CF60319CA5934C4235EA44DF3,D:\Sirus\_client\World of Warcraft Sirus\Risen_Depths_Extract_2026-10-04\ZoneExtras\ByArchive\ruRU\patch-ruRU-6.mpq\Textures\Minimap\Sirus2_21.blp
ruRU/patch-ruRU-6.mpq,Textures\Minimap\Sirus2_28.blp,minimap-tile,Sirus2\map28_31.blp,88580,121724A04BAE28210022C6EF757D3C1AB3407658,D:\Sirus\_client\World of Warcraft Sirus\Risen_Depths_Extract_2026-10-04\ZoneExtras\ByArchive\ruRU\patch-ruRU-6.mpq\Textures\Minimap\Sirus2_28.blp
ruRU/patch-ruRU-6.mpq,Textures\Minimap\Sirus2_41.blp,minimap-tile,Sirus2\map32_32.blp,88580,851AAA4B68BE78ED0C285B2AA53CF1DFDEBFE38B,D:\Sirus\_client\World of Warcraft Sirus\Risen_Depths_Extract_2026-10-04\ZoneExtras\ByArchive\ruRU\patch-ruRU-6.mpq\Textures\Minimap\Sirus2_41.blp
ruRU/patch-ruRU-6.mpq,Textures\Minimap\Sirus2_22.blp,minimap-tile,Sirus2\map31_30.blp,88580,29F96E05D754B76A58080A8BD64080732A76B897,D:\Sirus\_client\World of Warcraft Sirus\Risen_Depths_Extract_2026-10-04\ZoneExtras\ByArchive\ruRU\patch-ruRU-6.mpq\Textures\Minimap\Sirus2_22.blp
ruRU/patch-ruRU-6.mpq,Textures\Minimap\Sirus2_24.blp,minimap-tile,Sirus2\map33_30.blp,88580,279FC96C8B13EFB8B73F9A8237392A2A3F39FD20,D:\Sirus\_client\World of Warcraft Sirus\Risen_Depths_Extract_2026-10-04\ZoneExtras\ByArchive\ruRU\patch-ruRU-6.mpq\Textures\Minimap\Sirus2_24.blp
ruRU/patch-ruRU-6.mpq,Textures\Minimap\Sirus2_25.blp,minimap-tile,Sirus2\map34_30.blp,88580,7EDFFD177D92751EA38926F22F52170396717E6E,D:\Sirus\_client\World of Warcraft Sirus\Risen_Depths_Extract_2026-10-04\ZoneExtras\ByArchive\ruRU\patch-ruRU-6.mpq\Textures\Minimap\Sirus2_25.blp
ruRU/patch-ruRU-6.mpq,Textures\Minimap\Sirus2_26.blp,minimap-tile,Sirus2\map35_30.blp,88580,BEB4D16921CDEE95A668288CA178666E93BFCB09,D:\Sirus\_client\World of Warcraft Sirus\Risen_Depths_Extract_2026-10-04\ZoneExtras\ByArchive\ruRU\patch-ruRU-6.mpq\Textures\Minimap\Sirus2_26.blp
ruRU/patch-ruRU-6.mpq,Textures\Minimap\Sirus2_27.blp,minimap-tile,Sirus2\map36_30.blp,88580,98F716FCB1F2703CF3CBC8793A121F46A2F62976,D:\Sirus\_client\World of Warcraft Sirus\Risen_Depths_Extract_2026-10-04\ZoneExtras\ByArchive\ruRU\patch-ruRU-6.mpq\Textures\Minimap\Sirus2_27.blp
ruRU/patch-ruRU-6.mpq,Textures\Minimap\Sirus2_29.blp,minimap-tile,Sirus2\map29_31.blp,88580,91098F76509C62126665F3987DE6C69D52CF8369,D:\Sirus\_client\World of Warcraft Sirus\Risen_Depths_Extract_2026-10-04\ZoneExtras\ByArchive\ruRU\patch-ruRU-6.mpq\Textures\Minimap\Sirus2_29.blp
ruRU/patch-ruRU-6.mpq,Textures\Minimap\Sirus2_31.blp,minimap-tile,Sirus2\map31_31.blp,88580,04088318B14551955E3401A4FFA5BAB3196B188D,D:\Sirus\_client\World of Warcraft Sirus\Risen_Depths_Extract_2026-10-04\ZoneExtras\ByArchive\ruRU\patch-ruRU-6.mpq\Textures\Minimap\Sirus2_31.blp
ruRU/patch-ruRU-6.mpq,Textures\Minimap\Sirus2_33.blp,minimap-tile,Sirus2\map33_31.blp,88580,0976B52A81157511C68B0CF27E57F612B3BD2DC3,D:\Sirus\_client\World of Warcraft Sirus\Risen_Depths_Extract_2026-10-04\ZoneExtras\ByArchive\ruRU\patch-ruRU-6.mpq\Textures\Minimap\Sirus2_33.blp
ruRU/patch-ruRU-6.mpq,Textures\Minimap\Sirus2_34.blp,minimap-tile,Sirus2\map34_31.blp,88580,BC5B68CB0A26B6016DBE47E61B9D73969C22C513,D:\Sirus\_client\World of Warcraft Sirus\Risen_Depths_Extract_2026-10-04\ZoneExtras\ByArchive\ruRU\patch-ruRU-6.mpq\Textures\Minimap\Sirus2_34.blp
ruRU/patch-ruRU-6.mpq,Textures\Minimap\Sirus2_35.blp,minimap-tile,Sirus2\map35_31.blp,88580,C7B604F64A1A9C5C90C86E69C778F4CEFC7D5418,D:\Sirus\_client\World of Warcraft Sirus\Risen_Depths_Extract_2026-10-04\ZoneExtras\ByArchive\ruRU\patch-ruRU-6.mpq\Textures\Minimap\Sirus2_35.blp
ruRU/patch-ruRU-6.mpq,Textures\Minimap\Sirus2_63.blp,minimap-tile,Sirus2\map36_34.blp,88580,4CD10F6F7B3BA78BE6279525AB31B0A5EEB4F6CB,D:\Sirus\_client\World of Warcraft Sirus\Risen_Depths_Extract_2026-10-04\ZoneExtras\ByArchive\ruRU\patch-ruRU-6.mpq\Textures\Minimap\Sirus2_63.blp
ruRU/patch-ruRU-6.mpq,Textures\Minimap\Sirus2_36.blp,minimap-tile,Sirus2\map36_31.blp,88580,32AD313BD8169841A8590DE7BAF74358641ACD1F,D:\Sirus\_client\World of Warcraft Sirus\Risen_Depths_Extract_2026-10-04\ZoneExtras\ByArchive\ruRU\patch-ruRU-6.mpq\Textures\Minimap\Sirus2_36.blp
ruRU/patch-ruRU-6.mpq,Textures\Minimap\Sirus2_62.blp,minimap-tile,Sirus2\map35_34.blp,88580,1F0FA8FF8948F8712CD036C55A8794BEF3681D15,D:\Sirus\_client\World of Warcraft Sirus\Risen_Depths_Extract_2026-10-04\ZoneExtras\ByArchive\ruRU\patch-ruRU-6.mpq\Textures\Minimap\Sirus2_62.blp
ruRU/patch-ruRU-6.mpq,Textures\Minimap\Sirus2_38.blp,minimap-tile,Sirus2\map29_32.blp,88580,4662303AAB790E503074EADCD82CA40B737348E8,D:\Sirus\_client\World of Warcraft Sirus\Risen_Depths_Extract_2026-10-04\ZoneExtras\ByArchive\ruRU\patch-ruRU-6.mpq\Textures\Minimap\Sirus2_38.blp
ruRU/patch-ruRU-6.mpq,Textures\Minimap\Sirus2_40.blp,minimap-tile,Sirus2\map31_32.blp,88580,14A56AA8E26E48A8E34FE256C165EE8714125E6D,D:\Sirus\_client\World of Warcraft Sirus\Risen_Depths_Extract_2026-10-04\ZoneExtras\ByArchive\ruRU\patch-ruRU-6.mpq\Textures\Minimap\Sirus2_40.blp
ruRU/patch-ruRU-6.mpq,Textures\Minimap\Sirus2_60.blp,minimap-tile,Sirus2\map33_34.blp,88580,D67AC3AC72A6CFB688F9D45219C459C78E636FAD,D:\Sirus\_client\World of Warcraft Sirus\Risen_Depths_Extract_2026-10-04\ZoneExtras\ByArchive\ruRU\patch-ruRU-6.mpq\Textures\Minimap\Sirus2_60.blp
ruRU/patch-ruRU-6.mpq,Textures\Minimap\Sirus2_43.blp,minimap-tile,Sirus2\map34_32.blp,88580,3F9F55210D61980481494540C09C233825A0F181,D:\Sirus\_client\World of Warcraft Sirus\Risen_Depths_Extract_2026-10-04\ZoneExtras\ByArchive\ruRU\patch-ruRU-6.mpq\Textures\Minimap\Sirus2_43.blp
ruRU/patch-ruRU-6.mpq,Textures\Minimap\Sirus2_47.blp,minimap-tile,Sirus2\map29_33.blp,88580,625907647C1FC9897925AC9CD0BB05AC7B6BE612,D:\Sirus\_client\World of Warcraft Sirus\Risen_Depths_Extract_2026-10-04\ZoneExtras\ByArchive\ruRU\patch-ruRU-6.mpq\Textures\Minimap\Sirus2_47.blp
ruRU/patch-ruRU-6.mpq,Textures\Minimap\Sirus2_49.blp,minimap-tile,Sirus2\map31_33.blp,88580,12013B488E8EF700D900F67E6F29BFB46CFD8521,D:\Sirus\_client\World of Warcraft Sirus\Risen_Depths_Extract_2026-10-04\ZoneExtras\ByArchive\ruRU\patch-ruRU-6.mpq\Textures\Minimap\Sirus2_49.blp
ruRU/patch-ruRU-6.mpq,Textures\Minimap\Sirus2_52.blp,minimap-tile,Sirus2\map34_33.blp,88580,2B9FBE8C3E29750F10F0CA5ABC871328B19ECC24,D:\Sirus\_client\World of Warcraft Sirus\Risen_Depths_Extract_2026-10-04\ZoneExtras\ByArchive\ruRU\patch-ruRU-6.mpq\Textures\Minimap\Sirus2_52.blp
ruRU/patch-ruRU-6.mpq,Textures\Minimap\Sirus2_55.blp,minimap-tile,Sirus2\map28_34.blp,88580,BB6DCC3559FD404A97541CB2BF5D246396B14C14,D:\Sirus\_client\World of Warcraft Sirus\Risen_Depths_Extract_2026-10-04\ZoneExtras\ByArchive\ruRU\patch-ruRU-6.mpq\Textures\Minimap\Sirus2_55.blp
ruRU/patch-ruRU-6.mpq,Textures\Minimap\Sirus2_56.blp,minimap-tile,Sirus2\map29_34.blp,88580,4B31E2E309B20FF022FE07A9B40F6E011177154F,D:\Sirus\_client\World of Warcraft Sirus\Risen_Depths_Extract_2026-10-04\ZoneExtras\ByArchive\ruRU\patch-ruRU-6.mpq\Textures\Minimap\Sirus2_56.blp
ruRU/patch-ruRU-6.mpq,Textures\Minimap\Sirus2_57.blp,minimap-tile,Sirus2\map30_34.blp,88580,484616B18805DF7E70BE920EF48075523B87A75A,D:\Sirus\_client\World of Warcraft Sirus\Risen_Depths_Extract_2026-10-04\ZoneExtras\ByArchive\ruRU\patch-ruRU-6.mpq\Textures\Minimap\Sirus2_57.blp
ruRU/patch-ruRU-6.mpq,Textures\Minimap\Sirus2_64.blp,minimap-tile,Sirus2\map28_35.blp,88580,E2142BDB50D774EA519165287E7A60FD0FC15B6C,D:\Sirus\_client\World of Warcraft Sirus\Risen_Depths_Extract_2026-10-04\ZoneExtras\ByArchive\ruRU\patch-ruRU-6.mpq\Textures\Minimap\Sirus2_64.blp
ruRU/patch-ruRU-6.mpq,Textures\Minimap\Sirus2_59.blp,minimap-tile,Sirus2\map32_34.blp,88580,0828DC8CCDC746C92A2E5274551E9E74F2AE545D,D:\Sirus\_client\World of Warcraft Sirus\Risen_Depths_Extract_2026-10-04\ZoneExtras\ByArchive\ruRU\patch-ruRU-6.mpq\Textures\Minimap\Sirus2_59.blp
ruRU/patch-ruRU-6.mpq,Textures\Minimap\Sirus2_61.blp,minimap-tile,Sirus2\map34_34.blp,88580,D9668C649485A977F731E8902727FA8CC33E2DEC,D:\Sirus\_client\World of Warcraft Sirus\Risen_Depths_Extract_2026-10-04\ZoneExtras\ByArchive\ruRU\patch-ruRU-6.mpq\Textures\Minimap\Sirus2_61.blp
ruRU/patch-ruRU-6.mpq,Textures\Minimap\Sirus2_65.blp,minimap-tile,Sirus2\map29_35.blp,88580,3B66362D05E29E49FEE0647795CEF89DE3D4B17C,D:\Sirus\_client\World of Warcraft Sirus\Risen_Depths_Extract_2026-10-04\ZoneExtras\ByArchive\ruRU\patch-ruRU-6.mpq\Textures\Minimap\Sirus2_65.blp
ruRU/patch-ruRU-6.mpq,Textures\Minimap\Sirus2_66.blp,minimap-tile,Sirus2\map30_35.blp,88580,E8C8969E6F4F4194E441C7EFA131AFE590A5BA65,D:\Sirus\_client\World of Warcraft Sirus\Risen_Depths_Extract_2026-10-04\ZoneExtras\ByArchive\ruRU\patch-ruRU-6.mpq\Textures\Minimap\Sirus2_66.blp
ruRU/patch-ruRU-6.mpq,Textures\Minimap\Sirus2_68.blp,minimap-tile,Sirus2\map32_35.blp,88580,6450384BEBF8BFA90E7FEBA6969D8A1C6ABF5422,D:\Sirus\_client\World of Warcraft Sirus\Risen_Depths_Extract_2026-10-04\ZoneExtras\ByArchive\ruRU\patch-ruRU-6.mpq\Textures\Minimap\Sirus2_68.blp
ruRU/patch-ruRU-6.mpq,Textures\Minimap\Sirus2_69.blp,minimap-tile,Sirus2\map33_35.blp,88580,8D9669C3DF0B15917D051ABBA0A98A35A2784B1D,D:\Sirus\_client\World of Warcraft Sirus\Risen_Depths_Extract_2026-10-04\ZoneExtras\ByArchive\ruRU\patch-ruRU-6.mpq\Textures\Minimap\Sirus2_69.blp
ruRU/patch-ruRU-6.mpq,Textures\Minimap\Sirus2_70.blp,minimap-tile,Sirus2\map34_35.blp,88580,5BADE466A254B9BF8E432C9D8ACAC326E5FBDC18,D:\Sirus\_client\World of Warcraft Sirus\Risen_Depths_Extract_2026-10-04\ZoneExtras\ByArchive\ruRU\patch-ruRU-6.mpq\Textures\Minimap\Sirus2_70.blp
ruRU/patch-ruRU-6.mpq,Textures\Minimap\Sirus2_71.blp,minimap-tile,Sirus2\map35_35.blp,88580,08432ED1490FEDC726BDEF981F31D5331907F1DE,D:\Sirus\_client\World of Warcraft Sirus\Risen_Depths_Extract_2026-10-04\ZoneExtras\ByArchive\ruRU\patch-ruRU-6.mpq\Textures\Minimap\Sirus2_71.blp
ruRU/patch-ruRU-6.mpq,Textures\Minimap\Sirus2_72.blp,minimap-tile,Sirus2\map36_35.blp,88580,92357AAFB7F8D9A41D5FF85C703A502A8EA89B2D,D:\Sirus\_client\World of Warcraft Sirus\Risen_Depths_Extract_2026-10-04\ZoneExtras\ByArchive\ruRU\patch-ruRU-6.mpq\Textures\Minimap\Sirus2_72.blp
ruRU/patch-ruRU-6.mpq,Textures\Minimap\Sirus2_73.blp,minimap-tile,Sirus2\map28_36.blp,88580,DBCC4C773C996E7174752A8286E9B7137AEBD59B,D:\Sirus\_client\World of Warcraft Sirus\Risen_Depths_Extract_2026-10-04\ZoneExtras\ByArchive\ruRU\patch-ruRU-6.mpq\Textures\Minimap\Sirus2_73.blp
ruRU/patch-ruRU-6.mpq,Textures\Minimap\Sirus2_74.blp,minimap-tile,Sirus2\map29_36.blp,88580,DBCC4C773C996E7174752A8286E9B7137AEBD59B,D:\Sirus\_client\World of Warcraft Sirus\Risen_Depths_Extract_2026-10-04\ZoneExtras\ByArchive\ruRU\patch-ruRU-6.mpq\Textures\Minimap\Sirus2_74.blp
ruRU/patch-ruRU-6.mpq,Textures\Minimap\Sirus2_75.blp,minimap-tile,Sirus2\map30_36.blp,88580,DBCC4C773C996E7174752A8286E9B7137AEBD59B,D:\Sirus\_client\World of Warcraft Sirus\Risen_Depths_Extract_2026-10-04\ZoneExtras\ByArchive\ruRU\patch-ruRU-6.mpq\Textures\Minimap\Sirus2_75.blp
ruRU/patch-ruRU-6.mpq,Textures\Minimap\Sirus2_76.blp,minimap-tile,Sirus2\map31_36.blp,88580,DBCC4C773C996E7174752A8286E9B7137AEBD59B,D:\Sirus\_client\World of Warcraft Sirus\Risen_Depths_Extract_2026-10-04\ZoneExtras\ByArchive\ruRU\patch-ruRU-6.mpq\Textures\Minimap\Sirus2_76.blp
ruRU/patch-ruRU-6.mpq,Textures\Minimap\Sirus2_77.blp,minimap-tile,Sirus2\map32_36.blp,88580,DBCC4C773C996E7174752A8286E9B7137AEBD59B,D:\Sirus\_client\World of Warcraft Sirus\Risen_Depths_Extract_2026-10-04\ZoneExtras\ByArchive\ruRU\patch-ruRU-6.mpq\Textures\Minimap\Sirus2_77.blp
ruRU/patch-ruRU-6.mpq,Textures\Minimap\Sirus2_78.blp,minimap-tile,Sirus2\map33_36.blp,88580,DBCC4C773C996E7174752A8286E9B7137AEBD59B,D:\Sirus\_client\World of Warcraft Sirus\Risen_Depths_Extract_2026-10-04\ZoneExtras\ByArchive\ruRU\patch-ruRU-6.mpq\Textures\Minimap\Sirus2_78.blp
ruRU/patch-ruRU-6.mpq,Textures\Minimap\Sirus2_79.blp,minimap-tile,Sirus2\map34_36.blp,88580,DBCC4C773C996E7174752A8286E9B7137AEBD59B,D:\Sirus\_client\World of Warcraft Sirus\Risen_Depths_Extract_2026-10-04\ZoneExtras\ByArchive\ruRU\patch-ruRU-6.mpq\Textures\Minimap\Sirus2_79.blp
ruRU/patch-ruRU-6.mpq,Textures\Minimap\Sirus2_80.blp,minimap-tile,Sirus2\map35_36.blp,88580,DBCC4C773C996E7174752A8286E9B7137AEBD59B,D:\Sirus\_client\World of Warcraft Sirus\Risen_Depths_Extract_2026-10-04\ZoneExtras\ByArchive\ruRU\patch-ruRU-6.mpq\Textures\Minimap\Sirus2_80.blp
ruRU/patch-ruRU-6.mpq,Textures\Minimap\Sirus2_81.blp,minimap-tile,Sirus2\map36_36.blp,88580,DBCC4C773C996E7174752A8286E9B7137AEBD59B,D:\Sirus\_client\World of Warcraft Sirus\Risen_Depths_Extract_2026-10-04\ZoneExtras\ByArchive\ruRU\patch-ruRU-6.mpq\Textures\Minimap\Sirus2_81.blp
ruRU/patch-ruRU-b.mpq,Interface\Glues\LoadingScreens\loadingscreen_naga_start.blp,loading-screen,,525460,4BAA5E349E5AAE6A92346B0D3A4AF2D33480F61D,D:\Sirus\_client\World of Warcraft Sirus\Risen_Depths_Extract_2026-10-04\ZoneExtras\ByArchive\ruRU\patch-ruRU-b.mpq\Interface\Glues\LoadingScreens\loadingscreen_naga_start.blp
