MPQPath,Size,GroupCount,TextureCount,DoodadNameCount,DoodadDefCount,Chunks
WORLD\WMO\DUNGEON\BOREANMAGNATAURMICRO\BOREANMAGNATAURMICRO_1ROOM.WMO,3016,2,5,13,26,MFOG|MODD|MODN|MODS|MOGI|MOGN|MOHD|MOLT|MOMT|MOPR|MOPT|MOPV|MOSB|MOTX|MOVB|MOVV|MVER
WORLD\WMO\DUNGEON\MD_MOUNTAINCAVE\MD_MUSHROOMCAVE07.WMO,8808,6,10,8,147,MFOG|MODD|MODN|MODS|MOGI|MOGN|MOHD|MOLT|MOMT|MOPR|MOPT|MOPV|MOSB|MOTX|MOVB|MOVV|MVER
WORLD\WMO\DUNGEON\MD_MOUNTAINCAVE\MD_UNDERWATERCAVE_MEDIUM.WMO,2888,8,14,0,0,MFOG|MODD|MODN|MODS|MOGI|MOGN|MOHD|MOLT|MOMT|MOPR|MOPT|MOPV|MOSB|MOTX|MOVB|MOVV|MVER
WORLD\WMO\DUNGEON\MD_SHIPWRECK\SHIPWRECK_A.WMO,5264,2,12,17,59,MFOG|MODD|MODN|MODS|MOGI|MOGN|MOHD|MOLT|MOMT|MOPR|MOPT|MOPV|MOSB|MOTX|MOVB|MOVV|MVER
WORLD\WMO\DUNGEON\MD_SHIPWRECK\SHIPWRECK_B.WMO,3700,1,11,9,36,MFOG|MODD|MODN|MODS|MOGI|MOGN|MOHD|MOLT|MOMT|MOPR|MOPT|MOPV|MOSB|MOTX|MOVB|MOVV|MVER
WORLD\WMO\DUNGEON\MD_SHIPWRECK\SHIPWRECK_C.WMO,1068,1,6,0,0,MFOG|MODD|MODN|MODS|MOGI|MOGN|MOHD|MOLT|MOMT|MOPR|MOPT|MOPV|MOSB|MOTX|MOVB|MOVV|MVER
WORLD\WMO\DUNGEON\MD_SHIPWRECK\SHIPWRECK_D.WMO,1204,1,7,0,0,MFOG|MODD|MODN|MODS|MOGI|MOGN|MOHD|MOLT|MOMT|MOPR|MOPT|MOPV|MOSB|MOTX|MOVB|MOVV|MVER
WORLD\WMO\DUNGEON\MD_SHIPWRECK\SHIPWRECK_DBACK.WMO,1292,1,5,3,4,MFOG|MODD|MODN|MODS|MOGI|MOGN|MOHD|MOLT|MOMT|MOPR|MOPT|MOPV|MOSB|MOTX|MOVB|MOVV|MVER
WORLD\WMO\DUNGEON\MD_SHIPWRECK\SHIPWRECK_DFRONT.WMO,3024,1,9,8,26,MFOG|MODD|MODN|MODS|MOGI|MOGN|MOHD|MOLT|MOMT|MOPR|MOPT|MOPV|MOSB|MOTX|MOVB|MOVV|MVER
WORLD\WMO\KALIMDOR\BUILDINGS\NAGAPAGODA\NAGAPAGODA01.WMO,476,1,1,0,0,MFOG|MODD|MODN|MODS|MOGI|MOGN|MOHD|MOLT|MOMT|MOPR|MOPT|MOPV|MOSB|MOTX|MOVB|MOVV|MVER
WORLD\WMO\KALIMDOR\BUILDINGS\ORCKENNEL\ABANDONEDORCKENNEL.WMO,1132,1,7,0,0,MFOG|MODD|MODN|MODS|MOGI|MOGN|MOHD|MOLT|MOMT|MOPR|MOPT|MOPV|MOSB|MOTX|MOVB|MOVV|MVER
WORLD\WMO\KALIMDOR\BUILDINGS\QUILLBOAR\BIGHOUSE.WMO,920,1,5,0,0,MFOG|MODD|MODN|MODS|MOGI|MOGN|MOHD|MOLT|MOMT|MOPR|MOPT|MOPV|MOSB|MOTX|MOVB|MOVV|MVER
WORLD\WMO\KALIMDOR\COLLIDABLEDOODADS\DARKSHORE\GIANTSEATURTLE01\GIANTSEATURTLE01.WMO,1680,1,10,0,0,MFOG|MODD|MODN|MODS|MOGI|MOGN|MOHD|MOLT|MOMT|MOPR|MOPT|MOPV|MOSB|MOTX|MOVB|MOVV|MVER
WORLD\WMO\KALIMDOR\COLLIDABLEDOODADS\DARKSHORE\GIANTSEATURTLE02\GIANTSEATURTLE02.WMO,728,1,3,0,0,MFOG|MODD|MODN|MODS|MOGI|MOGN|MOHD|MOLT|MOMT|MOPR|MOPT|MOPV|MOSB|MOTX|MOVB|MOVV|MVER
WORLD\WMO\NORTHREND\BUILDINGS\FORSAKEN\SHIPWRECK\ND_FORSAKEN_SHIPWRECK.WMO,7056,5,23,15,66,MFOG|MODD|MODN|MODS|MOGI|MOGN|MOHD|MOLT|MOMT|MOPR|MOPT|MOPV|MOSB|MOTX|MOVB|MOVV|MVER
WORLD\WMO\TRANSPORTS\VRYKULBOATS\TRANSPORT_VRYKUL_LARGE.WMO,3604,1,10,8,21,MCVP|MFOG|MODD|MODN|MODS|MOGI|MOGN|MOHD|MOLT|MOMT|MOPR|MOPT|MOPV|MOSB|MOTX|MOVB|MOVV|MVER
WORLD\WMO\TRANSPORTS\VRYKULBOATS\TRANSPORT_VRYKUL_LARGELESS.WMO,3604,1,10,8,21,MCVP|MFOG|MODD|MODN|MODS|MOGI|MOGN|MOHD|MOLT|MOMT|MOPR|MOPT|MOPV|MOSB|MOTX|MOVB|MOVV|MVER
WORLD\GENERIC\PVP\COLLISIONWALL\COLLISION.WMO,1308,1,9,0,0,MFOG|MODD|MODN|MODS|MOGI|MOGN|MOHD|MOLT|MOMT|MOPR|MOPT|MOPV|MOSB|MOTX|MOVB|MOVV|MVER
WORLD\WMO\BROKENISLES\ARAKNASHAL\7AN_MOUNTAINCAVE_MEDIUM01.WMO,67756,4,13,174,1374,MFOG|MODD|MODN|MODS|MOGI|MOGN|MOHD|MOLT|MOMT|MOPR|MOPT|MOPV|MOSB|MOTX|MOVB|MOVV|MVER
WORLD\WMO\BROKENISLES\MURLOC\7MU_MURLOC_HUTCLUSTER01.WMO,10308,1,4,84,111,MFOG|MODD|MODN|MODS|MOGI|MOGN|MOHD|MOLT|MOMT|MOPR|MOPT|MOPV|MOSB|MOTX|MOVB|MOVV|MVER
WORLD\WMO\BROKENISLES\MURLOC\7MU_MURLOC_HUTCLUSTER02.WMO,5968,1,4,49,56,MFOG|MODD|MODN|MODS|MOGI|MOGN|MOHD|MOLT|MOMT|MOPR|MOPT|MOPV|MOSB|MOTX|MOVB|MOVV|MVER
WORLD\WMO\BROKENISLES\MURLOC\7MU_MURLOC_HUTCLUSTER03.WMO,3704,1,4,28,30,MFOG|MODD|MODN|MODS|MOGI|MOGN|MOHD|MOLT|MOMT|MOPR|MOPT|MOPV|MOSB|MOTX|MOVB|MOVV|MVER
WORLD\WMO\BROKENISLES\NIGHTELF\7NG_NAGA_TENT03.WMO,452,1,1,0,0,MFOG|MODD|MODN|MODS|MOGI|MOGN|MOHD|MOLT|MOMT|MOPR|MOPT|MOPV|MOSB|MOTX|MOVB|MOVV|MVER
WORLD\WMO\BROKENISLES\NIGHTELF\7NG_NAGA_TENT04.WMO,452,1,1,0,0,MFOG|MODD|MODN|MODS|MOGI|MOGN|MOHD|MOLT|MOMT|MOPR|MOPT|MOPV|MOSB|MOTX|MOVB|MOVV|MVER
WORLD\WMO\BROKENISLES\NIGHTELF\7NG_NAGA_TENTLARGE01.WMO,452,1,1,0,0,MFOG|MODD|MODN|MODS|MOGI|MOGN|MOHD|MOLT|MOMT|MOPR|MOPT|MOPV|MOSB|MOTX|MOVB|MOVV|MVER
WORLD\WMO\CATACLYSM\VASHJIR\BUILDINGS\VASHJIR_NIGHTELF_BROKEN_BRIDGE.WMO,1232,1,6,0,0,MFOG|MODD|MODN|MODS|MOGI|MOGN|MOHD|MOLT|MOMT|MOPR|MOPT|MOPV|MOSB|MOTX|MOVB|MOVV|MVER
WORLD\WMO\CATACLYSM\VASHJIR\BUILDINGS\VASHJIR_PALACE_BUILDINGS.WMO,4604,8,31,0,0,MFOG|MODD|MODN|MODS|MOGI|MOGN|MOHD|MOLT|MOMT|MOPR|MOPT|MOPV|MOSB|MOTX|MOVB|MOVV|MVER
WORLD\WMO\CATACLYSM\VASHJIR\CAVES\VASHJIRLARGECAVE_A.WMO,2720,2,4,0,0,MFOG|MODD|MODN|MODS|MOGI|MOGN|MOHD|MOLT|MOMT|MOPR|MOPT|MOPV|MOSB|MOTX|MOVB|MOVV|MVER
WORLD\WMO\CATACLYSM\VASHJIR\CAVES\VASHJIR_SMALL_CAVE.WMO,14141,2,14,60,208,MFOG|MODD|MODN|MODS|MOGI|MOGN|MOHD|MOLT|MOMT|MOPR|MOPT|MOPV|MOSB|MOTX|MOVB|MOVV|MVER
WORLD\WMO\DUNGEON\MD_SHIPWRECK\SHIPWRECK_DFRONT_SOLID.WMO,1556,1,8,2,2,MFOG|MODD|MODN|MODS|MOGI|MOGN|MOHD|MOLT|MOMT|MOPR|MOPT|MOPV|MOSB|MOTX|MOVB|MOVV|MVER
WORLD\WMO\DUNGEON\MD_SHIPWRECK\TRANSPORT_SHIPWRECK_SUNKENSHIP.WMO,9176,2,14,35,114,MFOG|MODD|MODN|MODS|MOGI|MOGN|MOHD|MOLT|MOMT|MOPR|MOPT|MOPV|MOSB|MOTX|MOVB|MOVV|MVER
WORLD\WMO\KALIMDOR\BUILDINGS\CLASSICALELFRUINS\AZRCLASSICALELFRUIN_UW01.WMO,1324,1,7,0,0,MFOG|MODD|MODN|MODS|MOGI|MOGN|MOHD|MOLT|MOMT|MOPR|MOPT|MOPV|MOSB|MOTX|MOVB|MOVV|MVER
WORLD\WMO\KALIMDOR\BUILDINGS\CLASSICALELFRUINS\AZRCLASSICALELFRUIN_UW02.WMO,1604,1,9,0,0,MFOG|MODD|MODN|MODS|MOGI|MOGN|MOHD|MOLT|MOMT|MOPR|MOPT|MOPV|MOSB|MOTX|MOVB|MOVV|MVER
WORLD\WMO\KALIMDOR\BUILDINGS\CLASSICALELFRUINS\AZRCLASSICALELFRUIN_UW03.WMO,1604,1,9,0,0,MFOG|MODD|MODN|MODS|MOGI|MOGN|MOHD|MOLT|MOMT|MOPR|MOPT|MOPV|MOSB|MOTX|MOVB|MOVV|MVER
WORLD\WMO\KALIMDOR\BUILDINGS\CLASSICALELFRUINS\AZRCLASSICALELFRUIN_UW05.WMO,1732,1,10,0,0,MFOG|MODD|MODN|MODS|MOGI|MOGN|MOHD|MOLT|MOMT|MOPR|MOPT|MOPV|MOSB|MOTX|MOVB|MOVV|MVER
WORLD\WMO\KALIMDOR\BUILDINGS\CLASSICALELFRUINS\AZRCLASSICALELFRUIN_UW06.WMO,1476,1,8,0,0,MFOG|MODD|MODN|MODS|MOGI|MOGN|MOHD|MOLT|MOMT|MOPR|MOPT|MOPV|MOSB|MOTX|MOVB|MOVV|MVER
WORLD\WMO\KALIMDOR\BUILDINGS\CLASSICALELFRUINS\AZRCLASSICALELFRUIN_UW07.WMO,1060,1,5,0,0,MFOG|MODD|MODN|MODS|MOGI|MOGN|MOHD|MOLT|MOMT|MOPR|MOPT|MOPV|MOSB|MOTX|MOVB|MOVV|MVER
WORLD\WMO\KALIMDOR\BUILDINGS\CLASSICALELFRUINS\AZRCLASSICALELFRUIN_UW08.WMO,1068,1,5,0,0,MFOG|MODD|MODN|MODS|MOGI|MOGN|MOHD|MOLT|MOMT|MOPR|MOPT|MOPV|MOSB|MOTX|MOVB|MOVV|MVER
WORLD\WMO\KALIMDOR\BUILDINGS\CLASSICALELFRUINS\AZRCLASSICALELFRUIN_UW09.WMO,9280,3,18,18,119,MFOG|MODD|MODN|MODS|MOGI|MOGN|MOHD|MOLT|MOMT|MOPR|MOPT|MOPV|MOSB|MOTX|MOVB|MOVV|MVER
WORLD\WMO\KALIMDOR\BUILDINGS\CLASSICALELFRUINS\AZRCLASSICALELFRUIN_UW10.WMO,1752,2,10,0,0,MFOG|MODD|MODN|MODS|MOGI|MOGN|MOHD|MOLT|MOMT|MOPR|MOPT|MOPV|MOSB|MOTX|MOVB|MOVV|MVER
WORLD\WMO\KALIMDOR\BUILDINGS\NAGAPAGODA\ND_NAGA_PAGODA_UNDERWATER_01.WMO,660,1,2,0,0,MFOG|MODD|MODN|MODS|MOGI|MOGN|MOHD|MOLT|MOMT|MOPR|MOPT|MOPV|MOSB|MOTX|MOVB|MOVV|MVER
