parent_reference,world_loot_level,bracket,pool_id,synthetic_item_key,chance,group_id
1000005,5,01-19,3000000,2001000005,10.0,0
1000006,6,01-19,3000000,2001000006,10.0,0
1000007,7,01-19,3000000,2001000007,10.0,0
1000008,8,01-19,3000000,2001000008,10.0,0
1000009,9,01-19,3000000,2001000009,10.0,0
1000010,10,01-19,3000000,2001000010,10.0,0
1000011,11,01-19,3000000,2001000011,10.0,0
1000012,12,01-19,3000000,2001000012,10.0,0
1000013,13,01-19,3000000,2001000013,10.0,0
1000014,14,01-19,3000000,2001000014,10.0,0
1000015,15,01-19,3000000,2001000015,10.0,0
1000016,16,01-19,3000000,2001000016,10.0,0
1000017,17,01-19,3000000,2001000017,10.0,0
1000018,18,01-19,3000000,2001000018,10.0,0
1000019,19,01-19,3000000,2001000019,10.0,0
1000020,20,20-39,3000001,2001000020,10.0,0
1000021,21,20-39,3000001,2001000021,10.0,0
1000022,22,20-39,3000001,2001000022,10.0,0
1000023,23,20-39,3000001,2001000023,10.0,0
1000024,24,20-39,3000001,2001000024,10.0,0
1000025,25,20-39,3000001,2001000025,10.0,0
1000026,26,20-39,3000001,2001000026,10.0,0
1000027,27,20-39,3000001,2001000027,10.0,0
1000028,28,20-39,3000001,2001000028,10.0,0
1000029,29,20-39,3000001,2001000029,10.0,0
1000030,30,20-39,3000001,2001000030,10.0,0
1000031,31,20-39,3000001,2001000031,10.0,0
1000032,32,20-39,3000001,2001000032,10.0,0
1000033,33,20-39,3000001,2001000033,10.0,0
1000034,34,20-39,3000001,2001000034,10.0,0
1000035,35,20-39,3000001,2001000035,10.0,0
1000036,36,20-39,3000001,2001000036,10.0,0
1000037,37,20-39,3000001,2001000037,10.0,0
1000038,38,20-39,3000001,2001000038,10.0,0
1000039,39,20-39,3000001,2001000039,10.0,0
1000040,40,40-59,3000002,2001000040,10.0,0
1000041,41,40-59,3000002,2001000041,10.0,0
1000042,42,40-59,3000002,2001000042,10.0,0
1000043,43,40-59,3000002,2001000043,10.0,0
1000044,44,40-59,3000002,2001000044,10.0,0
1000045,45,40-59,3000002,2001000045,10.0,0
1000046,46,40-59,3000002,2001000046,10.0,0
1000047,47,40-59,3000002,2001000047,10.0,0
1000048,48,40-59,3000002,2001000048,10.0,0
1000049,49,40-59,3000002,2001000049,10.0,0
1000050,50,40-59,3000002,2001000050,10.0,0
1000051,51,40-59,3000002,2001000051,10.0,0
1000052,52,40-59,3000002,2001000052,10.0,0
1000053,53,40-59,3000002,2001000053,10.0,0
1000054,54,40-59,3000002,2001000054,10.0,0
1000055,55,40-59,3000002,2001000055,10.0,0
1000056,56,40-59,3000002,2001000056,10.0,0
1000057,57,40-59,3000002,2001000057,10.0,0
1000058,58,40-59,3000002,2001000058,10.0,0
1000059,59,40-59,3000002,2001000059,10.0,0
1000060,60,60-69,3000003,2001000060,10.0,0
1000061,61,60-69,3000003,2001000061,10.0,0
1000105,5,01-19,3000000,2001000105,10.0,0
1000106,6,01-19,3000000,2001000106,10.0,0
1000107,7,01-19,3000000,2001000107,10.0,0
1000108,8,01-19,3000000,2001000108,10.0,0
1000109,9,01-19,3000000,2001000109,10.0,0
1000110,10,01-19,3000000,2001000110,10.0,0
1000111,11,01-19,3000000,2001000111,10.0,0
1000112,12,01-19,3000000,2001000112,10.0,0
1000113,13,01-19,3000000,2001000113,10.0,0
1000114,14,01-19,3000000,2001000114,10.0,0
1000115,15,01-19,3000000,2001000115,10.0,0
1000116,16,01-19,3000000,2001000116,10.0,0
1000117,17,01-19,3000000,2001000117,10.0,0
1000118,18,01-19,3000000,2001000118,10.0,0
1000119,19,01-19,3000000,2001000119,10.0,0
1000120,20,20-39,3000001,2001000120,10.0,0
1000121,21,20-39,3000001,2001000121,10.0,0
1000122,22,20-39,3000001,2001000122,10.0,0
1000123,23,20-39,3000001,2001000123,10.0,0
1000124,24,20-39,3000001,2001000124,10.0,0
1000125,25,20-39,3000001,2001000125,10.0,0
1000126,26,20-39,3000001,2001000126,10.0,0
1000127,27,20-39,3000001,2001000127,10.0,0
1000128,28,20-39,3000001,2001000128,10.0,0
1000129,29,20-39,3000001,2001000129,10.0,0
1000130,30,20-39,3000001,2001000130,10.0,0
1000131,31,20-39,3000001,2001000131,10.0,0
1000132,32,20-39,3000001,2001000132,10.0,0
1000133,33,20-39,3000001,2001000133,10.0,0
1000134,34,20-39,3000001,2001000134,10.0,0
1000135,35,20-39,3000001,2001000135,10.0,0
1000136,36,20-39,3000001,2001000136,10.0,0
1000137,37,20-39,3000001,2001000137,10.0,0
1000138,38,20-39,3000001,2001000138,10.0,0
1000139,39,20-39,3000001,2001000139,10.0,0
1000140,40,40-59,3000002,2001000140,10.0,0
1000141,41,40-59,3000002,2001000141,10.0,0
1000142,42,40-59,3000002,2001000142,10.0,0
1000143,43,40-59,3000002,2001000143,10.0,0
1000144,44,40-59,3000002,2001000144,10.0,0
1000145,45,40-59,3000002,2001000145,10.0,0
1000146,46,40-59,3000002,2001000146,10.0,0
1000147,47,40-59,3000002,2001000147,10.0,0
1000148,48,40-59,3000002,2001000148,10.0,0
1000149,49,40-59,3000002,2001000149,10.0,0
1000150,50,40-59,3000002,2001000150,10.0,0
1000151,51,40-59,3000002,2001000151,10.0,0
1000152,52,40-59,3000002,2001000152,10.0,0
1000153,53,40-59,3000002,2001000153,10.0,0
1000154,54,40-59,3000002,2001000154,10.0,0
1000155,55,40-59,3000002,2001000155,10.0,0
1000156,56,40-59,3000002,2001000156,10.0,0
1000157,57,40-59,3000002,2001000157,10.0,0
1000158,58,40-59,3000002,2001000158,10.0,0
1000159,59,40-59,3000002,2001000159,10.0,0
1000160,60,60-69,3000003,2001000160,10.0,0
1000161,61,60-69,3000003,2001000161,10.0,0
1000162,62,60-69,3000003,2001000162,10.0,0
1000213,13,01-19,3000000,2001000213,10.0,0
1000214,14,01-19,3000000,2001000214,10.0,0
1000217,17,01-19,3000000,2001000217,10.0,0
1000218,18,01-19,3000000,2001000218,10.0,0
1000219,19,01-19,3000000,2001000219,10.0,0
1000220,20,20-39,3000001,2001000220,10.0,0
1000221,21,20-39,3000001,2001000221,10.0,0
1000222,22,20-39,3000001,2001000222,10.0,0
1000223,23,20-39,3000001,2001000223,10.0,0
1000225,25,20-39,3000001,2001000225,10.0,0
1000226,26,20-39,3000001,2001000226,10.0,0
1000227,27,20-39,3000001,2001000227,10.0,0
1000228,28,20-39,3000001,2001000228,10.0,0
1000233,33,20-39,3000001,2001000233,10.0,0
1000237,37,20-39,3000001,2001000237,10.0,0
1000238,38,20-39,3000001,2001000238,10.0,0
1000239,39,20-39,3000001,2001000239,10.0,0
1000240,40,40-59,3000002,2001000240,10.0,0
1000243,43,40-59,3000002,2001000243,10.0,0
1000244,44,40-59,3000002,2001000244,10.0,0
1000245,45,40-59,3000002,2001000245,10.0,0
1000246,46,40-59,3000002,2001000246,10.0,0
1000247,47,40-59,3000002,2001000247,10.0,0
1000248,48,40-59,3000002,2001000248,10.0,0
1000249,49,40-59,3000002,2001000249,10.0,0
1000250,50,40-59,3000002,2001000250,10.0,0
1000251,51,40-59,3000002,2001000251,10.0,0
1000252,52,40-59,3000002,2001000252,10.0,0
1000253,53,40-59,3000002,2001000253,10.0,0
1000254,54,40-59,3000002,2001000254,10.0,0
1000255,55,40-59,3000002,2001000255,10.0,0
1000256,56,40-59,3000002,2001000256,10.0,0
1000257,57,40-59,3000002,2001000257,10.0,0
1000258,58,40-59,3000002,2001000258,10.0,0
1000259,59,40-59,3000002,2001000259,10.0,0
1000260,60,60-69,3000003,2001000260,10.0,0
1000261,61,60-69,3000003,2001000261,10.0,0
1000262,62,60-69,3000003,2001000262,10.0,0
1000263,63,60-69,3000003,2001000263,10.0,0
1000313,13,01-19,3000000,2001000313,10.0,0
1000314,14,01-19,3000000,2001000314,10.0,0
1000315,15,01-19,3000000,2001000315,10.0,0
1000317,17,01-19,3000000,2001000317,10.0,0
1000318,18,01-19,3000000,2001000318,10.0,0
1000319,19,01-19,3000000,2001000319,10.0,0
1000320,20,20-39,3000001,2001000320,10.0,0
1000321,21,20-39,3000001,2001000321,10.0,0
1000322,22,20-39,3000001,2001000322,10.0,0
1000323,23,20-39,3000001,2001000323,10.0,0
1000324,24,20-39,3000001,2001000324,10.0,0
1000325,25,20-39,3000001,2001000325,10.0,0
1000326,26,20-39,3000001,2001000326,10.0,0
1000327,27,20-39,3000001,2001000327,10.0,0
1000328,28,20-39,3000001,2001000328,10.0,0
1000330,30,20-39,3000001,2001000330,10.0,0
1000331,31,20-39,3000001,2001000331,10.0,0
1000332,32,20-39,3000001,2001000332,10.0,0
1000333,33,20-39,3000001,2001000333,10.0,0
1000334,34,20-39,3000001,2001000334,10.0,0
1000335,35,20-39,3000001,2001000335,10.0,0
1000336,36,20-39,3000001,2001000336,10.0,0
1000337,37,20-39,3000001,2001000337,10.0,0
1000338,38,20-39,3000001,2001000338,10.0,0
1000339,39,20-39,3000001,2001000339,10.0,0
1000342,42,40-59,3000002,2001000342,10.0,0
1000343,43,40-59,3000002,2001000343,10.0,0
1000344,44,40-59,3000002,2001000344,10.0,0
1000345,45,40-59,3000002,2001000345,10.0,0
1000346,46,40-59,3000002,2001000346,10.0,0
1000347,47,40-59,3000002,2001000347,10.0,0
1000348,48,40-59,3000002,2001000348,10.0,0
1000349,49,40-59,3000002,2001000349,10.0,0
1000350,50,40-59,3000002,2001000350,10.0,0
1000351,51,40-59,3000002,2001000351,10.0,0
1000352,52,40-59,3000002,2001000352,10.0,0
1000353,53,40-59,3000002,2001000353,10.0,0
1000354,54,40-59,3000002,2001000354,10.0,0
1000355,55,40-59,3000002,2001000355,10.0,0
1000356,56,40-59,3000002,2001000356,10.0,0
1000357,57,40-59,3000002,2001000357,10.0,0
1000358,58,40-59,3000002,2001000358,10.0,0
1000359,59,40-59,3000002,2001000359,10.0,0
1000360,60,60-69,3000003,2001000360,10.0,0
1000361,61,60-69,3000003,2001000361,10.0,0
1000362,62,60-69,3000003,2001000362,10.0,0
1000363,63,60-69,3000003,2001000363,10.0,0
1100058,58,40-59,3000002,2001100058,10.0,0
1100059,59,40-59,3000002,2001100059,10.0,0
1100060,60,60-69,3000003,2001100060,10.0,0
1100061,61,60-69,3000003,2001100061,10.0,0
1100062,62,60-69,3000003,2001100062,10.0,0
1100063,63,60-69,3000003,2001100063,10.0,0
1100064,64,60-69,3000003,2001100064,10.0,0
1100065,65,60-69,3000003,2001100065,10.0,0
1100066,66,60-69,3000003,2001100066,10.0,0
1100067,67,60-69,3000003,2001100067,10.0,0
1100068,68,60-69,3000003,2001100068,10.0,0
1100069,69,60-69,3000003,2001100069,10.0,0
1100070,70,70-79,3000004,2001100070,10.0,0
1100071,71,70-79,3000004,2001100071,10.0,0
1100072,72,70-79,3000004,2001100072,10.0,0
1100158,58,40-59,3000002,2001100158,10.0,0
1100159,59,40-59,3000002,2001100159,10.0,0
1100160,60,60-69,3000003,2001100160,10.0,0
1100161,61,60-69,3000003,2001100161,10.0,0
1100162,62,60-69,3000003,2001100162,10.0,0
1100163,63,60-69,3000003,2001100163,10.0,0
1100164,64,60-69,3000003,2001100164,10.0,0
1100165,65,60-69,3000003,2001100165,10.0,0
1100166,66,60-69,3000003,2001100166,10.0,0
1100167,67,60-69,3000003,2001100167,10.0,0
1100168,68,60-69,3000003,2001100168,10.0,0
1100169,69,60-69,3000003,2001100169,10.0,0
1100170,70,70-79,3000004,2001100170,10.0,0
1100171,71,70-79,3000004,2001100171,10.0,0
1100172,72,70-79,3000004,2001100172,10.0,0
1100262,62,60-69,3000003,2001100262,10.0,0
1100263,63,60-69,3000003,2001100263,10.0,0
1100264,64,60-69,3000003,2001100264,10.0,0
1100265,65,60-69,3000003,2001100265,10.0,0
1100266,66,60-69,3000003,2001100266,10.0,0
1100267,67,60-69,3000003,2001100267,10.0,0
1100268,68,60-69,3000003,2001100268,10.0,0
1100269,69,60-69,3000003,2001100269,10.0,0
1100270,70,70-79,3000004,2001100270,10.0,0
1100271,71,70-79,3000004,2001100271,10.0,0
1100272,72,70-79,3000004,2001100272,10.0,0
1100360,60,60-69,3000003,2001100360,10.0,0
1100361,61,60-69,3000003,2001100361,10.0,0
1100362,62,60-69,3000003,2001100362,10.0,0
1100363,63,60-69,3000003,2001100363,10.0,0
1100364,64,60-69,3000003,2001100364,10.0,0
1100365,65,60-69,3000003,2001100365,10.0,0
1100366,66,60-69,3000003,2001100366,10.0,0
1100367,67,60-69,3000003,2001100367,10.0,0
1100368,68,60-69,3000003,2001100368,10.0,0
1100369,69,60-69,3000003,2001100369,10.0,0
1100370,70,70-79,3000004,2001100370,10.0,0
1100371,71,70-79,3000004,2001100371,10.0,0
1100372,72,70-79,3000004,2001100372,10.0,0
1200068,68,60-69,3000003,2001200068,10.0,0
1200069,69,60-69,3000003,2001200069,10.0,0
1200070,70,70-79,3000004,2001200070,10.0,0
1200071,71,70-79,3000004,2001200071,10.0,0
1200072,72,70-79,3000004,2001200072,10.0,0
1200073,73,70-79,3000004,2001200073,10.0,0
1200074,74,70-79,3000004,2001200074,10.0,0
1200075,75,70-79,3000004,2001200075,10.0,0
1200076,76,70-79,3000004,2001200076,10.0,0
1200077,77,70-79,3000004,2001200077,10.0,0
1200078,78,70-79,3000004,2001200078,10.0,0
1200079,79,70-79,3000004,2001200079,10.0,0
1200080,80,80,3000005,2001200080,10.0,0
1200081,81,80,3000005,2001200081,10.0,0
1200168,68,60-69,3000003,2001200168,10.0,0
1200169,69,60-69,3000003,2001200169,10.0,0
1200170,70,70-79,3000004,2001200170,10.0,0
1200171,71,70-79,3000004,2001200171,10.0,0
1200172,72,70-79,3000004,2001200172,10.0,0
1200173,73,70-79,3000004,2001200173,10.0,0
1200174,74,70-79,3000004,2001200174,10.0,0
1200175,75,70-79,3000004,2001200175,10.0,0
1200176,76,70-79,3000004,2001200176,10.0,0
1200177,77,70-79,3000004,2001200177,10.0,0
1200178,78,70-79,3000004,2001200178,10.0,0
1200179,79,70-79,3000004,2001200179,10.0,0
1200180,80,80,3000005,2001200180,10.0,0
1200181,81,80,3000005,2001200181,10.0,0
1200270,70,70-79,3000004,2001200270,10.0,0
1200271,71,70-79,3000004,2001200271,10.0,0
1200272,72,70-79,3000004,2001200272,10.0,0
1200273,73,70-79,3000004,2001200273,10.0,0
1200274,74,70-79,3000004,2001200274,10.0,0
1200275,75,70-79,3000004,2001200275,10.0,0
1200276,76,70-79,3000004,2001200276,10.0,0
1200277,77,70-79,3000004,2001200277,10.0,0
1200278,78,70-79,3000004,2001200278,10.0,0
1200279,79,70-79,3000004,2001200279,10.0,0
1200280,80,80,3000005,2001200280,10.0,0
1200281,81,80,3000005,2001200281,10.0,0
1200282,82,80,3000005,2001200282,10.0,0
1200369,69,60-69,3000003,2001200369,10.0,0
1200370,70,70-79,3000004,2001200370,10.0,0
1200371,71,70-79,3000004,2001200371,10.0,0
1200372,72,70-79,3000004,2001200372,10.0,0
1200373,73,70-79,3000004,2001200373,10.0,0
1200374,74,70-79,3000004,2001200374,10.0,0
1200375,75,70-79,3000004,2001200375,10.0,0
1200376,76,70-79,3000004,2001200376,10.0,0
1200377,77,70-79,3000004,2001200377,10.0,0
1200378,78,70-79,3000004,2001200378,10.0,0
1200379,79,70-79,3000004,2001200379,10.0,0
1200380,80,80,3000005,2001200380,10.0,0
1200381,81,80,3000005,2001200381,10.0,0
1200382,82,80,3000005,2001200382,10.0,0
