1	0	CMakeLists.txt
3	8	apps/docker/Dockerfile
18	0	modules/CMakeLists.txt
1	0	src/cmake/macros/ConfigureEluna.cmake
9	10	src/cmake/showoptions.cmake
6	0	src/common/CMakeLists.txt
9	9	src/common/Collision/Maps/MapDefines.h
0	39	src/server/apps/CMakeLists.txt
11	5	src/server/apps/worldserver/Main.cpp
18	14	src/server/apps/worldserver/worldserver.conf.dist
4	0	src/server/database/Database/DatabaseEnv.cpp
9	0	src/server/database/Database/DatabaseEnv.h
16	0	src/server/database/Database/DatabaseEnvFwd.h
5	0	src/server/database/Database/DatabaseLoader.cpp
11	2	src/server/database/Database/DatabaseLoader.h
8	0	src/server/database/Database/DatabaseWorkerPool.cpp
28	11	src/server/database/Database/Implementation/CharacterDatabase.cpp
4	0	src/server/database/Database/Implementation/CharacterDatabase.h
2	1	src/server/database/Database/Implementation/LoginDatabase.cpp
1	0	src/server/database/Database/Implementation/LoginDatabase.h
129	0	src/server/database/Database/Implementation/PlayerbotsDatabase.cpp
120	0	src/server/database/Database/Implementation/PlayerbotsDatabase.h
4	0	src/server/database/Database/Implementation/WorldDatabase.cpp
4	0	src/server/database/Database/Implementation/WorldDatabase.h
67	5	src/server/database/Updater/DBUpdater.cpp
1	0	src/server/database/Updater/DBUpdater.h
0	5	src/server/game/AI/CoreAI/UnitAI.h
0	2	src/server/game/AI/SmartScripts/SmartAI.cpp
2	2	src/server/game/AI/SmartScripts/SmartScript.cpp
1	0	src/server/game/Accounts/RBAC.h
4	3	src/server/game/Achievements/AchievementMgr.cpp
31	30	src/server/game/Battlefield/Battlefield.cpp
2	1	src/server/game/Battlefield/Battlefield.h
11	10	src/server/game/Battlefield/Zones/BattlefieldWG.cpp
3	2	src/server/game/Battlegrounds/Arena.cpp
19	0	src/server/game/Battlegrounds/ArenaTeam.cpp
4	0	src/server/game/Battlegrounds/ArenaTeam.h
1	0	src/server/game/Battlegrounds/Battleground.h
2	1	src/server/game/Battlegrounds/BattlegroundQueue.cpp
16	15	src/server/game/Battlegrounds/Zones/BattlegroundAB.cpp
16	15	src/server/game/Battlegrounds/Zones/BattlegroundAB.h
13	12	src/server/game/Battlegrounds/Zones/BattlegroundAV.cpp
4	0	src/server/game/Battlegrounds/Zones/BattlegroundAV.h
14	13	src/server/game/Battlegrounds/Zones/BattlegroundEY.cpp
22	20	src/server/game/Battlegrounds/Zones/BattlegroundEY.h
20	19	src/server/game/Battlegrounds/Zones/BattlegroundIC.cpp
3	0	src/server/game/Battlegrounds/Zones/BattlegroundIC.h
19	18	src/server/game/Battlegrounds/Zones/BattlegroundSA.cpp
16	15	src/server/game/Battlegrounds/Zones/BattlegroundWS.cpp
37	2	src/server/game/CMakeLists.txt
71	12	src/server/game/Cache/CharacterCache.cpp
7	2	src/server/game/Cache/CharacterCache.h
1	0	src/server/game/Chat/Channels/ChannelMgr.h
72	0	src/server/game/Chat/Chat.cpp
7	0	src/server/game/Chat/Chat.h
0	9	src/server/game/Combat/ThreatManager.cpp
1	3	src/server/game/Conditions/ConditionMgr.cpp
198	105	src/server/game/DataStores/DBCStores.cpp
13	0	src/server/game/DataStores/DBCStores.h
7	6	src/server/game/DungeonFinding/LFGMgr.cpp
1	1	src/server/game/DungeonFinding/LFGMgr.h
6	0	src/server/game/DungeonFinding/LFGQueue.cpp
1	1	src/server/game/Entities/Creature/Creature.cpp
1	1	src/server/game/Entities/Creature/CreatureData.h
13	5	src/server/game/Entities/Item/Item.cpp
1	1	src/server/game/Entities/Item/Item.h
3	1	src/server/game/Entities/Item/ItemTemplate.h
31	0	src/server/game/Entities/Object/Object.cpp
20	0	src/server/game/Entities/Object/Object.h
2	2	src/server/game/Entities/Object/Updates/UpdateFieldFlags.cpp
1	1	src/server/game/Entities/Object/Updates/UpdateFields.h
21	0	src/server/game/Entities/Player/BrokenRacialEffects.cpp
13	0	src/server/game/Entities/Player/BrokenRacialEffects.h
163	11	src/server/game/Entities/Player/Player.cpp
12	2	src/server/game/Entities/Player/Player.h
1	4	src/server/game/Entities/Player/PlayerQuest.cpp
103	4	src/server/game/Entities/Player/PlayerStorage.cpp
27	14	src/server/game/Entities/Player/PlayerUpdates.cpp
2455	0	src/server/game/Entities/Player/PlayerUpdates.cpp.bkup
3	1	src/server/game/Entities/Player/RaceMgr.cpp
71	8	src/server/game/Entities/Unit/Unit.cpp
3	1	src/server/game/Entities/Unit/Unit.h
1	15	src/server/game/Entities/Vehicle/Vehicle.cpp
1	0	src/server/game/Entities/Vehicle/VehicleDefines.h
171	8	src/server/game/Globals/ObjectMgr.cpp
1	0	src/server/game/Globals/ObjectMgr.h
13	6	src/server/game/Groups/Group.cpp
5	0	src/server/game/Groups/Group.h
308	232	src/server/game/Guilds/Guild.cpp
171	164	src/server/game/Guilds/Guild.h
3	1	src/server/game/Handlers/ArenaTeamHandler.cpp
20	19	src/server/game/Handlers/ChannelHandler.cpp
426	266	src/server/game/Handlers/CharacterHandler.cpp
15	4	src/server/game/Handlers/ChatHandler.cpp
51	0	src/server/game/Handlers/GroupHandler.cpp
22	2	src/server/game/Handlers/PetitionsHandler.cpp
1	0	src/server/game/LuaEngine
27	0	src/server/game/Maps/Map.cpp
17	0	src/server/game/Maps/Map.h
6	1	src/server/game/Misc/GameGraveyard.cpp
1	0	src/server/game/Misc/GameGraveyard.h
42	0	src/server/game/Movement/MotionMaster.cpp
4	2	src/server/game/Movement/MotionMaster.h
0	4	src/server/game/Movement/MovementGenerators/EscortMovementGenerator.cpp
33	3	src/server/game/Movement/MovementGenerators/PathGenerator.cpp
18	0	src/server/game/Movement/MovementGenerators/PathGenerator.h
5	0	src/server/game/Movement/MovementGenerators/PointMovementGenerator.cpp
3	1	src/server/game/Movement/MovementGenerators/WaypointMovementGenerator.cpp
8	7	src/server/game/OutdoorPvP/OutdoorPvP.cpp
55	0	src/server/game/Scripting/ScriptDefines/DatabaseScript.cpp
7	0	src/server/game/Scripting/ScriptDefines/DatabaseScript.h
12	0	src/server/game/Scripting/ScriptDefines/MiscScript.cpp
8	0	src/server/game/Scripting/ScriptDefines/MiscScript.h
25	0	src/server/game/Scripting/ScriptDefines/PlayerScript.cpp
12	1	src/server/game/Scripting/ScriptDefines/PlayerScript.h
105	0	src/server/game/Scripting/ScriptDefines/PlayerbotsScript.cpp
9	0	src/server/game/Scripting/ScriptDefines/ServerScript.cpp
3	0	src/server/game/Scripting/ScriptDefines/ServerScript.h
5	0	src/server/game/Scripting/ScriptDefines/WorldScript.cpp
3	0	src/server/game/Scripting/ScriptDefines/WorldScript.h
8	2	src/server/game/Scripting/ScriptMgr.cpp
44	1	src/server/game/Scripting/ScriptMgr.h
114	0	src/server/game/Server/FreebornClaim.h
36	0	src/server/game/Server/PlayerTeamSide.h
42	4	src/server/game/Server/WorldSession.cpp
33	2	src/server/game/Server/WorldSession.h
5	0	src/server/game/Server/WorldSessionMgr.cpp
7	40	src/server/game/Spells/Spell.cpp
9	0	src/server/game/Spells/SpellEffects.cpp
6	7	src/server/game/Spells/SpellInfoCorrections.cpp
0	65	src/server/game/TC9Sidecar/TC9Sidecar.cpp
0	5	src/server/game/TC9Sidecar/TC9Sidecar.h
75	2	src/server/game/Tools/PlayerDump.cpp
13	0	src/server/game/World/IWorld.h
27	0	src/server/game/World/World.cpp
25	0	src/server/game/World/World.h
4	5	src/server/game/World/WorldConfig.cpp
1	1	src/server/game/World/WorldConfig.h
5	2	src/server/scripts/Commands/cs_cache.cpp
144	10	src/server/scripts/Commands/cs_character.cpp
1	1	src/server/scripts/Commands/cs_debug.cpp
8	0	src/server/scripts/Commands/cs_server.cpp
14	38	src/server/scripts/EasternKingdoms/ScarletMonastery/instance_scarlet_monastery.cpp
1	1	src/server/scripts/EasternKingdoms/ZulGurub/boss_jeklik.cpp
3	2	src/server/scripts/Events/love_in_air.cpp
0	37	src/server/scripts/Northrend/IcecrownCitadel/boss_professor_putricide.cpp
4	90	src/server/scripts/Northrend/Ulduar/Ulduar/boss_flame_leviathan.cpp
0	13	src/server/scripts/Northrend/Ulduar/Ulduar/boss_freya.cpp
1	15	src/server/scripts/Northrend/Ulduar/Ulduar/boss_mimiron.cpp
3	6	src/server/scripts/Northrend/Ulduar/Ulduar/boss_razorscale.cpp
7	10	src/server/scripts/Northrend/Ulduar/Ulduar/boss_thorim.cpp
5	44	src/server/scripts/Northrend/Ulduar/Ulduar/boss_yoggsaron.cpp
34	368	src/server/scripts/Northrend/Ulduar/Ulduar/instance_ulduar.cpp
14	25	src/server/scripts/Northrend/Ulduar/Ulduar/ulduar.cpp
1	48	src/server/scripts/Northrend/Ulduar/Ulduar/ulduar.h
0	7	src/server/scripts/Northrend/VaultOfArchavon/boss_emalon.cpp
0	3	src/server/scripts/Northrend/zone_dragonblight.cpp
10	27	src/server/scripts/Northrend/zone_storm_peaks.cpp
3	2	src/server/scripts/Northrend/zone_wintergrasp.cpp
3	2	src/server/scripts/OutdoorPvP/OutdoorPvPEP.cpp
3	2	src/server/scripts/OutdoorPvP/OutdoorPvPGH.cpp
5	4	src/server/scripts/OutdoorPvP/OutdoorPvPHP.cpp
5	4	src/server/scripts/OutdoorPvP/OutdoorPvPNA.cpp
5	4	src/server/scripts/OutdoorPvP/OutdoorPvPSI.cpp
2	1	src/server/scripts/OutdoorPvP/OutdoorPvPTF.cpp
6	5	src/server/scripts/OutdoorPvP/OutdoorPvPZM.cpp
1	1	src/server/scripts/Pet/pet_generic.cpp
13	23	src/server/scripts/Spells/spell_generic.cpp
2	1	src/server/scripts/Spells/spell_quest.cpp
98	0	src/server/shared/CreatureAppearance.h
11	3	src/server/shared/DataStores/DBCDatabaseLoader.cpp
35	0	src/server/shared/DataStores/DBCStore.h
36	0	src/server/shared/DataStores/DBCStructure.h
2	0	src/server/shared/DataStores/DBCfmt.h
140	0	src/server/shared/EarthenAppearance.h
209	0	src/server/shared/HaranirAppearance.h
180	0	src/server/shared/HighmountainAppearance.h
189	15	src/server/shared/SharedDefines.h
346	0	src/server/shared/VulperaAppearance.h
50	29	src/server/shared/enuminfo_SharedDefines.cpp
94	0	src/test/server/game/Combat/FreebornTeamTest.cpp
34	0	src/test/server/game/Entities/CollisionDimensionsTest.cpp
25	0	src/test/server/game/Modules/BrokenRacialsTest.cpp
60	72	src/test/server/game/Spells/VehicleScalingUlduarTest.cpp
9	1	src/tools/mmaps_generator/Config.cpp
2	0	src/tools/mmaps_generator/Config.h
30	0	src/tools/mmaps_generator/MapBuilder.cpp
3	3	src/tools/mmaps_generator/mmaps-config.yaml
