reference_entry,displayid,item_level,quality
35,472,2,1
2131,22075,3,1
2134,22101,4,1
2300,9502,12,2
2302,4713,8,1
2303,9500,10,1
2307,17163,18,2
2310,23025,13,2
2311,17233,13,2
2312,5406,15,2
2314,9531,24,3
2315,9530,20,2
2492,12992,7,1
2572,12687,10,2
2580,23133,12,2
2583,13524,19,2
2585,12669,21,2
3480,23531,22,2
3482,9404,26,2
3483,9406,27,2
3484,9412,29,2
3485,9414,30,2
3606,14456,10,1
3607,14161,10,1
3833,23089,8,1
3834,16839,8,1
3835,9417,33,2
3836,25658,34,2
3840,9422,32,2
3842,9415,31,2
3844,13088,36,3
3845,9425,40,2
3846,23537,37,2
3847,9426,40,2
3853,7324,36,2
3855,8528,37,2
4237,9501,10,1
4239,9503,13,2
4242,9505,15,2
4246,9513,16,2
4247,2362,29,2
4436,9912,21,2
4437,20390,20,2
4443,11327,36,2
4444,18694,24,2
4445,19398,23,2
4448,4723,27,2
4449,20439,27,2
4455,14261,33,2
4456,17231,33,2
4464,7002,32,2
4465,6844,32,2
4652,18789,45,2
5743,9842,40,2
5750,8749,23,2
5751,23078,25,2
5753,8753,31,2
5754,7093,31,2
5756,20591,37,3
5757,8803,20,2
5761,19544,5,1
7914,16080,32,2
7918,16089,45,2
7919,16091,45,2
7920,3409,42,2
7921,16092,45,2
7922,16093,43,3
7926,16103,45,2
7927,16105,45,2
7928,16106,45,2
7929,23538,42,2
7930,16109,46,2
7933,16113,47,2
7934,16115,47,2
7935,16117,48,2
7936,16118,49,2
7937,16119,49,2
7938,16124,45,3
7939,24393,49,3
7941,16126,42,2
7943,16128,45,2
7945,5223,46,2
7947,16130,51,2
7963,16184,40,2
7996,16548,20,1
8367,16729,51,3
10410,28385,23,3
10411,27949,23,3
10423,19201,31,2
11302,6515,52,3
11310,5116,47,3
11311,28731,46,3
11728,21694,57,3
11729,28826,57,3
11730,28723,57,3
11731,28666,57,3
11743,21714,55,3
11744,21715,56,3
11745,28740,56,3
11746,21717,56,3
18327,30688,59,3
18328,30689,59,3
18337,30693,59,2
18338,21016,59,3
18710,31159,50,3
18711,31160,50,3
18712,31161,50,3
18716,31166,61,3
18718,31167,63,3
22395,34957,57,3
22396,34956,78,4
22397,34955,57,3
22398,34954,62,3
22399,34953,78,4
22400,34961,57,3
22401,34960,62,3
22402,34959,78,4
22403,9858,61,3
22406,20384,61,3
22407,42208,61,3
22979,6011,21,2
22981,35373,83,4
22985,33322,15,2
23004,34953,83,4
23005,34956,83,4
23006,34959,83,4
23009,35262,83,4
23197,34954,65,3
23198,34955,65,3
23199,34957,65,3
23200,34956,65,3
23201,34960,65,3
23203,34961,65,3
24381,39059,91,3
24385,31899,88,3
24386,36578,88,3
24387,43134,88,3
24388,43159,88,3
24389,41427,88,3
25950,39226,97,3
25951,22680,99,2
25952,39228,97,3
25953,43202,97,3
25955,45175,97,3
25956,43141,97,3
25957,43192,97,3
25958,27420,96,2
25959,39485,96,2
27483,42965,115,3
27484,5563,115,3
27485,15163,115,3
27487,42839,115,3
27488,44409,115,3
27489,42851,115,3
27912,42944,115,3
27913,43097,115,3
27914,42972,112,3
27915,42894,112,3
27917,34961,112,3
27918,42847,112,3
27919,43003,112,3
27946,43099,115,3
27947,25246,91,3
27948,42448,115,3
27949,34961,91,3
27980,41871,115,3
27981,31351,115,3
27985,43042,115,3
27986,39958,115,3
27987,41791,112,3
27988,43100,112,3
28367,41789,115,3
28371,43115,115,3
28372,43117,115,3
28373,23119,115,3
28783,43915,125,4
37186,33808,200,3
37188,59543,200,3
37189,52328,200,3
37192,49005,200,4
37193,53810,200,4
37195,39122,200,3
38400,52902,142,2
38401,49794,146,2
38402,49246,142,2
38403,49253,146,2
38404,52901,142,2
38405,52584,146,2
38412,55193,138,2
38413,52950,146,2
38414,57751,138,2
38415,52951,142,2
38416,51213,142,2
38424,52151,142,2
38433,49256,150,2
38435,56687,150,2
38436,57750,150,2
38437,52906,150,2
38439,51293,150,2
38440,57541,150,2
38441,56696,159,3
38592,52938,175,3
39208,51913,70,3
39712,54697,213,4
39714,54757,213,4
39716,56656,213,4
39717,55393,213,4
39718,54622,213,4
39719,55324,213,4
39720,54703,213,4
40203,54767,213,4
40204,51008,213,4
40205,54792,213,4
40206,55394,213,4
40207,51913,213,4
40208,54772,213,4
40209,57075,213,4
40210,54768,213,4
40679,35437,200,4
40680,35373,200,4
40681,35359,200,4
40682,53630,200,4
40683,54045,200,4
40684,29947,200,4
40685,54046,200,4
40688,54051,200,4
40689,54050,200,4
40709,34956,200,4
40710,34958,200,4
40711,54481,200,4
40712,54483,200,4
40713,54484,200,4
40714,51913,200,4
40715,51913,200,4
40717,33728,213,4
40718,38541,213,4
40719,44358,213,4
40720,44086,213,4
41257,52966,200,4
41344,52304,187,3
41345,52996,187,3
41347,53003,187,3
41348,53004,187,3
41349,53110,187,3
41351,51604,187,3
41352,53005,187,3
41353,50991,187,3
41354,51710,187,3
41512,53082,134,2
41513,53090,134,2
41515,53084,134,2
41516,55367,187,3
41525,53084,150,3
41528,53082,146,3
44214,9063,187,3
44423,60816,245,4
44424,60804,245,4
44429,27088,156,4
44436,56673,167,3
44437,55018,171,3
44438,56675,175,3
