ID,SkillID,RaceMask,ClassMask,Flags,MinLevel,SkillTierID,SkillCostIndex
57,6,-1,128,1040,0,0,0
301,8,-1,128,1040,0,0,0
107,26,-1,1,1040,0,0,0
82,38,-1,8,1040,0,0,0
75,39,-1,8,1040,0,0,0
140,43,1115,1,128,0,0,0
328,43,8191,4,128,0,0,0
638,43,8191,1,128,0,0,0
872,43,32767,8,128,0,0,0
880,43,1024,4,128,0,0,0
881,43,32767,384,128,0,0,0
885,43,1029,2,128,0,0,0
886,43,8191,2,128,0,0,0
910,43,262143,32,128,0,0,0
117,44,166,4,128,0,0,0
335,44,2147483647,74,128,0,0,0
628,44,8191,1,128,0,0,0
629,44,167,1,128,0,0,0
630,44,8191,1,128,0,0,0
912,44,262143,32,128,0,0,0
126,45,650,4,128,0,0,0
127,45,32767,13,128,0,0,0
133,46,2404,4,128,0,0,0
134,46,32767,9,128,0,0,0
635,46,1691,4,128,0,0,0
31,50,-1,4,1040,0,0,0
39,51,-1,4,1040,0,0,0
135,54,2147483647,80,128,0,0,0
325,54,-1,8,128,0,0,0
636,54,1133,1,128,0,0,0
637,54,2962,1,128,0,0,0
643,54,8,1024,128,0,0,0
644,54,8191,4,128,0,0,0
888,54,261631,2,128,0,0,0
889,54,512,2,128,0,0,0
914,54,262143,32,128,0,0,0
125,55,262143,4,128,0,0,0
626,55,163839,1,128,0,0,0
884,55,512,2,128,0,0,0
898,55,262143,32,128,0,0,0
901,55,261631,2,128,0,0,0
58,56,-1,16,1040,0,0,0
60,78,-1,16,1040,0,0,0
4,95,2147483647,262111,640,0,0,0
916,95,524287,32,640,0,0,0
59,96,8191,1024,1168,0,0,0
40,98,7245,1535,128,0,0,0
41,98,674,1503,160,0,21,0
68,101,4,1535,1170,0,0,0
48,109,9138,1535,128,0,0,0
49,109,7245,1503,160,0,21,0
44,111,4,1535,128,0,0,0
45,111,2043,1503,160,0,21,0
42,113,8,1535,128,0,0,0
43,113,2039,1503,160,0,21,0
50,115,32,1535,128,0,0,0
51,115,2015,1503,160,0,21,0
131,118,32767,8,146,1,0,0
132,118,32767,5,146,20,0,0
883,118,32767,64,402,0,0,0
913,118,262143,32,146,0,0,0
105,120,8191,256,1170,0,0,0
71,124,32,1535,1170,0,0,0
70,125,2,1535,146,0,0,0
69,126,8,1535,1170,0,0,0
86,129,-1,262111,128,0,63,0
925,129,-1,32,128,0,63,0
54,130,8191,128,1168,4,0,0
25,134,-1,1024,1040,10,0,0
138,136,32767,1488,128,0,0,0
139,136,32767,5,128,0,0,0
91,137,1535,1503,160,0,21,0
882,137,512,1535,128,0,0,0
85,138,8191,1535,128,0,0,0
84,139,8191,1535,160,0,21,0
93,140,8191,1535,128,0,0,0
88,141,8191,1535,160,0,21,0
865,142,8191,1535,0,0,0,0
87,148,1,1535,1170,0,181,0
441,148,8191,1535,1170,0,182,0
94,149,2,1535,1170,0,181,0
443,149,8191,1535,1170,0,182,0
92,150,8,1535,1170,0,181,0
481,150,8191,1535,1170,0,182,0
89,152,4,1535,1170,0,181,0
442,152,8191,1535,1170,0,182,0
123,160,262143,2,128,0,0,0
124,160,-1,1024,128,0,0,0
624,160,32,1,128,0,0,0
625,160,262111,1,128,0,0,0
702,160,-1,64,128,0,0,0
908,160,262143,32,128,0,0,0
6,162,2147483647,1503,128,0,0,0
922,162,262143,32,128,0,0,0
33,163,-1,4,1040,0,0,0
243,164,8191,1535,160,0,41,0
899,165,8191,1535,160,0,41,0
241,171,8191,1535,160,0,41,0
122,172,163839,2,128,0,0,0
621,172,6,1,128,0,0,0
622,172,8191,1,128,0,0,0
701,172,163839,64,128,0,0,0
907,172,524287,32,128,0,0,0
970,172,163839,4,128,0,0,0
129,173,32767,264,128,0,0,0
323,173,32767,208,128,0,0,0
631,173,520,4,128,0,0,0
632,173,8191,1,128,0,0,0
633,173,216,1,128,0,0,0
634,173,8191,4,128,0,0,0
641,173,32,1024,128,0,0,0
642,173,8191,1,128,0,0,0
142,176,-1,8,128,0,0,0
143,176,-1,4,128,0,0,0
639,176,128,1,128,0,0,0
640,176,262015,1,128,0,0,0
28,182,8191,1535,128,0,0,0
5,183,-1,262143,1170,0,0,0
63,184,-1,2,1040,0,0,0
282,185,8191,1535,128,0,61,0
29,186,8191,1535,160,0,2,0
284,197,8191,1535,160,0,62,0
65,198,8191,2,1168,0,0,0
97,199,8191,64,1168,0,0,0
244,202,8191,1535,160,0,41,0
940,205,524287,128,2048,0,0,0
72,220,16,1535,1170,0,0,0
128,226,32767,9,128,0,0,0
878,226,1024,4,128,0,0,0
879,226,31743,4,128,0,0,0
137,227,8191,1029,128,0,0,0
144,228,-1,400,128,0,0,0
136,229,32767,1031,128,20,0,0
915,229,262143,32,128,0,0,0
55,237,-1,128,1040,0,0,0
79,238,8191,8,1168,4,0,0
81,239,8191,8,1168,0,0,0
76,241,8191,8,128,40,0,0
149,242,8191,8,1168,16,0,0
112,243,8191,1,1170,0,0,0
111,244,8191,1,1168,0,0,0
106,245,8191,1,1168,0,0,0
66,246,8191,2,1168,0,0,0
26,247,8191,1024,1168,20,0,0
83,252,8191,9,128,0,0,0
74,253,-1,8,1040,0,0,0
73,254,8191,8,1168,10,0,0
108,255,8191,1,1168,0,0,0
109,256,-1,1,1040,0,0,0
110,257,-1,1,1040,0,0,0
113,258,8191,1,1168,10,0,0
38,260,8191,4,128,0,0,0
35,262,8191,4,128,0,0,0
36,263,8191,4,128,0,0,0
37,264,8191,4,128,0,0,0
61,267,-1,2,1040,0,0,0
62,268,8191,2,1170,0,0,0
64,269,8191,2,1168,0,0,0
24,272,8191,1024,1168,10,0,0
34,273,8191,4,128,0,0,0
21,293,8191,3,128,40,0,0
906,293,262143,32,128,0,0,0
46,313,64,1535,128,0,0,0
47,313,1983,1503,160,0,21,0
52,315,128,1535,128,0,0,0
53,315,1919,1503,160,0,21,0
281,333,8191,1535,160,0,62,0
104,353,8191,256,1170,0,0,0
102,354,-1,256,1040,0,0,0
101,355,-1,256,1040,0,0,0
27,356,8191,1535,128,0,23,0
95,373,-1,64,1040,0,0,0
98,374,262143,64,1040,0,0,0
96,375,262143,64,1040,0,0,0
30,393,8191,1535,160,0,161,0
145,413,8191,68,128,40,0,0
146,413,8191,35,128,0,0,0
147,414,8191,1135,128,0,0,0
148,415,8191,1535,128,0,0,0
151,416,8191,1,192,0,0,0
155,416,8191,2,192,0,0,1
158,416,8191,1088,192,0,0,1
159,416,8191,12,192,0,0,1
271,416,8191,400,192,0,0,2
175,418,8191,1,384,0,0,0
178,418,8191,2,384,0,0,0
183,418,8191,1284,384,0,0,1
186,418,8191,144,384,0,0,1
270,418,8191,72,384,0,0,1
189,419,8191,12,640,0,0,2
191,419,8191,1024,640,0,0,1
193,419,8191,144,640,0,0,0
198,419,8191,2,640,0,0,1
200,419,8191,1,640,0,0,2
265,419,8191,256,640,0,0,0
266,419,8191,64,640,0,0,1
203,420,8191,13,1152,0,0,2
204,420,8191,1026,1152,0,0,1
205,420,8191,272,1152,0,0,0
268,420,8191,128,1152,0,0,0
269,420,8191,64,1152,0,0,1
246,433,8191,67,128,0,0,0
272,453,8191,3,128,0,0,0
330,473,8191,1101,130,0,0,0
381,493,8,1535,164,0,0,0
403,515,8191,1535,128,0,0,0
445,533,128,1535,1170,0,181,0
446,533,95,1535,1170,0,182,0
461,553,64,1535,1170,0,181,0
501,553,4,1535,1170,0,182,0
463,554,16,1535,1170,0,181,0
464,554,207,1535,1170,0,182,0
521,573,-1,1024,1040,0,0,0
522,574,-1,1024,1040,0,0,0
541,593,-1,256,1040,0,0,0
544,594,-1,2,1040,0,0,0
581,613,-1,16,1040,0,0,0
601,633,-1,8,128,0,0,0
741,673,16,1535,128,0,0,0
742,673,8191,1535,160,0,41,0
781,713,255,1535,1170,0,181,0
841,733,128,1535,1170,0,0,0
861,753,64,1535,1170,0,0,0
862,754,1,1535,1170,0,0,0
866,755,8191,1024,128,0,0,0
867,756,512,1535,146,0,0,0
875,759,1024,262143,128,0,0,0
876,759,1023,-1,0,0,21,0
877,760,1024,1535,146,0,0,0
890,762,2147483647,262111,144,0,223,0
934,762,524287,32,144,0,223,0
892,769,32767,1535,1040,0,0,0
896,770,-1,32,1040,0,0,0
897,771,262143,32,1040,0,0,0
951,771,2097151,1535,0,0,0,0
895,772,-1,32,1040,0,0,0
900,773,262143,1535,160,0,41,0
936,776,262143,32,128,0,0,0
938,777,524287,1535,2,0,0,0
939,778,524287,1535,2,0,0,0
947,778,2097151,1535,0,0,0,0
791,789,2048,1535,1170,0,0,0
792,790,256,1535,1170,0,0,0
1140,791,4096,1535,1170,0,0,0
1141,792,8192,1535,1170,0,0,0
1142,793,2048,0,0,20,0,0
