"ID","CategoryID","SkillCostsID","DisplayName_Lang_enUS","DisplayName_Lang_enGB","DisplayName_Lang_koKR","DisplayName_Lang_frFR","DisplayName_Lang_deDE","DisplayName_Lang_enCN","DisplayName_Lang_zhCN","DisplayName_Lang_enTW","DisplayName_Lang_zhTW","DisplayName_Lang_esES","DisplayName_Lang_esMX","DisplayName_Lang_ruRU","DisplayName_Lang_ptPT","DisplayName_Lang_ptBR","DisplayName_Lang_itIT","DisplayName_Lang_Unk","DisplayName_Lang_Mask","Description_Lang_enUS","Description_Lang_enGB","Description_Lang_koKR","Description_Lang_frFR","Description_Lang_deDE","Description_Lang_enCN","Description_Lang_zhCN","Description_Lang_enTW","Description_Lang_zhTW","Description_Lang_esES","Description_Lang_esMX","Description_Lang_ruRU","Description_Lang_ptPT","Description_Lang_ptBR","Description_Lang_itIT","Description_Lang_Unk","Description_Lang_Mask","SpellIconID","AlternateVerb_Lang_enUS","AlternateVerb_Lang_enGB","AlternateVerb_Lang_koKR","AlternateVerb_Lang_frFR","AlternateVerb_Lang_deDE","AlternateVerb_Lang_enCN","AlternateVerb_Lang_zhCN","AlternateVerb_Lang_enTW","AlternateVerb_Lang_zhTW","AlternateVerb_Lang_esES","AlternateVerb_Lang_esMX","AlternateVerb_Lang_ruRU","AlternateVerb_Lang_ptPT","AlternateVerb_Lang_ptBR","AlternateVerb_Lang_itIT","AlternateVerb_Lang_Unk","AlternateVerb_Lang_Mask","CanLink"
"6","7","0","Frost","냉기","Givre","Frost","冰霜","","Escarcha","Escarcha","Лед","","","","","","","","16712190","","","","","","","","","","","","","","","","","16712188","188","","","","","","","","","","","","","","","","","16712172","0"
"8","7","0","Fire","화염","Feu","Feuer","火焰","","Fuego","Fuego","Огонь","","","","","","","","16712190","","","","","","","","","","","","","","","","","16712188","183","","","","","","","","","","","","","","","","","16712172","0"
"26","7","0","Arms","무기","Armes","Waffen","武器","","Armas","Armas","Оружие","","","","","","","","16712190","","","","","","","","","","","","","","","","","16712188","514","","","","","","","","","","","","","","","","","16712172","0"
"38","7","0","Combat","전투","Combat","Kampf","战斗","","Combate","Combate","Бой","","","","","","","","16712190","","","","","","","","","","","","","","","","","16712188","243","","","","","","","","","","","","","","","","","16712172","0"
"39","7","0","Subtlety","잠행","Finesse","Täuschung","敏锐","","Sutileza","Sutileza","Скрытность","","","","","","","","16712190","","","","","","","","","","","","","","","","","16712188","250","","","","","","","","","","","","","","","","","16712172","0"
"43","6","0","Swords","도검류","Epées","Schwerter","单手剑","","Espadas","Espadas","Мечи","","","","","","","","16712191","Higher weapon skill increases your chance to hit.","무기 숙련이 올라갈수록 적중률이 높아집니다.","Une compétence d’arme plus élévée augmente vos chances de toucher.","Eine erhöhte Waffenfertigkeit ","武器技能越高，用该武器击中敌人的几率就越高。","","Cuanto mayor sea tu nivel de habilidad con las armas, mayor será la probabilidad de acertar al dar un golpe.","Cuanto mayor sea tu nivel de habilidad con las armas, mayor será la probabilidad de acertar al dar un golpe.","Чем лучше развит этот навык, тем больше вероятность нанесения урона.","","","","","","","","16712190","1","","","","","","","","","","","","","","","","","16712172","0"
"44","6","0","Axes","도끼류","Haches","Äxte","单手斧","","Hachas","Hachas","Топоры","","","","","","","","16712191","Higher weapon skill increases your chance to hit.","무기 숙련이 올라갈수록 적중률이 높아집니다.","Une compétence d’arme plus élévée augmente vos chances de toucher.","Eine erhöhte Waffenfertigkeit ","武器技能越高，用该武器击中敌人的几率就越高。","","Cuanto mayor sea tu nivel de habilidad con las armas, mayor será la probabilidad de acertar al dar un golpe.","Cuanto mayor sea tu nivel de habilidad con las armas, mayor será la probabilidad de acertar al dar un golpe.","Чем лучше развит этот навык, тем больше вероятность нанесения урона.","","","","","","","","16712190","1","","","","","","","","","","","","","","","","","16712172","0"
"45","6","0","Bows","활류","Arcs","Bögen","弓","","Arcos","Arcos","Луки","","","","","","","","16712190","Higher weapon skill increases your chance to hit.","무기 숙련이 올라갈수록 적중률이 높아집니다.","Une compétence d’arme plus élévée augmente vos chances de toucher.","Eine erhöhte Waffenfertigkeit ","武器技能越高，用该武器击中敌人的几率就越高。","","Cuanto mayor sea tu nivel de habilidad con las armas, mayor será la probabilidad de acertar al dar un golpe.","Cuanto mayor sea tu nivel de habilidad con las armas, mayor será la probabilidad de acertar al dar un golpe.","Чем лучше развит этот навык, тем больше вероятность нанесения урона.","","","","","","","","16712190","1","","","","","","","","","","","","","","","","","16712172","0"
"46","6","0","Guns","총기류","Armes à feu","Schusswaffen","枪械","","Armas de fuego","Armas de fuego","Огнестрельное оружие","","","","","","","","16712190","Higher weapon skill increases your chance to hit.","무기 숙련이 올라갈수록 적중률이 높아집니다.","Une compétence d’arme plus élévée augmente vos chances de toucher.","Eine erhöhte Waffenfertigkeit ","武器技能越高，用该武器击中敌人的几率就越高。","","Cuanto mayor sea tu nivel de habilidad con las armas, mayor será la probabilidad de acertar al dar un golpe.","Cuanto mayor sea tu nivel de habilidad con las armas, mayor será la probabilidad de acertar al dar un golpe.","Чем лучше развит этот навык, тем больше вероятность нанесения урона.","","","","","","","","16712190","1","","","","","","","","","","","","","","","","","16712172","0"
"50","7","0","Beast Mastery","야수","Maîtrise des bêtes","Tierherrschaft","野兽控制","","Dominio de bestias","Dominio de bestias","Повелитель зверей","","","","","","","","16712190","","","","","","","","","","","","","","","","","16712188","255","","","","","","","","","","","","","","","","","16712172","0"
"51","7","0","Survival","생존","Survie","Überleben","生存技能","","Supervivencia","Supervivencia","Выживание","","","","","","","","16712190","","","","","","","","","","","","","","","","","16712188","257","","","","","","","","","","","","","","","","","16712172","0"
"54","6","0","Maces","둔기류","Masse","Streitkolben","单手锤","","Mazas","Mazas","Дробящее оружие","","","","","","","","16712191","Higher weapon skill increases your chance to hit.","무기 숙련이 올라갈수록 적중률이 높아집니다.","Une compétence d’arme plus élévée augmente vos chances de toucher.","Eine erhöhte Waffenfertigkeit ","武器技能越高，用该武器击中敌人的几率就越高。","","Cuanto mayor sea tu nivel de habilidad con las armas, mayor será la probabilidad de acertar al dar un golpe.","Cuanto mayor sea tu nivel de habilidad con las armas, mayor será la probabilidad de acertar al dar un golpe.","Чем лучше развит этот навык, тем больше вероятность нанесения урона.","","","","","","","","16712190","1","","","","","","","","","","","","","","","","","16712172","0"
"55","6","0","Two-Handed Swords","양손 도검류","Epées à deux mains","Zweihandschwerter","双手剑","","Espadas de dos manos","Espadas de dos manos","Двуручные мечи","","","","","","","","16712190","Higher weapon skill increases your chance to hit.","무기 숙련이 올라갈수록 적중률이 높아집니다.","Une compétence d’arme plus élévée augmente vos chances de toucher.","Eine erhöhte Waffenfertigkeit ","武器技能越高，用该武器击中敌人的几率就越高。","","Cuanto mayor sea tu nivel de habilidad con las armas, mayor será la probabilidad de acertar al dar un golpe.","Cuanto mayor sea tu nivel de habilidad con las armas, mayor será la probabilidad de acertar al dar un golpe.","Чем лучше развит этот навык, тем больше вероятность нанесения урона.","","","","","","","","16712190","1","","","","","","","","","","","","","","","","","16712172","0"
"56","7","0","Holy","신성","Sacré","Heilig","神圣","","Sagrado","Sagrado","Свет","","","","","","","","16712190","","","","","","","","","","","","","","","","","16712188","70","","","","","","","","","","","","","","","","","16712172","0"
"78","7","0","Shadow Magic","암흑","Magie de l'ombre","Schattenmagie","暗影魔法","","Magia sombría","Magia sombría","Темная магия","","","","","","","","16712191","","","","","","","","","","","","","","","","","16712188","234","","","","","","","","","","","","","","","","","16712172","0"
"95","6","0","Defense","방어","Défense","Verteidigung","防御","","Defensa","Defensa","Защита","","","","","","","","16712190","Higher defense improves your chance to dodge, parry, and block attacks, makes you harder to hit,  and makes monsters less likely to land a critical strike against you.","방어 숙련도가 높을수록 회피, 무기 막기, 방패 막기 및 적의 공격이 빗나갈 확률이 높아지며 적의 치명타 적중률이 낮아집니다.","Une plus haute défense améliore vos chances d'esquiver, de parer ou de bloquer, vous rend plus difficile à toucher et diminue les chances que les monstres vous infligent un coup critique.","Eine höhere Verteidigungsferti","防御越高，你躲闪、招架和格挡攻击的几率就越高，因此越难以被击","","Con una defensa alta tendrás más posibilidades de esquivar, parar o bloquear ataques, así que será más difícil que te acierte un golpe y que los monstruos te asesten un golpe crítico.","Con una defensa alta tendrás más posibilidades de esquivar, parar o bloquear ataques, así que será más difícil que te acierte un golpe y que los monstruos te asesten un golpe crítico.","Чем лучше развит этот навык, тем выше ваши шансы на успешное парирование, блок или уклонение от атаки противника. Кроме того, развитие этого навыка снижает вероятность получения критического урона.","","","","","","","","16712190","1","","","","","","","","","","","","","","","","","16712172","0"
"98","10","0","Language: Common","언어: 공용어","Langue : commun","Sprache: Gemeinsprache","语言：通用语","","Idioma: común","Idioma: común","Язык: всеобщий","","","","","","","","16712190","","","","","","","","","","","","","","","","","16712188","1","","","","","","","","","","","","","","","","","16712172","0"
"101","9","0","Dwarven Racial","드워프 종족 특성","Raciale nain","Zwergenvolk","矮人种族特长","","Racial enano","Racial enano","Расовый навык дворфов","","","","","","","","16712191","","","","","","","","","","","","","","","","","16712188","1","","","","","","","","","","","","","","","","","16712172","0"
"109","10","0","Language: Orcish","언어: 오크어","Langue : orc","Sprache: Orcisch","语言：兽人语","","Idioma: orco","Idioma: orco","Язык: орочий","","","","","","","","16712190","","","","","","","","","","","","","","","","","16712188","1","","","","","","","","","","","","","","","","","16712172","0"
"111","10","0","Language: Dwarven","언어: 드워프어","Langue : nain","Sprache: Zwergisch","语言：矮人语","","Idioma: enánico","Idioma: enánico","Язык: дворфийский","","","","","","","","16712190","","","","","","","","","","","","","","","","","16712188","1","","","","","","","","","","","","","","","","","16712172","0"
"113","10","0","Language: Darnassian","언어: 나이트 엘프어","Langue : darnassien","Sprache: Darnassisch","语言：达纳苏斯语","","Idioma: darnassiano","Idioma: darnassiano","Язык: дарнасский","","","","","","","","16712190","","","","","","","","","","","","","","","","","16712188","1","","","","","","","","","","","","","","","","","16712172","0"
"115","10","0","Language: Taurahe","언어: 타우렌어","Langue : taurahe","Sprache: Taurisch","语言：牛头人语","","Idioma: taurahe","Idioma: taurahe","Язык: таурахэ","","","","","","","","16712190","","","","","","","","","","","","","","","","","16712188","1","","","","","","","","","","","","","","","","","16712172","0"
"118","6","0","Dual Wield","쌍수 무기","Ambidextrie","Beidhändigkeit","双武器","","Doble empuñadura","Doble empuñadura","Бой двумя руками","","","","","","","","16712190","","","","","","","","","","","","","","","","","16712188","1","","","","","","","","","","","","","","","","","16712172","0"
"124","9","0","Tauren Racial","타우렌 종족 특성","Raciale tauren","Taurenvolk","牛头人种族特长","","Racial tauren","Racial tauren","Расовый навык тауренов","","","","","","","","16712190","","","","","","","","","","","","","","","","","16712188","1","","","","","","","","","","","","","","","","","16712172","0"
"125","9","0","Orc Racial","오크 종족 특성","Raciale orc","Orcvolk","兽人种族特长","","Racial orco","Racial orco","Расовый навык орков","","","","","","","","16712190","","","","","","","","","","","","","","","","","16712188","1","","","","","","","","","","","","","","","","","16712172","0"
"126","9","0","Night Elf Racial","나이트 엘프 족종 특성","Raciale elfe de la nuit","Nachtelfenvolk","暗夜精灵种族特长","","Racial elfo de la noche","Racial elfo de la noche","Расовый навык ночных эльфов","","","","","","","","16712190","","","","","","","","","","","","","","","","","16712188","1","","","","","","","","","","","","","","","","","16712172","0"
"129","9","0","First Aid","응급치료","Secourisme","Erste Hilfe","急救","","Primeros auxilios","Primeros auxilios","Первая помощь","","","","","","","","16712190","Higher first aid skill allows you to learn higher level first aid abilities.  First aid abilities can be found on trainers around the world as well as from quests and as drops from monsters.","응급치료 숙련도가 올라갈수록 고급 응급치료술을 배울 수 있습니다. 응급치료술은 전문 응급치료사나 퀘스트로 배울 수 있습니다.","Une compétence plus élevée en secourisme vous permet d'apprendre à mieux soigner. Il est possible d'augmenter cette compétence grâce à des professeurs, aux monstres que vous tuez ou en récompense de quêtes.","Eine hohe Fertigkeit in Erster","高级的急救技能使你可以学习高级的急救能力。你可以在训练师那里","","Con un nivel alto de habilidad en primeros auxilios, aprenderás primeros auxilios de nivel superior. Visita a los instructores dispersos por el mundo, completa misiones y derrota a los monstruos para conseguirlas.","Con un nivel alto de habilidad en primeros auxilios, aprenderás primeros auxilios de nivel superior. Visita a los instructores dispersos por el mundo, completa misiones y derrota a los monstruos para conseguirlas.","Чем лучше развит этот навык, тем более сложные медицинские приемы вы можете применять. Медицинские приемы можно узнать у учителей, а также получить в качестве добычи или награды.","","","","","","","","16712190","504","","","","","","","","","","","","","","","","","16712172","1"
"134","7","0","Feral Combat","야성","Combat farouche","Wilder Kampf","野性战斗","","Combate feral","Combate feral","Сила зверя","","","","","","","","16712190","","","","","","","","","","","","","","","","","16712188","107","","","","","","","","","","","","","","","","","16712172","0"
"136","6","0","Staves","지팡이류","Bâtons","Stäbe","法杖","","Bastones","Bastones","Посохи","","","","","","","","16712191","Higher weapon skill increases your chance to hit.","무기 숙련이 올라갈수록 적중률이 높아집니다.","Une compétence d’arme plus élévée augmente vos chances de toucher.","Eine erhöhte Waffenfertigkeit ","武器技能越高，用该武器击中敌人的几率就越高。","","Cuanto mayor sea tu nivel de habilidad con las armas, mayor será la probabilidad de acertar al dar un golpe.","Cuanto mayor sea tu nivel de habilidad con las armas, mayor será la probabilidad de acertar al dar un golpe.","Чем лучше развит этот навык, тем больше вероятность нанесения урона.","","","","","","","","16712190","1","","","","","","","","","","","","","","","","","16712172","0"
"137","10","0","Language: Thalassian","언어: 하이엘프어","Langue : thalassien","Sprache: Thalassisch","语言：萨拉斯语","","Idioma: thalassiano","Idioma: thalassiano","Язык: талассийский","","","","","","","","16712190","","","","","","","","","","","","","","","","","16712188","1","","","","","","","","","","","","","","","","","16712172","0"
"138","10","0","Language: Draconic","언어: 용언","Langue : draconique","Sprache: Drachisch","语言：龙语","","Idioma: dracónico","Idioma: dracónico","Язык: драконий","","","","","","","","16712190","","","","","","","","","","","","","","","","","16712188","1","","","","","","","","","","","","","","","","","16712172","0"
"139","10","0","Language: Demon Tongue","언어: 악마어","Langue : démoniaque","Sprache: Dämonisch","语言：恶魔语","","Idioma: demoníaco","Idioma: demoníaco","Язык: наречие демонов","","","","","","","","16712190","","","","","","","","","","","","","","","","","16712188","1","","","","","","","","","","","","","","","","","16712172","0"
"140","10","0","Language: Titan","언어: 티탄어","Langue : titan","Sprache: Titanisch","语言：泰坦语","","Idioma: titánico","Idioma: titánico","Язык: наречие титанов","","","","","","","","16712190","","","","","","","","","","","","","","","","","16712188","1","","","","","","","","","","","","","","","","","16712172","0"
"141","10","0","Language: Old Tongue","언어: 고대어","Langue : langue ancienne","Sprache: Alte Sprache","语言：古代语","","Idioma: lengua antigua","Idioma: lengua antigua","Язык: древний","","","","","","","","16712190","","","","","","","","","","","","","","","","","16712188","1","","","","","","","","","","","","","","","","","16712172","0"
"142","9","0","Survival","야영","Survie","Überlebenskunst","生存技能","","Supervivencia","Supervivencia","Выживание","","","","","","","","16712190","","","","","","","","","","","","","","","","","16712188","1","","","","","","","","","","","","","","","","","16712172","0"
"148","9","0","Horse Riding","말 타기","Equitation","Pferdreiten","骑术：马","","Montar caballos","Montar caballos","Езда на лошадях","","","","","","","","16712190","","","","","","","","","","","","","","","","","16712188","1","","","","","","","","","","","","","","","","","16712172","0"
"149","9","0","Wolf Riding","늑대 타기","Monte de loup","Wolfreiten","骑术：狼","","Montar lobos","Montar lobos","Езда на волках","","","","","","","","16712190","","","","","","","","","","","","","","","","","16712188","1","","","","","","","","","","","","","","","","","16712172","0"
"150","9","0","Tiger Riding","호랑이 타기","Monte de tigre","Tigerreiten","骑术：豹","","Montar tigres","Montar tigres","Езда на тиграх","","","","","","","","16712190","","","","","","","","","","","","","","","","","16712188","1","","","","","","","","","","","","","","","","","16712172","0"
"152","9","0","Ram Riding","산양 타기","Monte de bélier","Widderreiten","骑术：羊","","Montar carneros","Montar carneros","Езда на баранах","","","","","","","","16712190","","","","","","","","","","","","","","","","","16712188","1","","","","","","","","","","","","","","","","","16712172","0"
"155","9","0","Swimming","수영","Natation","Schwimmen","游泳","","Nadar","Nadar","Плавание","","","","","","","","16712190","","","","","","","","","","","","","","","","","16712188","1","","","","","","","","","","","","","","","","","16712172","0"
"160","6","0","Two-Handed Maces","양손 둔기류","Masses à deux mains","Zweihandstreitkolben","双手锤","","Mazas de dos manos","Mazas de dos manos","Двуручное дробящее оружие","","","","","","","","16712190","Higher weapon skill increases your chance to hit.","무기 숙련이 올라갈수록 적중률이 높아집니다.","Une compétence d’arme plus élévée augmente vos chances de toucher.","Eine erhöhte Waffenfertigkeit ","武器技能越高，用该武器击中敌人的几率就越高。","","Cuanto mayor sea tu nivel de habilidad con las armas, mayor será la probabilidad de acertar al dar un golpe.","Cuanto mayor sea tu nivel de habilidad con las armas, mayor será la probabilidad de acertar al dar un golpe.","Чем лучше развит этот навык, тем больше вероятность нанесения урона.","","","","","","","","16712190","1","","","","","","","","","","","","","","","","","16712172","0"
"162","6","0","Unarmed","맨손 전투","Mains nues","Unbewaffnet","徒手战斗","","Sin armas","Sin armas","Рукопашный бой","","","","","","","","16712191","Higher skill increases your chance to hit.","숙련도가 올라갈수록 적중률이 높아집니다.","Une compétence plus élevée augmente vos chances de toucher.","Eine erhöhte Fertigkeit steige","此技能等级越高，你击中目标的几率越高。","","Cuanto mayor sea tu nivel de habilidad, mayor será la probabilidad de acertar al dar un golpe.","Cuanto mayor sea tu nivel de habilidad, mayor será la probabilidad de acertar al dar un golpe.","Чем лучше развит этот навык, тем больше вероятность нанесения урона.","","","","","","","","16712190","1","","","","","","","","","","","","","","","","","16712172","0"
"163","7","0","Marksmanship","사격","Précision","Treffsicherheit","射击","","Puntería","Puntería","Стрельба","","","","","","","","16712190","","","","","","","","","","","","","","","","","16712188","126","","","","","","","","","","","","","","","","","16712172","0"
"164","11","0","Blacksmithing","대장기술","Forge","Schmiedekunst","锻造","","Herrería","Herrería","Кузнечное дело","","","","","","","","16712190","Higher smithing skill allows you to learn higher level smithing plans.  Blacksmithing plans can be found on trainers around the world as well as from quests and monsters.","대장기술 숙련도가 올라갈수록 고레벨의 대장기술 도면을 배울 수 있습니다. 도면은 전문 대장장이나 퀘스트를 통해 배우거나 몬스터에게서 얻을 수 있습니다.","Un plus haut score dans la compétence forge vous permet d’apprendre des plans plus difficiles. Les plans pour forgerons se trouvent dans le monde entier auprès de maîtres aussi bien qu’en récompense de quêtes ou qu’en butin de monstres.","Eine hohe Schmiedefertigkeit e","高级的锻造技能使你可以学习高级的锻造设计图。你可以在训练师那","","Con un nivel alto de habilidad en herrería, podrás aprender mejores diseños de herrería. Visita a los instructores dispersos por el mundo, completa misiones y derrota a los monstruos para conseguirlos.","Con un nivel alto de habilidad en herrería, podrás aprender mejores diseños de herrería. Visita a los instructores dispersos por el mundo, completa misiones y derrota a los monstruos para conseguirlos.","Чем лучше развит этот навык, тем более сложные кузнечные чертежи вы можете использовать. Чертежи можно найти у учителей, а также получить в качестве добычи или награды.","","","","","","","","16712190","335","Modify","개조","Modifier","Umarbeiten","修改","","Transformar","Transformar","Выковать","","","","","","","","16712190","1"
"165","11","0","Leatherworking","가죽세공","Travail du cuir","Lederverarbeitung","制皮","","Peletería","Peletería","Кожевничество","","","","","","","","16712190","Higher leatherworking skill allows you to learn higher level leatherworking patterns.  Leatherworking patterns can be found on trainers around the world as well as from quests and monsters.","가죽세공 숙련도가 올라갈수록 고레벨의 가죽세공 도안을 배울 수 있습니다. 도안은 전문 가죽세공인이나 퀘스트를 통해 배우거나 몬스터에게서 얻을 수 있습니다.","Une compétence plus élevée dans le travail du cuir vous permet d'apprendre des patrons plus difficiles. Ces patrons peuvent être trouvés auprès de maîtres un peu partout dans le monde, sur des monstres ou en récompense de quêtes.","Eine hohe Lederverarbeitungsfe","高级的制皮技能使你可以学习高级的制皮图样。你可以在训练师那里","","Con un nivel alto de habilidad en peletería, podrás aprender patrones de nivel superior. Visita a los instructores dispersos por el mundo, completa misiones y derrota a los monstruos para conseguirlos.","Con un nivel alto de habilidad en peletería, podrás aprender patrones de nivel superior. Visita a los instructores dispersos por el mundo, completa misiones y derrota a los monstruos para conseguirlos.","Чем лучше развит этот навык, тем более сложные выкройки для кожи вы можете использовать. Выкройки можно найти у учителей, а также получить в качестве добычи или награды.","","","","","","","","16712190","346","Emboss","새김무늬","Estamper","Prägen","雕饰","","Remachar","Remachar","Украсить","","","","","","","","16712190","1"
"171","11","0","Alchemy","연금술","Alchimie","Alchemie","炼金术","","Alquimia","Alquimia","Алхимия","","","","","","","","16712190","Higher alchemy skill allows you to learn higher level alchemy recipes.  Alchemy recipes can be found on trainers around the world as well as from quests and monsters.","연금술 숙련도가 올라갈수록 고레벨의 연금술 조제법을 배울 수 있습니다. 조제법은 전문 연금술사나 퀘스트를 통해 배우거나 몬스터에게서 얻을 수 있습니다.","Un plus haut score dans la compétence alchimie vous permet d’apprendre des recettes plus difficiles. Les recettes d'alchimie se trouvent dans le monde entier auprès de maîtres aussi bien qu’en récompense de quêtes ou qu’en butin de monstres.","Eine hohe Alchemiefertigkeit e","高级的炼金术技能使你可以学习高级的炼金术配方。你可以在训练师","","Con un nivel alto de habilidad en alquimia, podrás aprender recetas de nivel superior. Visita a los instructores dispersos por el mundo, completa misiones y derrota a los monstruos para conseguirlas.","Con un nivel alto de habilidad en alquimia, podrás aprender recetas de nivel superior. Visita a los instructores dispersos por el mundo, completa misiones y derrota a los monstruos para conseguirlas.","Чем лучше развит этот навык, тем более сложные рецепты вы можете использовать. Рецепты можно найти у учителей, а также получить в качестве добычи или награды.","","","","","","","","16712190","339","Refill","보충","Remplir","Nachfüllen","装填","","Rellenar","Rellenar","Наполнить","","","","","","","","16712190","1"
"172","6","0","Two-Handed Axes","양손 도끼류","Haches à deux mains","Zweihandäxte","双手斧","","Hachas de dos manos","Hachas de dos manos","Двуручные топоры","","","","","","","","16712190","Higher weapon skill increases your chance to hit.","무기 숙련이 올라갈수록 적중률이 높아집니다.","Une compétence d’arme plus élévée augmente vos chances de toucher.","Eine erhöhte Waffenfertigkeit ","武器技能越高，用该武器击中敌人的几率就越高。","","Cuanto mayor sea tu nivel de habilidad con las armas, mayor será la probabilidad de acertar al dar un golpe.","Cuanto mayor sea tu nivel de habilidad con las armas, mayor será la probabilidad de acertar al dar un golpe.","Чем лучше развит этот навык, тем больше вероятность нанесения урона.","","","","","","","","16712190","1","","","","","","","","","","","","","","","","","16712172","0"
"173","6","0","Daggers","단검류","Dagues","Dolche","匕首","","Dagas","Dagas","Кинжалы","","","","","","","","16712191","Higher weapon skill increases your chance to hit.","무기 숙련이 올라갈수록 적중률이 높아집니다.","Une compétence d’arme plus élévée augmente vos chances de toucher.","Eine erhöhte Waffenfertigkeit ","武器技能越高，用该武器击中敌人的几率就越高。","","Cuanto mayor sea tu nivel de habilidad con las armas, mayor será la probabilidad de acertar al dar un golpe.","Cuanto mayor sea tu nivel de habilidad con las armas, mayor será la probabilidad de acertar al dar un golpe.","Чем лучше развит этот навык, тем больше вероятность нанесения урона.","","","","","","","","16712190","1","","","","","","","","","","","","","","","","","16712172","0"
"176","6","0","Thrown","투척 무기류","Armes de jet","Wurfwaffen","投掷武器","","Armas arrojadizas","Armas arrojadizas","Метательное оружие","","","","","","","","16712190","Higher weapon skill increases your chance to hit.","무기 숙련이 올라갈수록 적중률이 높아집니다.","Une compétence d’arme plus élévée augmente vos chances de toucher.","Eine erhöhte Waffenfertigkeit ","武器技能越高，用该武器击中敌人的几率就越高。","","Cuanto mayor sea tu nivel de habilidad con las armas, mayor será la probabilidad de acertar al dar un golpe.","Cuanto mayor sea tu nivel de habilidad con las armas, mayor será la probabilidad de acertar al dar un golpe.","Чем лучше развит этот навык, тем больше вероятность нанесения урона.","","","","","","","","16712190","1","","","","","","","","","","","","","","","","","16712172","0"
"182","11","0","Herbalism","약초채집","Herboristerie","Kräuterkunde","草药学","","Herboristería","Herboristería","Травничество","","","","","","","","16712190","Higher herbalism skill allows you to harvest more difficult herbs around the world.  If you cannot harvest a specific herb, then increase your skill by harvesting easier to gather herbs in lower level areas.","약초채집 숙련도가 올라갈수록 좀더 희귀한 약초를 채집할 수 있습니다. 특정한 약초을 채집할 수 없다면 그 전 단계의 쉬운 약초를 채집하여 숙련도를 올리십시오.","Une compétence plus élevée en Herboristerie vous permet de récolter des herbes plus difficiles. Si vous ne pouvez pas récolter une herbe donnée, augmentez votre score en récoltant des herbes plus accessibles dans des zones de niveau inférieur.","Eine hohe Kräuterkundefertigke","高级的草药学技能使你可以采集高级的草药。如果你不能采集某种草","","Con un nivel alto de habilidad en herboristería podrás recolectar hierbas difíciles de encontrar por el mundo. Si no puedes conseguir una hierba en particular, aumenta tu habilidad recolectando hierbas más fáciles de conseguir en áreas de nivel inferior.","Con un nivel alto de habilidad en herboristería podrás recolectar hierbas difíciles de encontrar por el mundo. Si no puedes conseguir una hierba en particular, aumenta tu habilidad recolectando hierbas más fáciles de conseguir en áreas de nivel inferior.","Чем лучше развит этот навык, тем больше различных видов растений вы можете собирать. Если вам не удается собрать какое-либо растение, потренируйтесь на простых травах, растущих в областях более низкого уровня.","","","","","","","","16712190","345","","","","","","","","","","","","","","","","","16712172","0"
"183","12","0","GENERIC (DND)","일반 (DND)","GENERIQUE (DND)","ALLGEMEIN (DND)","GENERIC (DND)","","COMÚN (DND)","COMÚN (DND)","GENERIC (DND)","","","","","","","","16712190","","","","","","","","","","","","","","","","","16712188","1","","","","","","","","","","","","","","","","","16712172","0"
"184","7","0","Retribution","징벌","Vindicte","Vergeltung","惩戒","","Reprensión","Reprensión","Воздаяние","","","","","","","","16712190","","","","","","","","","","","","","","","","","16712188","555","","","","","","","","","","","","","","","","","16712172","0"
"185","9","0","Cooking","요리","Cuisine","Kochkunst","烹饪","","Cocina","Cocina","Кулинария","","","","","","","","16712190","Higher cooking skill allows you to learn higher level cooking recipes.  Recipes can be found on trainers around the world as well as from quests and as drops from monsters.","요리 숙련도가 올라갈수록 고레벨의 요리 조리법을 배울 수 있습니다. 조리법은 전문 요리사나 퀘스트를 통해 배우거나 몬스터에게서 얻을 수 있습니다.","Un plus haut score dans la compétence cuisine vous permet d’apprendre des recettes plus difficiles. Les recettes de cuisine se trouvent dans le monde entier auprès de maîtres aussi bien qu’en récompense de quêtes ou qu’en butin de monstres.","Eine hohe Kochfertigkeit ermög","高级的烹饪技能使你可以学习高级的菜谱。你可以在训练师那里学习","","Con un nivel alto de habilidad en cocina, aprenderás recetas de nivel superior. Visita a los instructores dispersos por el mundo, completa misiones y derrota a los monstruos para conseguirlas.","Con un nivel alto de habilidad en cocina, aprenderás recetas de nivel superior. Visita a los instructores dispersos por el mundo, completa misiones y derrota a los monstruos para conseguirlas.","Чем лучше развит этот навык, тем более сложные кулинарные рецепты вы можете использовать. Рецепты можно найти у учителей, а также получить в качестве добычи или награды.","","","","","","","","16712190","1467","","","","","","","","","","","","","","","","","16712172","1"
"186","11","0","Mining","채광","Minage","Bergbau","采矿","","Minería","Minería","Горное дело","","","","","","","","16712190","Higher mining skill allows you to harvest more difficult minerals nodes around the world.  If you cannot harvest a specific mineral, then increase your skill by mining easier to mine minerals in lower level areas.","채광 숙련도가 올라갈수록 좀더 희귀한 광석을 채집할 수 있습니다. 특정한 광맥을 채광할 수 없다면 그 전 단계의 쉬운 광맥을 채광하여 숙련도를 올리십시오.","Une compétence plus élevée en minage vous permet de récolter des minerais plus difficiles. Si vous ne pouvez pas récolter un minerai donné, augmentez votre score en récoltant des minerais plus accessibles dans des zones de niveau inférieur.","Eine hohe Bergbaufertigkeit er","高级的采矿技能使你可以采集高级的矿石。如果你不能采集某种矿石","","Con un alto nivel de habilidad en minería, podrás obtener minerales de vetas más complejas. Si no puedes obtener un mineral específico, intenta subir tu nivel de habilidad primero en zonas más fáciles.","Con un alto nivel de habilidad en minería, podrás obtener minerales de vetas más complejas. Si no puedes obtener un mineral específico, intenta subir tu nivel de habilidad primero en zonas más fáciles.","Чем лучше развит этот навык, тем более сложные залежи вы можете разрабатывать. Если вам не удается добыть какой-либо минерал, потренируйтесь на простых месторождениях, доступных в областях более низкого уровня.","","","","","","","","16712190","2418","","","","","","","","","","","","","","","","","16712172","0"
"188","7","0","Pet - Imp","소환수 - 임프","Familier - diablotin","Tier - Wichtel","宠物 - 小鬼","","Mascota: diablillo","Mascota: diablillo","Питомец: бес","","","","","","","","16712190","","","","","","","","","","","","","","","","","16712188","1","","","","","","","","","","","","","","","","","16712172","0"
"189","7","0","Pet - Felhunter","소환수 - 지옥사냥개","Familier - chasseur corrompu","Tier - Teufelsjäger","宠物 - 地狱猎犬","","Mascota: manáfago","Mascota: manáfago","Прислужник: охотник Скверны","","","","","","","","16712190","","","","","","","","","","","","","","","","","16712188","1","","","","","","","","","","","","","","","","","16712172","0"
"197","11","0","Tailoring","재봉술","Couture","Schneiderei","裁缝","","Sastrería","Sastrería","Портняжное дело","","","","","","","","16712190","Higher tailoring skill allows you to learn higher level tailoring patterns.  Tailoring patterns can be found on trainers around the world as well as from quests and monsters.","재봉술 숙련도가 올라갈수록 고레벨의 재봉 도안을 배울 수 있습니다. 도안은 전문 재봉사나 퀘스트를 통해 배우거나 몬스터에게서 얻을 수 있습니다.","Un plus haut score dans la compétence couture vous permet d’apprendre des patrons plus difficiles. Les patrons de couture se trouvent dans le monde entier auprès de maîtres aussi bien qu’en récompense de quêtes ou qu’en butin de monstres.","Eine hohe Schneiderfertigkeit ","高级的裁缝技能使你可以学习高级的裁缝图样。你可以在训练师那里","","Con un nivel alto de habilidad en sastrería, podrás aprender patrones de nivel superior. Visita a los instructores dispersos por el mundo, completa misiones y derrota a los monstruos para conseguirlos.","Con un nivel alto de habilidad en sastrería, podrás aprender patrones de nivel superior. Visita a los instructores dispersos por el mundo, completa misiones y derrota a los monstruos para conseguirlos.","Чем лучше развит этот навык, тем более сложные выкройки для ткани вы можете использовать. Выкройки можно найти у учителей, а также получить в качестве добычи или награды.","","","","","","","","16712190","341","Embroider","자수","Broder","Besticken","刺绣","","Bordar","Bordar","Вышить","","","","","","","","16712190","1"
"202","11","0","Engineering","기계공학","Ingénierie","Ingenieurskunst","工程学","","Ingeniería","Ingeniería","Инженерное дело","","","","","","","","16712190","Higher engineering skill allows you to learn higher level engineering schematics.  Schematics can be found on trainers around the world as well as from quests and monsters.","기계공학 숙련도가 올라갈수록 고레벨의 기계공학 설계도를 배울 수 있습니다. 설계도는 전문 기술자나 퀘스트를 통해 배우거나 몬스터에게서 얻을 수 있습니다.","Un plus haut score dans la compétence ingénierie vous permet d’apprendre des schémas plus difficiles. Les schémas pour ingénieurs se trouvent dans le monde entier auprès de maîtres aussi bien qu’en récompense de quêtes ou qu’en butin de monstres.","Eine hohe Ingenieursfertigkeit","高级的工程学技能使你可以学习高级的工程学图纸。你可以在训练师","","Con un nivel alto de habilidad en ingeniería, podrás aprender esquemas de ingeniería de nivel superior. Visita a los instructores dispersos por el mundo, completa misiones y derrota a los monstruos para conseguirlos.","Con un nivel alto de habilidad en ingeniería, podrás aprender esquemas de ingeniería de nivel superior. Visita a los instructores dispersos por el mundo, completa misiones y derrota a los monstruos para conseguirlos.","Чем лучше развит этот навык, тем более сложные инженерные чертежи вы можете использовать. Чертежи можно найти у учителей, а также получить в качестве добычи или награды.","","","","","","","","16712190","333","Tinker","수선","Bricoler","Basteln","制造","","Componer","Componer","Усилить","","","","","","","","16712190","1"
"203","7","0","Pet - Spider","소환수 - 거미","Familier - araignée","Tier - Spinne","宠物 - 蜘蛛","","Mascota: araña","Mascota: araña","Питомец: паук","","","","","","","","16712190","","","","","","","","","","","","","","","","","16712188","1","","","","","","","","","","","","","","","","","16712172","0"
"204","7","0","Pet - Voidwalker","소환수 - 보이드워커","Familier - marcheur du Vide","Tier - Leerwandler","宠物 - 虚空行者","","Mascota: abisario","Mascota: abisario","Прислужник: демон Бездны","","","","","","","","16712190","","","","","","","","","","","","","","","","","16712188","1","","","","","","","","","","","","","","","","","16712172","0"
"205","7","0","Pet - Succubus","소환수 - 서큐버스","Familier - succube","Tier - Sukkubus","宠物 - 魅魔","","Mascota: súcubo","Mascota: súcubo","Прислужник: суккуб","","","","","","","","16712190","","","","","","","","","","","","","","","","","16712188","1","","","","","","","","","","","","","","","","","16712172","0"
"206","7","0","Pet - Infernal","소환수 - 지옥불정령","Familier - infernal","Tier - Höllenbestie","宠物 - 地狱火","","Mascota: infernal","Mascota: infernal","Прислужник: огненный голем","","","","","","","","16712190","","","","","","","","","","","","","","","","","16712188","1","","","","","","","","","","","","","","","","","16712172","0"
"207","7","0","Pet - Doomguard","소환수 - 파멸의 수호병","Familier - garde funeste","Tier - Verdammniswache","宠物 - 末日守卫","","Mascota: guardia apocalíptico","Mascota: guardia apocalíptico","Прислужник: Стражник Ужаса","","","","","","","","16712190","","","","","","","","","","","","","","","","","16712188","1","","","","","","","","","","","","","","","","","16712172","0"
"208","7","0","Pet - Wolf","야수 - 늑대","Familier - loup","Tier - Wolf","宠物 - 狼","","Mascota: lobo","Mascota: lobo","Питомец: волк","","","","","","","","16712190","","","","","","","","","","","","","","","","","16712188","1","","","","","","","","","","","","","","","","","16712172","0"
"209","7","0","Pet - Cat","야수 - 살쾡이","Familier - félin","Tier - Katze","宠物 - 豹","","Mascota: felino","Mascota: felino","Питомец: кошка","","","","","","","","16712190","","","","","","","","","","","","","","","","","16712188","1","","","","","","","","","","","","","","","","","16712172","0"
"210","7","0","Pet - Bear","야수 - 곰","Familier - ours","Tier - Bär","宠物 - 熊","","Mascota: oso","Mascota: oso","Питомец: медведь","","","","","","","","16712190","","","","","","","","","","","","","","","","","16712188","1","","","","","","","","","","","","","","","","","16712172","0"
"211","7","0","Pet - Boar","야수 - 멧돼지","Familier - sanglier","Tier - Eber","宠物 - 野猪","","Mascota: jabalí","Mascota: jabalí","Питомец: кабан","","","","","","","","16712190","","","","","","","","","","","","","","","","","16712188","1","","","","","","","","","","","","","","","","","16712172","0"
"212","7","0","Pet - Crocolisk","야수 - 악어","Familier - crocilisque","Tier - Krokilisk","宠物 - 鳄鱼","","Mascota: crocolisco","Mascota: crocolisco","Питомец - кроколиск","","","","","","","","16712190","","","","","","","","","","","","","","","","","16712188","1","","","","","","","","","","","","","","","","","16712172","0"
"213","7","0","Pet - Carrion Bird","야수 - 독수리","Familier - charognard","Tier - Aasvogel","宠物 - 食腐鸟","","Mascota: carroñero","Mascota: carroñero","Питомец: падальщик","","","","","","","","16712190","","","","","","","","","","","","","","","","","16712188","1","","","","","","","","","","","","","","","","","16712172","0"
"214","7","0","Pet - Crab","야수 - 게","Familier - crabe","Tier - Krebs","宠物 - 螃蟹","","Mascota: cangrejo","Mascota: cangrejo","Питомец: краб","","","","","","","","16712190","","","","","","","","","","","","","","","","","16712188","1","","","","","","","","","","","","","","","","","16712172","0"
"215","7","0","Pet - Gorilla","야수 - 고릴라","Familier - gorille","Tier - Gorilla","宠物 - 猩猩","","Mascota: gorila","Mascota: gorila","Питомец: горилла","","","","","","","","16712190","","","","","","","","","","","","","","","","","16712188","1","","","","","","","","","","","","","","","","","16712172","0"
"217","7","0","Pet - Raptor","야수 - 랩터","Familier - raptor","Tier - Raptor","宠物 - 迅猛龙","","Mascota: raptor","Mascota: raptor","Питомец: ящер","","","","","","","","16712190","","","","","","","","","","","","","","","","","16712188","1","","","","","","","","","","","","","","","","","16712172","0"
"218","7","0","Pet - Tallstrider","야수 - 타조","Familier - haut-trotteur","Tier - Weitschreiter","宠物 - 陆行鸟","","Mascota: zancudo","Mascota: zancudo","Питомец: долгоног","","","","","","","","16712190","","","","","","","","","","","","","","","","","16712188","1","","","","","","","","","","","","","","","","","16712172","0"
"220","9","0","Racial - Undead","언데드 종족 특성","Racial - mort-vivant","Volk - Untote","亡灵种族特长","","Racial: no-muerto","Racial: no-muerto","Расовый навык нежити","","","","","","","","16712190","","","","","","","","","","","","","","","","","16712188","1","","","","","","","","","","","","","","","","","16712172","0"
"226","6","0","Crossbows","석궁류","Arbalètes","Armbrüste","弩","","Ballestas","Ballestas","Арбалеты","","","","","","","","16712190","Higher weapon skill increases your chance to hit.","무기 숙련이 올라갈수록 적중률이 높아집니다.","Une compétence d’arme plus élévée augmente vos chances de toucher.","Eine erhöhte Waffenfertigkeit ","武器技能越高，用该武器击中敌人的几率就越高。","","Cuanto mayor sea tu nivel de habilidad con las armas, mayor será la probabilidad de acertar al dar un golpe.","Cuanto mayor sea tu nivel de habilidad con las armas, mayor será la probabilidad de acertar al dar un golpe.","Чем лучше развит этот навык, тем больше вероятность нанесения урона.","","","","","","","","16712190","1","","","","","","","","","","","","","","","","","16712172","0"
"228","6","0","Wands","마법봉류","Baguettes","Zauberstäbe","魔杖","","Varitas","Varitas","Жезлы","","","","","","","","16712190","Higher weapon skill increases your chance to hit.","무기 숙련이 올라갈수록 적중률이 높아집니다.","Une compétence d’arme plus élévée augmente vos chances de toucher.","Eine erhöhte Waffenfertigkeit ","武器技能越高，用该武器击中敌人的几率就越高。","","Cuanto mayor sea tu nivel de habilidad con las armas, mayor será la probabilidad de acertar al dar un golpe.","Cuanto mayor sea tu nivel de habilidad con las armas, mayor será la probabilidad de acertar al dar un golpe.","Чем лучше развит этот навык, тем больше вероятность нанесения урона.","","","","","","","","16712190","1","","","","","","","","","","","","","","","","","16712172","0"
"229","6","0","Polearms","장창류","Armes d'hast","Stangenwaffen","长柄武器","","Armas de asta","Armas de asta","Древковое оружие","","","","","","","","16712190","Higher weapon skill increases your chance to hit.","무기 숙련이 올라갈수록 적중률이 높아집니다.","Une compétence d’arme plus élévée augmente vos chances de toucher.","Eine erhöhte Waffenfertigkeit ","武器技能越高，用该武器击中敌人的几率就越高。","","Cuanto mayor sea tu nivel de habilidad con las armas, mayor será la probabilidad de acertar al dar un golpe.","Cuanto mayor sea tu nivel de habilidad con las armas, mayor será la probabilidad de acertar al dar un golpe.","Чем лучше развит этот навык, тем больше вероятность нанесения урона.","","","","","","","","16712190","1","","","","","","","","","","","","","","","","","16712172","0"
"236","7","0","Pet - Scorpid","야수 - 전갈","Familier - scorpide","Tier - Skorpid","宠物 - 蝎子","","Mascota: escórpido","Mascota: escórpido","Питомец: скорпид","","","","","","","","16712190","","","","","","","","","","","","","","","","","16712188","1","","","","","","","","","","","","","","","","","16712172","0"
"237","7","0","Arcane","비전","Arcanes","Arkan","奥术","","Arcano","Arcano","Тайная магия","","","","","","","","16712190","","","","","","","","","","","","","","","","","16712188","125","","","","","","","","","","","","","","","","","16712172","0"
"251","7","0","Pet - Turtle","야수 - 거북","Familier - tortue","Tier - Schildkröte","宠物 - 海龟","","Mascota: tortuga","Mascota: tortuga","Питомец: черепаха","","","","","","","","16712190","","","","","","","","","","","","","","","","","16712188","1","","","","","","","","","","","","","","","","","16712172","0"
"253","7","0","Assassination","암살","Assassinat","Meucheln","刺杀","","Asesinato","Asesinato","Ликвидация","","","","","","","","16712190","","","","","","","","","","","","","","","","","16712188","514","","","","","","","","","","","","","","","","","16712172","0"
"256","7","0","Fury","분노","Fureur","Furor","狂怒","","Furia","Furia","Неистовство","","","","","","","","16712190","","","","","","","","","","","","","","","","","16712188","561","","","","","","","","","","","","","","","","","16712172","0"
"257","7","0","Protection","방어","Protection","Schutz","防护","","Protección","Protección","Защита","","","","","","","","16712190","","","","","","","","","","","","","","","","","16712188","276","","","","","","","","","","","","","","","","","16712172","0"
"267","7","0","Protection","보호","Protection","Schutz","防护","","Protección","Protección","Защита","","","","","","","","16712190","","","","","","","","","","","","","","","","","16712188","291","","","","","","","","","","","","","","","","","16712172","0"
"270","7","0","Pet - Generic Hunter","야수 - 사냥꾼 일반","Familier - générique chasseur","Tier - Jäger allgemein","宠物 - 猎人宠物","","Mascota: cazador genérico","Mascota: cazador genérico","Питомец: любой","","","","","","","","16712190","","","","","","","","","","","","","","","","","16712188","1","","","","","","","","","","","","","","","","","16712172","0"
"293","8","0","Plate Mail","판금 갑옷","Armure en plaques","Plattenpanzer","板甲","","Malla de placas","Malla de placas","Латы","","","","","","","","16712190","Allows the wearing of plate armor.","판금 방어구를 입을 수 있습니다.","Permet de porter des armures de plaques.","Erlaubt das Tragen von Platten","使你可以穿板甲。","","Permite vestir armaduras de placas.","Permite vestir armaduras de placas.","Возможность носить латы.","","","","","","","","16712190","1","","","","","","","","","","","","","","","","","16712172","0"
"313","10","0","Language: Gnomish","언어: 노움어","Langue : gnome","Sprache: Gnomisch","语言：侏儒语","","Idioma: gnomótico","Idioma: gnomótico","Язык: гномский","","","","","","","","16712190","","","","","","","","","","","","","","","","","16712188","1","","","","","","","","","","","","","","","","","16712172","0"
"315","10","0","Language: Troll","언어: 트롤어","Langue : troll","Sprache: Trollisch","语言：巨魔语","","Idioma: trol","Idioma: trol","Язык: наречие троллей","","","","","","","","16712190","","","","","","","","","","","","","","","","","16712188","1","","","","","","","","","","","","","","","","","16712172","0"
"333","11","0","Enchanting","마법부여","Enchantement","Verzauberkunst","附魔","","Encantamiento","Encantamiento","Наложение чар","","","","","","","","16712190","Higher enchanting skill allows you to learn more powerful formulae.  Formulae can be found on trainers around the world as well as from quests and monsters.","마법부여 숙련도가 올라갈수록 더 강력한 주문식을 배울 수 있습니다. 주문식은 전문 마법부여사나 퀘스트를 통해 배우거나 몬스터에게서 얻을 수 있습니다.","Une compétence plus élevée en enchantement vous permet d'apprendre des formules plus puissantes. Ces formules peuvent être trouvées auprès de maîtres un peu partout dans le monde, sur des monstres ou en récompense de quêtes.","Eine hohe Verzauberungsfertigk","高级的附魔技能使你可以学习高级的附魔公式。你可以在训练师那里","","Con un alto nivel de habilidad en encantamiento, podrás aprender formulas mucho más poderosas. Visita a los instructores dispersos por el mundo, completa misiones y derrota a los monstruos para conseguirlas.","Con un alto nivel de habilidad en encantamiento, podrás aprender formulas mucho más poderosas. Visita a los instructores dispersos por el mundo, completa misiones y derrota a los monstruos para conseguirlas.","Чем лучше развит этот навык, тем более сложные формулы вы можете использовать. Формулы можно найти у учителей, а также получить в качестве добычи или награды.","","","","","","","","16712190","578","Enchant","마법부여","Enchanter","Verzaubern","附魔","","Encantar","Encantar","Зачаровать","","","","","","","","16712190","1"
"354","7","0","Demonology","악마","Démonologie","Dämonologie","恶魔学识","","Demonología","Demonología","Демонология","","","","","","","","16712190","","","","","","","","","","","","","","","","","16712188","90","","","","","","","","","","","","","","","","","16712172","0"
"355","7","0","Affliction","고통","Affliction","Gebrechen","痛苦","","Aflicción","Aflicción","Колдовство","","","","","","","","16712190","","","","","","","","","","","","","","","","","16712188","88","","","","","","","","","","","","","","","","","16712172","0"
"356","9","0","Fishing","낚시","Pêche","Angeln","钓鱼","","Pesca","Pesca","Рыбная ловля","","","","","","","","16712190","Higher fishing skill increases your chance of catching fish in bodies of water around the world.  If you are having trouble catching fish in a given area, move to a lower level area or purchase a fishing lure and try again.","낚시 숙련도가 올라갈수록 물고기를 낚을 확률이 증가합니다. 만약 해당 지역에서 물고기를 낚을 수 없다면 좀 더 낮은 레벨의 장소로 이동하거나 미끼를 사용해 보십시오.","Un plus haut score dans la compétence pêche augmente vos chances d'attraper des poissons dans le monde. Si vous n'arrivez pas à pêcher dans une zone spécifique, allez dans des zones de plus bas niveau ou utilisez des appâts.","Eine hohe Angelfertigkeit stei","高级的钓鱼技能使你可以钓到高级的鱼。如果你在某个区域钓不到鱼","","Con un nivel alto de habilidad en pesca aumentará la probabilidad de que pesques algo en las aguas del mundo. Si te cuesta mucho pescar, ve a pescar a otra área de nivel inferior o compra un cebo.","Con un nivel alto de habilidad en pesca aumentará la probabilidad de que pesques algo en las aguas del mundo. Si te cuesta mucho pescar, ve a pescar a otra área de nivel inferior o compra un cebo.","Чем лучше развит этот навык, тем больше вероятность поимки рыбы в любом из водоемов. Если вам не везет на рыбалке, перейдите в область более низкого уровня или купите приманку.","","","","","","","","16712190","580","","","","","","","","","","","","","","","","","16712172","0"
"373","7","0","Enhancement","고양","Amélioration","Verstärkung","增强","","Mejora","Mejora","Совершенствование","","","","","","","","16712190","","","","","","","","","","","","","","","","","16712188","19","","","","","","","","","","","","","","","","","16712172","0"
"374","7","0","Restoration","복원","Restauration","Wiederherstellung","恢复","","Restauración","Restauración","Исцеление","","","","","","","","16712190","","","","","","","","","","","","","","","","","16712188","13","","","","","","","","","","","","","","","","","16712172","0"
"375","7","0","Elemental Combat","정기","Combat élémentaire","Elementarkampf","元素战斗","","Combate elemental","Combate elemental","Стихии","","","","","","","","16712190","","","","","","","","","","","","","","","","","16712188","62","","","","","","","","","","","","","","","","","16712172","0"
"393","11","0","Skinning","무두질","Dépeçage","Kürschnerei","剥皮","","Desollar","Desollar","Снятие шкур","","","","","","","","16712190","Higher skinning skill allows you to skin hides from higher level monsters around the world.    Once your skill is above 100, you can divide your skill by 5 to determine the highest level of monster you can skin.","무두질 숙련도가 올라갈수록 고레벨의 몬스터의 가죽을 채집할 수 있습니다. 숙련도가 100 이상이 되면 숙련도를 5로 나눈 숫자가 가죽 채집이 가능한 몬스터의 최고 레벨입니다.","Une compétence en dépeçage plus élevée vous permet de récolter les peaux de monstres plus puissants. Une fois que votre compétence dépasse 100, vous pouvez la diviser par 5 pour connaître le niveau maximum des monstres que vous pouvez dépecer.","Eine hohe Kürschnerfertigkeit ","高级的剥皮技能使你可以从高级怪物身上剥取毛皮。如果你的剥皮技","","Con un nivel alto de habilidad en desollar podrás despellejar monstruos de nivel superior. Cuando tu habilidad sea superior a 100, podrás dividirla entre 5 para determinar hasta qué nivel puedes despellejar.","Con un nivel alto de habilidad en desollar podrás despellejar monstruos de nivel superior. Cuando tu habilidad sea superior a 100, podrás dividirla entre 5 para determinar hasta qué nivel puedes despellejar.","Чем лучше развит этот навык, тем выше уровень монстров, с которых вы можете снимать шкуры. Если значение навыка больше 100, разделите его на 5 – и вы узнаете максимальный уровень монстра, снять шкуру которого вам по силам.","","","","","","","","16712190","1","","","","","","","","","","","","","","","","","16712172","0"
"413","8","0","Mail","사슬","Mailles","Schwere Rüstung","锁甲","","Malla","Malla","Кольчужные доспехи","","","","","","","","16712190","Allows the wearing of mail armor.","사슬 방어구를 입을 수 있습니다.","Permet de porter des armures de mailles.","Erlaubt das Tragen von schwere","使你可以穿锁甲。","","Permite vestir armaduras de malla.","Permite vestir armaduras de malla.","Возможность носить кольчугу.","","","","","","","","16712190","1","","","","","","","","","","","","","","","","","16712172","0"
"414","8","0","Leather","가죽","Cuir","Leder","皮甲","","Cuero","Cuero","Кожаные доспехи","","","","","","","","16712190","Allows the wearing of leather armor.","가죽 방어구를 입을 수 있습니다.","Permet de porter des armures en cuir.","Erlaubt das Tragen von Lederrü","使你可以穿皮甲。","","Permite vestir armaduras de cuero.","Permite vestir armaduras de cuero.","Возможность носить кожаные доспехи.","","","","","","","","16712190","1","","","","","","","","","","","","","","","","","16712172","0"
"415","8","0","Cloth","천","Tissu","Stoff","布甲","","Tela","Tela","Тканевые доспехи","","","","","","","","16712190","Allows the wearing of cloth armor.","천 방어구를 입을 수 있습니다.","Permet de porter des armures en tissu.","Erlaubt das Tragen von Stoffrü","使你可以穿布甲。","","Permite vestir armaduras de tela.","Permite vestir armaduras de tela.","Возможность носить тканевые доспехи.","","","","","","","","16712190","1","","","","","","","","","","","","","","","","","16712172","0"
"433","8","0","Shield","방패","Bouclier","Schild","盾牌","","Escudo","Escudo","Щит","","","","","","","","16712190","Allows the use of shields.","방패를 사용할 수 있습니다.","Permet d’utiliser des boucliers.","Erlaubt Euch die Benutzung von","学会使用盾牌。","","Permite el uso de escudos.","Permite el uso de escudos.","Возможность носить щит.","","","","","","","","16712190","1","","","","","","","","","","","","","","","","","16712172","0"
"473","6","0","Fist Weapons","장착 무기류","Armes de pugilat","Faustwaffen","拳套","","Armas de puño","Armas de puño","Кистевое оружие","","","","","","","","16712190","Allows for the use of fist weapons.  Chance to hit is determined by the Unarmed skill.","장착 무기를 사용할 수 있습니다. 맨손 전투 숙련도가 올라갈수록 적중률이 높아집니다.","Permet l'utilisation des armes de pugilat. Les chances de toucher sont déterminées par la compétence Mains nues.","Ermöglicht Euch die Verwendung","学会使用拳套作战。击中敌人的几率取决于徒手战斗能力的熟练程度","","Permite el uso de armas de puño. La probabilidad de acertar al dar un golpe viene determinada por tu habilidad sin armas.","Permite el uso de armas de puño. La probabilidad de acertar al dar un golpe viene determinada por tu habilidad sin armas.","Возможность применять кастеты, когти и другое кистевое оружие. Шанс нанести урон зависит от навыка """"Рукопашный бой"""".","","","","","","","","16712190","1","","","","","","","","","","","","","","","","","16712172","0"
"533","9","0","Raptor Riding","랩터 타기","Monte de raptor","Raptorreiten","骑术：迅猛龙","","Montar raptor","Montar raptor","Езда на рапторах","","","","","","","","16712190","","","","","","","","","","","","","","","","","16712188","1","","","","","","","","","","","","","","","","","16712172","0"
"553","9","0","Mechanostrider Piloting","기계타조 조종","Pilotage de mécanotrotteur","Roboschreiterlenken","骑术：机械陆行鸟","","Montar mecazancudos","Montar mecazancudos","Вождение механострауса","","","","","","","","16712190","","","","","","","","","","","","","","","","","16712188","1","","","","","","","","","","","","","","","","","16712172","0"
"554","9","0","Undead Horsemanship","언데드 승마술","Monte de cheval squelette","Untoten-Reitkunst","骑术：骸骨战马","","Equitación para no-muertos","Equitación para no-muertos","Верховая езда нежити","","","","","","","","16712190","","","","","","","","","","","","","","","","","16712188","1","","","","","","","","","","","","","","","","","16712172","0"
"573","7","0","Restoration","회복","Restauration","Wiederherstellung","恢复","","Restauración","Restauración","Исцеление","","","","","","","","16712190","","","","","","","","","","","","","","","","","16712188","962","","","","","","","","","","","","","","","","","16712172","0"
"574","7","0","Balance","조화","Equilibre","Gleichgewicht","平衡","","Equilibrio","Equilibrio","Баланс","","","","","","","","16712190","","","","","","","","","","","","","","","","","16712188","225","","","","","","","","","","","","","","","","","16712172","0"
"593","7","0","Destruction","파괴","Destruction","Zerstörung","毁灭","","Destrucción","Destrucción","Разрушение","","","","","","","","16712190","","","","","","","","","","","","","","","","","16712188","547","","","","","","","","","","","","","","","","","16712172","0"
"594","7","0","Holy","신성","Sacré","Heilig","神圣","","Sagrado","Sagrado","Свет","","","","","","","","16712190","","","","","","","","","","","","","","","","","16712188","70","","","","","","","","","","","","","","","","","16712172","0"
"613","7","0","Discipline","수양","Discipline","Disziplin","戒律","","Disciplina","Disciplina","Послушание","","","","","","","","16712190","","","","","","","","","","","","","","","","","16712188","685","","","","","","","","","","","","","","","","","16712172","0"
"633","7","0","Lockpicking","자물쇠 따기","Crochetage","Schlossknacken","开锁","","Ganzúa","Ganzúa","Взлом","","","","","","","","16712190","","","","","","","","","","","","","","","","","16712188","1","","","","","","","","","","","","","","","","","16712172","0"
"653","7","0","Pet - Bat","야수 - 박쥐","Familier - chauve-souris","Tier - Fledermaus","宠物 - 蝙蝠","","Mascota: murciélago","Mascota: murciélago","Питомец: летучая мышь","","","","","","","","16712190","","","","","","","","","","","","","","","","","16712188","1","","","","","","","","","","","","","","","","","16712172","0"
"654","7","0","Pet - Hyena","야수 - 하이에나","Familier - hyène","Tier - Hyäne","宠物 - 土狼","","Mascota: hiena","Mascota: hiena","Питомец: гиена","","","","","","","","16712190","","","","","","","","","","","","","","","","","16712188","1","","","","","","","","","","","","","","","","","16712172","0"
"655","7","0","Pet - Bird of Prey","야수 - 맹금","Familier - oiseau de proie","Tier - Raubvogel","宠物 - 猛禽","","Mascota: ave rapaz","Mascota: ave rapaz","Питомец - сова","","","","","","","","16712190","","","","","","","","","","","","","","","","","16712188","1","","","","","","","","","","","","","","","","","16712172","0"
"656","7","0","Pet - Wind Serpent","야수 - 천둥매","Familier - serpent des vents","Tier - Windnatter","宠物 - 风蛇","","Mascota: serpiente alada","Mascota: serpiente alada","Питомец: крылатый змей","","","","","","","","16712190","","","","","","","","","","","","","","","","","16712188","1","","","","","","","","","","","","","","","","","16712172","0"
"673","10","0","Language: Gutterspeak","언어: 언데드어","Langue : bas-parler","Sprache: Gossensprache","语言：亡灵语","","Idioma: viscerálico","Idioma: viscerálico","Язык: наречие нежити","","","","","","","","16712190","","","","","","","","","","","","","","","","","16712188","1","","","","","","","","","","","","","","","","","16712172","0"
"713","9","0","Kodo Riding","코도 타기","Monte de kodo","Kodoreiten","骑术：科多兽","","Montar kodos","Montar kodos","Езда на кодо","","","","","","","","16712190","","","","","","","","","","","","","","","","","16712188","317","","","","","","","","","","","","","","","","","16712172","0"
"733","9","0","Racial - Troll","트롤 종족 특성","Racial - troll","Volk - Trolle","种族特长 - 巨魔","","Racial: trol","Racial: trol","Расовый навык троллей","","","","","","","","16712190","","","","","","","","","","","","","","","","","16712188","0","","","","","","","","","","","","","","","","","16712172","0"
"753","9","0","Racial - Gnome","노움 종족 특성","Racial - gnome","Volk - Gnome","种族特长 - 侏儒","","Racial: gnomo","Racial: gnomo","Расовый навык гномов","","","","","","","","16712190","","","","","","","","","","","","","","","","","16712188","0","","","","","","","","","","","","","","","","","16712172","0"
"754","9","0","Racial - Human","인간 종족 특성","Racial - humain","Volk - Menschen","种族特长 - 人类","","Racial: humano","Racial: humano","Расовый: люди","","","","","","","","16712190","","","","","","","","","","","","","","","","","16712188","0","","","","","","","","","","","","","","","","","16712172","0"
"755","11","0","Jewelcrafting","보석세공","Joaillerie","Juwelenschleifen","珠宝加工","","Joyería","Joyería","Ювелирное дело","","","","","","","","16712190","Higher jewelcrafting skill allows you to learn higher level jewelcrafting plans.  Jewelcrafting plans can be found on trainers around the world as well as from quests and monsters.","보석세공 숙련도가 올라갈수록 고급 세공술을 배울 수 있습니다. 보석세공은 전문 보석세공인이나 퀘스트로 배울 수 있습니다.","Une compétence plus élevée en joaillerie vous permet d'apprendre des dessins de joaillier plus difficiles. Ces dessins peuvent être trouvés auprès de maîtres un peu partout dans le monde, sur des monstres ou en récompense de quêtes.","Eine hohe Juwelenschleiferfert","高级的珠宝加工技能使你可以学习高级的珠宝加工图鉴。你可以在训","","Con un nivel alto de habilidad en joyería, aprenderás diseños de nivel superior. Visita a los instructores dispersos por el mundo, completa misiones y derrota a los monstruos para conseguirlos.","Con un nivel alto de habilidad en joyería, aprenderás diseños de nivel superior. Visita a los instructores dispersos por el mundo, completa misiones y derrota a los monstruos para conseguirlos.","Чем лучше развит этот навык, тем более сложные эскизы вы можете использовать. Эскизы можно найти у учителей, а также получить в качестве добычи или награды.","","","","","","","","16712190","1768","Modify","연마","Modifier","Umgestalten","修改","","Transformar","Transformar","Изменить","","","","","","","","16712190","1"
"756","9","0","Blood Elf Racial","블러드 엘프 종족 특성","Raciale elfe de sang","Blutelfenvolk","血精灵种族特长","","Racial elfo de sangre","Racial elfo de sangre","Расовый навык эльфов крови","","","","","","","","16712190","","","","","","","","","","","","","","","","","16712172","0","","","","","","","","","","","","","","","","","16712172","0"
"758","-1","0","Pet - Event - Remote Control","이벤트 - 원격조종","Familier - Evénement - Télécommande","Tier  - Ereignis Ferngesteuert","Pet - Event - Remote Control","","Mascota - Evento - Control remoto","Mascota - Evento - Control remoto","Питомец - управление","","","","","","","","16712190","","","","","","","","","","","","","","","","","16712172","0","","","","","","","","","","","","","","","","","16712172","0"
"759","10","0","Language: Draenei","언어: 드레나이어","Langue : draeneï","Sprache: Draenei","语言：德莱尼语","","Idioma: draenei","Idioma: draenei","Язык: дренейский","","","","","","","","16712190","","","","","","","","","","","","","","","","","16712172","0","","","","","","","","","","","","","","","","","16712172","0"
"760","9","0","Draenei Racial","드레나이 종족 특성","Raciale draeneï","Draeneivolk","德莱尼种族特长","","Racial draenei","Racial draenei","Расовый навык дренея","","","","","","","","16712190","","","","","","","","","","","","","","","","","16712172","0","","","","","","","","","","","","","","","","","16712172","0"
"761","7","0","Pet - Felguard","소환수 - 지옥수호병","Familier - gangregarde","Tier - Teufelswache","宠物 - 恶魔卫士","","Mascota: guardia vil","Mascota: guardia vil","Прислужник: страж Скверны","","","","","","","","16712190","","","","","","","","","","","","","","","","","16712172","0","","","","","","","","","","","","","","","","","16712172","0"
"762","9","0","Riding","탈것 타기","Monte","Reiten","骑术","","Equitación","Equitación","Верховая езда","","","","","","","","16712190","Higher riding skill allows you to ride faster and more exotic beasts.","탈것 타기 숙련도가 올라갈수록 더 빠르고 희귀한 야수를 탈 수 있습니다.","Un plus haut score dans la compétence monte vous permet de chevaucher plus vite et sur le dos de créatures plus exotiques.","Eine höhere Reitfertigkeit erm","高级的骑术令你可以骑乘更加快速和稀有的野兽。","","Una habilidad superior montando te permite montar bestias más rápidas y exóticas.","Una habilidad superior montando te permite montar bestias más rápidas y exóticas.","Чем лучше развит этот навык, тем выше скорость верховой езды и больше выбор ездовых животных.","","","","","","","","16712190","255","","","","","","","","","","","","","","","","","16712172","0"
"763","7","0","Pet - Dragonhawk","야수 - 용매","Familier - faucon-dragon","Tier - Drachenfalke","宠物 - 龙鹰","","Mascota: dracohalcón","Mascota: dracohalcón","Питомец: дракондор","","","","","","","","16712190","","","","","","","","","","","","","","","","","16712172","1530","","","","","","","","","","","","","","","","","16712172","0"
"764","7","0","Pet - Nether Ray","야수 - 황천의 가오리","Familier - raie du Néant","Tier - Netherrochen","宠物 - 虚空鳐","","Mascota: raya abisal","Mascota: raya abisal","Питомец: скат Пустоты","","","","","","","","16712190","","","","","","","","","","","","","","","","","16712172","1577","","","","","","","","","","","","","","","","","16712172","0"
"765","7","0","Pet - Sporebat","야수 - 포자날개","Familier - sporoptère","Tier - Sporensegler","宠物 - 孢子蝠","","Mascota: esporiélago","Mascota: esporiélago","Питомец: Спороскат","","","","","","","","16712190","","","","","","","","","","","","","","","","","16712172","2033","","","","","","","","","","","","","","","","","16712172","0"
"766","7","0","Pet - Warp Stalker","야수 - 차원의 추적자","Familier - traqueur dimensionnel","Tier - Sphärenjäger","宠物 - 迁跃跟踪者","","Mascota: acechador de distorsión","Mascota: acechador de distorsión","Питомец: астральная игуана","","","","","","","","16712190","","","","","","","","","","","","","","","","","16712172","1952","","","","","","","","","","","","","","","","","16712172","0"
"767","7","0","Pet - Ravager","야수 - 칼날발톱","Familier - ravageur","Tier - Felshetzer","宠物 - 掠食者","","Mascota: devastador","Mascota: devastador","Питомец: опустошитель","","","","","","","","16712190","","","","","","","","","","","","","","","","","16712172","1585","","","","","","","","","","","","","","","","","16712172","0"
"768","7","0","Pet - Serpent","야수 - 뱀","Familier - serpent","Tier - Schlange","宠物 - 蛇","","Mascota: serpiente","Mascota: serpiente","Питомец: змей","","","","","","","","16712190","","","","","","","","","","","","","","","","","16712172","2167","","","","","","","","","","","","","","","","","16712172","0"
"769","7","22","Internal","내부","Interne","Intern","内部","","Interno","Interno","Внутренний","","","","","","","","16712190","","","","","","","","","","","","","","","","","16712172","1775","","","","","","","","","","","","","","","","","16712172","0"
"770","7","0","Blood","혈기","Sang","Blut","鲜血","","Sangre","Sangre","Кровь","","","","","","","","16712190","","","","","","","","","","","","","","","","","16712172","2636","","","","","","","","","","","","","","","","","16712172","0"
"771","7","0","Frost","냉기","Givre","Frost","冰霜","","Escarcha","Escarcha","Лед","","","","","","","","16712190","","","","","","","","","","","","","","","","","16712172","2632","","","","","","","","","","","","","","","","","16712172","0"
"772","7","0","Unholy","부정","Impie","Unheilig","邪恶","","Profano","Profano","Нечестивость","","","","","","","","16712190","","","","","","","","","","","","","","","","","16712172","2633","","","","","","","","","","","","","","","","","16712172","0"
"773","11","0","Inscription","주문각인","Calligraphie","Inschriftenkunde","铭文","","Inscripción","Inscripción","Начертание","","","","","","","","16712190","Higher inscription skill allows you to learn more advanced inscriptions.  Inscriptions are acquired from learned scribes throughout the world.","주문각인 숙련도가 올라갈수록 고급 주문각인술을 배울 수 있습니다. 세계 각지의 숙련된 각인사들을 통해 지식을 습득할 수 있습니다.","Une compétence de calligraphie plus élevée vous permet d'apprendre des calligraphies plus difficiles. Les calligraphies s'apprennent dans le monde entier auprès de maîtres scribes.","Eine höhere Inschriftenfertigk","高级的铭文技能使你可以学习制作高级的铭文。你可以通过各种卷轴","","Con un nivel alto de habilidad en inscripción podrás aprender inscripciones más avanzadas. Las adquirirás aprendiendo pergaminos por el mundo.","Con un nivel alto de habilidad en inscripción podrás aprender inscripciones más avanzadas. Las adquirirás aprendiendo pergaminos por el mundo.","Совершенствование навыка позволяет изучать более сложные способы начертания. Учителей начертания можно найти по всему миру.","","","","","","","","16712190","3267","Inscribe","각인","Calligraphier","Beschriften","铭文","","Inscribir","Inscribir","Начертать","","","","","","","","16712190","1"
"775","7","0","Pet - Moth","야수 - 나방","Familier - phalène","Tier - Motte","宠物 - 蛾子","","Mascota: palomilla","Mascota: palomilla","Питомец - мотылек","","","","","","","","16712190","","","","","","","","","","","","","","","","","16712172","0","","","","","","","","","","","","","","","","","16712172","0"
"776","7","0","Runeforging","룬벼리기","Runeforger","Runen schmieden","符文熔铸","","Forja de runas","Forja de runas","Ковка рун","","","","","","","","16712190","","","","","","","","","","","","","","","","","16712172","2727","Engrave","새김","Graver","Prägen","铭刻","","Grabar","Grabar","Гравировать","","","","","","","","16712190","0"
"777","7","0","Mounts","탈것","Montures","Reittiere","坐骑","","Monturas","Monturas","Средства передвижения","","","","","","","","16712190","Your mounts.","탈것을 탈 수 있습니다.","Vos montures","Eure Reittiere.","你的坐骑。","","Tus monturas.","Tus monturas.","Ваши средства передвижения","","","","","","","","16712190","2224","","","","","","","","","","","","","","","","","16712172","0"
"778","7","0","Companions","소환수","Compagnons","Begleiter","小伙伴","","Compañeros","Compañeros","Спутники","","","","","","","","16712190","Your companions.","소환수를 부립니다.","Vos compagnons","Eure Begleiter.","你的小伙伴。","","Tus compañeros.","Tus compañeros.","Ваши спутники","","","","","","","","16712190","0","","","","","","","","","","","","","","","","","16712172","0"
"780","7","0","Pet - Exotic Chimaera","소환수 - 키메라 (특수)","Familier - chimère exotique","Tier - Exotische Schimäre","宠物 - 奇美拉（特殊）","","Mascota: quimera exótica","Mascota: quimera exótica","Питомец - редкая химера","","","","","","","","16712190","","","","","","","","","","","","","","","","","16712172","0","","","","","","","","","","","","","","","","","16712172","0"
"781","7","0","Pet - Exotic Devlisaur","소환수 - 데빌사우루스 (특수)","Familieur - diablosaure exotique","Tier - Exotischer Teufelssauri","宠物 - 魔暴龙（特殊）","","Mascota: demosaurio exótico","Mascota: demosaurio exótico","Питомец - редкий дьявозавр","","","","","","","","16712190","","","","","","","","","","","","","","","","","16712172","0","","","","","","","","","","","","","","","","","16712172","0"
"782","7","0","Pet - Ghoul","소환수 - 구울","Familier - goule","Begleiter - Ghul","宠物 - 食尸鬼","","Mascota: necrófago","Mascota: necrófago","Питомец - вурдалак","","","","","","","","16712190","","","","","","","","","","","","","","","","","16712172","221","","","","","","","","","","","","","","","","","16712172","0"
"783","7","0","Pet - Exotic Silithid","소환수 - 실리시드 (특수)","Familier - silithide exotique","Begleiter - Exotischer Silithi","宠物 - 异种虫（特殊）","","Mascota: silítido exótico","Mascota: silítido exótico","Питомец - редкий силитид","","","","","","","","16712190","","","","","","","","","","","","","","","","","16712172","0","","","","","","","","","","","","","","","","","16712172","0"
"784","7","0","Pet - Exotic Worm","소환수 - 벌레 (특수)","Familier - ver exotique","Begleiter - Exotischer Wurm","宠物 - 蠕虫（特殊）","","Mascota: gusano exótico","Mascota: gusano exótico","Питомец - редкий червь","","","","","","","","16712190","","","","","","","","","","","","","","","","","16712172","0","","","","","","","","","","","","","","","","","16712172","0"
"785","7","0","Pet- Wasp","소환수 - 말벌","Familier - guêpe","Begleiter - Wespe","宠物 - 巨蜂","","Mascota: avispa","Mascota: avispa","Питомец - оса","","","","","","","","16712190","","","","","","","","","","","","","","","","","16712172","0","","","","","","","","","","","","","","","","","16712172","0"
"786","7","0","Pet - Exotic Rhino","소환수 - 코뿔소 (특수)","Familier - rhinocéros exotique","Begleiter - Exotisches Rhinoze","宠物 - 犀牛（特殊）","","Mascota: rinoceronte exótico","Mascota: rinoceronte exótico","Питомец - редкий люторог","","","","","","","","16712190","","","","","","","","","","","","","","","","","16712172","0","","","","","","","","","","","","","","","","","16712172","0"
"787","7","0","Pet - Exotic Core Hound","소환수 - 심장부 사냥개 (특수)","Familier - chien du Magma exotique","Begleiter - Exotischer Kernhun","宠物 - 熔火犬（特殊）","","Mascota: can del Núcleo exótico","Mascota: can del Núcleo exótico","Питомец: экзотическая гончая Недр","","","","","","","","16712190","","","","","","","","","","","","","","","","","16712172","0","","","","","","","","","","","","","","","","","16712172","0"
"788","5","0","Pet - Exotic Spirit Beast","소환수 - 야수 정령 (특수)","Familier - esprit de bête exotique","Begleiter - Exotische Geisterb","宠物 - 灵魂兽（特殊）","","Mascota: bestia espíritu exótica","Mascota: bestia espíritu exótica","Питомец: экзотический зверек","","","","","","","","16712190","","","","","","","","","","","","","","","","","16712172","0","","","","","","","","","","","","","","","","","16712172","0"
"789","9","0","Racial - Worgen","","","","","","","","","","","","","","","","16712190","","","","","","","","","","","","","","","","","16712172","132203","","","","","","","","","","","","","","","","","16712172","0"
"790","9","0","Racial - Goblin","","","","","","","","","","","","","","","","16712190","","","","","","","","","","","","","","","","","16712172","133032","","","","","","","","","","","","","","","","","16712172","0"
"791","9","0","Racial - High Elf","","","","","","","","","","","","","","","","16712190","","","","","","","","","","","","","","","","","16712172","133032","","","","","","","","","","","","","","","","","16712172","0"
"792","9","0","Racial - Mag'har Orc","","","","","","","","","","","","","","","","16712190","","","","","","","","","","","","","","","","","16712172","133032","","","","","","","","","","","","","","","","","16712172","0"
"793","9","0","Racial - Worgen","","","","","","","","","","","","","","","","16712190","","","","","","","","","","","","","","","","","16712172","132203","","","","","","","","","","","","","","","","","16712172","0"
